사고번호,사고일시,요일,시군구,사고내용,사망자수,중상자수,경상자수,부상신고자수,사고유형,법규위반,노면상태,기상상태,도로형태,가해운전자 차종,가해운전자 성별,가해운전자 연령,가해운전자 상해정도,피해운전자 차종,피해운전자 성별,피해운전자 연령,피해운전자 상해정도
2015011200100121,2015년 1월 12일 09시,월요일,강원도 강릉시 교동,경상사고,0,0,1,0,차대차 - 측면직각충돌,안전운전불이행,건조,맑음,단일로 - 기타,승용,남,70세,상해없음,승용,여,59세,경상
2015011200100122,2015년 1월 12일 09시,월요일,강원도 원주시 명륜동,경상사고,0,0,1,0,차대차 - 기타,안전운전불이행,건조,맑음,교차로 - 교차로안,승용,남,40세,기타불명,승용,남,57세,경상
2015011200100146,2015년 1월 12일 10시,월요일,강원도 춘천시 약사동,경상사고,0,0,3,0,차대차 - 측면직각충돌,교차로운행방법위반,건조,맑음,교차로 - 교차로안,승용,남,52세,경상,승용,남,57세,경상
2015011200100174,2015년 1월 12일 11시,월요일,강원도 원주시 단계동,경상사고,0,0,1,0,차대차 - 기타,안전운전불이행,건조,맑음,교차로 - 교차로부근,승용,여,29세,상해없음,승용,남,24세,경상
2015011200100175,2015년 1월 12일 11시,월요일,강원도 횡성군 횡성읍,경상사고,0,0,3,0,차대차 - 정면충돌,중앙선침범,건조,맑음,교차로 - 교차로부근,승용,남,54세,상해없음,승용,남,59세,경상
2015011200100196,2015년 1월 12일 12시,월요일,강원도 원주시 지정면,경상사고,0,0,1,0,차대차 - 측면직각충돌,교차로운행방법위반,건조,맑음,교차로 - 교차로안,승용,여,43세,상해없음,승용,남,53세,경상
2015011200100197,2015년 1월 12일 12시,월요일,강원도 원주시 우산동,경상사고,0,0,2,0,차대차 - 측면직각충돌,직진우회전진행방해,건조,맑음,교차로 - 교차로안,승용,남,24세,상해없음,승용,남,62세,경상
2015011200100227,2015년 1월 12일 13시,월요일,강원도 춘천시 퇴계동,경상사고,0,0,2,0,차대차 - 측면직각충돌,안전운전불이행,건조,맑음,단일로 - 기타,승용,남,48세,경상,승용,여,43세,경상
2015011200100228,2015년 1월 12일 13시,월요일,강원도 원주시 무실동,경상사고,0,0,2,0,차대차 - 기타,안전운전불이행,건조,맑음,교차로 - 교차로부근,승용,남,44세,기타불명,화물,남,43세,경상
2015011200100255,2015년 1월 12일 14시,월요일,강원도 강릉시 옥계면,중상사고,0,3,0,0,차대차 - 정면충돌,중앙선침범,결빙,맑음,단일로 - 기타,승용,남,59세,상해없음,승용,남,54세,중상
2015011200100256,2015년 1월 12일 14시,월요일,강원도 양양군 양양읍,경상사고,0,0,1,0,차대차 - 측면직각충돌,교차로운행방법위반,건조,맑음,교차로 - 교차로안,승용,남,65세,상해없음,화물,남,70세,경상
2015011200100286,2015년 1월 12일 15시,월요일,강원도 춘천시 사북면,중상사고,0,4,0,0,차대차 - 측면직각충돌,중앙선침범,건조,맑음,단일로 - 기타,화물,남,21세,상해없음,승용,남,46세,중상
2015011200100287,2015년 1월 12일 15시,월요일,강원도 횡성군 횡성읍,중상사고,0,4,0,0,차대차 - 측면직각충돌,직진우회전진행방해,건조,맑음,교차로 - 교차로안,승용,남,55세,상해없음,승용,여,60세,중상
2015011200100339,2015년 1월 12일 17시,월요일,강원도 원주시 학성동,경상사고,0,0,1,0,차대사람 - 횡단중,안전운전불이행,결빙,맑음,교차로 - 교차로부근,원동기,남,54세,기타불명,보행자,여,76세,경상
2015011200100377,2015년 1월 12일 18시,월요일,강원도 원주시 문막읍,경상사고,0,0,1,0,차대차 - 추돌 - 진행중,안전운전불이행,건조,맑음,단일로 - 기타,기타불명,기타불명,기타불명,기타불명,화물,여,51세,경상
2015011200100378,2015년 1월 12일 18시,월요일,강원도 화천군 화천읍,중상사고,0,1,0,0,차대사람 - 횡단중,안전운전불이행,건조,기타,단일로 - 기타,승용,남,62세,상해없음,보행자,남,5세,중상
2015011200100448,2015년 1월 12일 20시,월요일,강원도 강릉시 주문진읍,중상사고,0,1,0,0,차대사람 - 횡단중,안전운전불이행,건조,맑음,단일로 - 기타,승용,남,66세,상해없음,보행자,여,55세,중상
2015011300100023,2015년 1월 13일 01시,화요일,강원도 속초시 교동,경상사고,0,0,2,0,차대차 - 추돌 - 진행중,안전운전불이행,건조,맑음,단일로 - 기타,승용,남,47세,상해없음,승용,여,50세,경상
2015011300100032,2015년 1월 13일 02시,화요일,강원도 원주시 원동,중상사고,0,1,0,0,차대사람 - 횡단중,안전운전불이행,건조,맑음,단일로 - 기타,승용,남,58세,상해없음,보행자,남,51세,중상
2015011300100118,2015년 1월 13일 08시,화요일,강원도 동해시 천곡동,경상사고,0,0,1,0,차대차 - 측면직각충돌,교차로운행방법위반,건조,맑음,교차로 - 교차로안,화물,남,56세,상해없음,화물,남,57세,경상
2015011300100150,2015년 1월 13일 09시,화요일,강원도 원주시 일산동,경상사고,0,0,2,0,차대차 - 측면직각충돌,교차로운행방법위반,건조,맑음,교차로 - 교차로안,화물,남,45세,상해없음,승용,여,45세,경상
2015011300100151,2015년 1월 13일 09시,화요일,강원도 원주시 지정면,경상사고,0,0,2,0,차대차 - 추돌 - 진행중,교차로운행방법위반,건조,맑음,교차로 - 교차로안,건설기계,남,39세,경상,승용,남,52세,경상
2015011300100184,2015년 1월 13일 10시,화요일,강원도 원주시 개운동,경상사고,0,0,5,0,차대차 - 기타,교차로운행방법위반,건조,맑음,교차로 - 교차로안,승용,여,35세,경상,승용,여,51세,경상
2015011300100185,2015년 1월 13일 10시,화요일,강원도 정선군 고한읍,경상사고,0,0,1,0,차대차 - 추돌 - 진행중,안전운전불이행,건조,맑음,기타 - 기타,승용,남,48세,상해없음,승용,남,62세,경상
2015011300100186,2015년 1월 13일 10시,화요일,강원도 정선군 사북읍,경상사고,0,0,1,0,차대차 - 측면직각충돌,안전운전불이행,건조,맑음,교차로 - 교차로안,승용,여,56세,상해없음,승용,여,55세,경상
2015011300100232,2015년 1월 13일 12시,화요일,강원도 강릉시 옥천동,경상사고,0,0,2,0,차대차 - 기타,안전운전불이행,건조,맑음,교차로 - 교차로부근,승용,여,66세,상해없음,승용,남,34세,경상
2015011300100233,2015년 1월 13일 12시,화요일,강원도 원주시 흥업면,경상사고,0,0,1,0,차대차 - 측면직각충돌,안전운전불이행,건조,맑음,교차로 - 교차로안,승용,남,54세,경상,승용,남,55세,상해없음
2015011300100262,2015년 1월 13일 13시,화요일,강원도 춘천시 조양동,중상사고,0,1,0,0,차대사람 - 길가장자리구역통행중,안전운전불이행,건조,맑음,단일로 - 기타,특수,남,48세,상해없음,보행자,여,20세,중상
2015011300100317,2015년 1월 13일 15시,화요일,강원도 삼척시 교동,경상사고,0,0,1,0,차대사람 - 보도통행중,보행자보호의무위반,건조,맑음,교차로 - 교차로부근,승합,여,31세,상해없음,보행자,남,26세,경상
2015011300100338,2015년 1월 13일 16시,화요일,강원도 춘천시 퇴계동,부상신고사고,0,0,0,1,차대사람 - 기타,보행자보호의무위반,건조,맑음,단일로 - 횡단보도상,승용,남,34세,상해없음,보행자,남,8세,부상신고
2015011300100362,2015년 1월 13일 17시,화요일,강원도 원주시 단계동,경상사고,0,0,2,0,차대차 - 측면직각충돌,안전운전불이행,건조,맑음,교차로 - 교차로안,승용,남,31세,상해없음,승용,남,69세,경상
2015011300100363,2015년 1월 13일 17시,화요일,강원도 원주시 단계동,경상사고,0,0,1,0,차대차 - 측면직각충돌,교차로운행방법위반,건조,맑음,교차로 - 교차로안,화물,남,55세,상해없음,승용,여,66세,경상
2015011300100421,2015년 1월 13일 19시,화요일,강원도 춘천시 신동면,중상사고,0,1,1,0,차대차 - 추돌 - 주정차중,교차로운행방법위반,건조,맑음,교차로 - 교차로안,승합,남,49세,상해없음,승용,여,37세,중상
2015011300100422,2015년 1월 13일 19시,화요일,강원도 원주시 문막읍,경상사고,0,0,1,0,차대차 - 추돌 - 진행중,안전거리미확보,건조,맑음,단일로 - 기타,승용,남,44세,상해없음,승용,여,43세,경상
2015011300100423,2015년 1월 13일 19시,화요일,강원도 속초시 조양동,경상사고,0,0,1,0,차대차 - 정면충돌,안전운전불이행,건조,맑음,단일로 - 기타,승용,남,46세,상해없음,승용,남,55세,상해없음
2015011300100450,2015년 1월 13일 20시,화요일,강원도 춘천시 동면,경상사고,0,0,2,0,차대차 - 측면직각충돌,신호위반,건조,맑음,교차로 - 교차로안,승용,남,32세,경상,승용,여,41세,경상
2015011300100488,2015년 1월 13일 21시,화요일,강원도 원주시 관설동,중상사고,0,1,0,0,차대차 - 측면직각충돌,신호위반,건조,맑음,교차로 - 교차로안,승용,여,37세,상해없음,승용,남,51세,중상
2015011300100513,2015년 1월 13일 22시,화요일,강원도 원주시 단계동,경상사고,0,0,1,0,차대차 - 기타,차로위반,건조,맑음,단일로 - 기타,승용,남,27세,기타불명,승용,남,41세,경상
2015011300100539,2015년 1월 13일 23시,화요일,강원도 정선군 정선읍,경상사고,0,0,1,0,차대사람 - 횡단중,안전운전불이행,건조,맑음,단일로 - 기타,승용,여,31세,상해없음,보행자,남,58세,경상
2015011400100010,2015년 1월 14일 00시,수요일,강원도 춘천시 석사동,경상사고,0,0,3,0,차대차 - 추돌 - 주정차중,안전운전불이행,습기,맑음,단일로 - 기타,승용,남,29세,상해없음,승용,남,53세,경상
2015011400100029,2015년 1월 14일 02시,수요일,강원도 원주시 명륜동,중상사고,0,1,1,0,차대차 - 추돌 - 주정차중,안전거리미확보,건조,맑음,단일로 - 기타,승용,남,28세,상해없음,승용,남,47세,중상
2015011400100030,2015년 1월 14일 02시,수요일,강원도 삼척시 근덕면,경상사고,0,0,1,0,차량단독 - 공작물충돌,안전운전불이행,건조,맑음,단일로 - 기타,승용,여,32세,경상,,,,
2015011400100056,2015년 1월 14일 05시,수요일,강원도 동해시 평릉동,사망사고,1,1,0,0,차량단독 - 공작물충돌,과속,건조,맑음,단일로 - 기타,승용,남,30세,중상,,,,
2015011400100070,2015년 1월 14일 06시,수요일,강원도 고성군 토성면,중상사고,0,3,0,0,차대차 - 측면직각충돌,신호위반,건조,맑음,교차로 - 교차로안,승용,남,66세,상해없음,승용,남,22세,중상
2015011400100120,2015년 1월 14일 09시,수요일,강원도 원주시 우산동,경상사고,0,0,1,0,차대차 - 측면직각충돌,안전운전불이행,건조,맑음,단일로 - 기타,승용,남,70세,상해없음,승용,남,58세,경상
2015011400100136,2015년 1월 14일 10시,수요일,강원도 원주시 단계동,경상사고,0,0,1,0,차대차 - 측면직각충돌,교차로운행방법위반,건조,맑음,교차로 - 교차로안,승합,남,44세,상해없음,승용,남,61세,경상
2015011400100137,2015년 1월 14일 10시,수요일,강원도 양양군 강현면,경상사고,0,0,1,0,차대차 - 측면직각충돌,안전운전불이행,건조,맑음,단일로 - 기타,화물,남,52세,상해없음,승용,남,36세,경상
2015011400100138,2015년 1월 14일 10시,수요일,강원도 삼척시 하장면,경상사고,0,0,1,0,차대차 - 측면직각충돌,중앙선침범,건조,맑음,단일로 - 기타,승용,남,44세,상해없음,건설기계,남,38세,경상
2015011400100167,2015년 1월 14일 11시,수요일,강원도 양양군 양양읍,중상사고,0,2,0,0,차대사람 - 길가장자리구역통행중,안전운전불이행,건조,맑음,단일로 - 기타,원동기,남,78세,상해없음,보행자,여,82세,중상
2015011400100187,2015년 1월 14일 12시,수요일,강원도 춘천시 근화동,중상사고,0,2,1,0,차대차 - 추돌 - 진행중,차로위반,건조,맑음,교차로 - 교차로부근,승용,여,52세,상해없음,승합,남,52세,상해없음
2015011400100212,2015년 1월 14일 13시,수요일,강원도 원주시 학성동,경상사고,0,0,1,0,차대차 - 측면직각충돌,안전거리미확보,건조,맑음,교차로 - 교차로안,승합,남,61세,상해없음,승용,남,49세,경상
2015011400100259,2015년 1월 14일 15시,수요일,강원도 강릉시 유천동,중상사고,0,2,0,0,차대차 - 측면직각충돌,신호위반,건조,맑음,교차로 - 교차로안,승합,남,56세,상해없음,승용,남,63세,중상
2015011400100289,2015년 1월 14일 16시,수요일,강원도 강릉시 홍제동,경상사고,0,0,1,0,차대사람 - 길가장자리구역통행중,안전운전불이행,건조,맑음,교차로 - 교차로부근,승용,남,72세,상해없음,보행자,여,63세,경상
2015011400100290,2015년 1월 14일 16시,수요일,강원도 태백시 황지동,중상사고,0,1,0,0,차대차 - 측면직각충돌,교차로운행방법위반,건조,맑음,교차로 - 교차로안,승용,남,61세,상해없음,승용,여,60세,중상
2015011400100316,2015년 1월 14일 17시,수요일,강원도 삼척시 사직동,중상사고,0,1,0,0,차대사람 - 횡단중,보행자보호의무위반,건조,맑음,단일로 - 횡단보도상,승합,남,60세,상해없음,보행자,여,77세,중상
2015011400100317,2015년 1월 14일 17시,수요일,강원도 홍천군 내촌면,사망사고,1,0,0,0,차량단독 - 전도전복,안전운전불이행,건조,맑음,단일로 - 기타,화물,남,57세,사망,,,,
2015011400100355,2015년 1월 14일 18시,수요일,강원도 춘천시 동면,중상사고,0,1,1,0,차대차 - 추돌 - 주정차중,안전거리미확보,건조,맑음,교차로 - 교차로부근,승용,남,22세,상해없음,승용,남,36세,중상
2015011400100356,2015년 1월 14일 18시,수요일,강원도 강릉시 난곡동,경상사고,0,0,2,0,차대차 - 기타,안전운전불이행,건조,맑음,단일로 - 기타,승용,남,40세,상해없음,승용,남,29세,상해없음
2015011400100357,2015년 1월 14일 18시,수요일,강원도 강릉시 죽헌동,경상사고,0,0,2,0,차대차 - 기타,안전운전불이행,건조,맑음,단일로 - 기타,승용,남,24세,상해없음,승용,여,27세,경상
2015011400100358,2015년 1월 14일 18시,수요일,강원도 동해시 천곡동,경상사고,0,0,1,0,차대차 - 측면직각충돌,안전운전불이행,건조,흐림,교차로 - 교차로안,승용,여,49세,상해없음,승용,여,64세,경상
2015011400100406,2015년 1월 14일 19시,수요일,강원도 평창군 진부면,사망사고,1,0,0,0,차대사람 - 횡단중,안전운전불이행,건조,흐림,단일로 - 기타,화물,남,56세,상해없음,보행자,여,79세,사망
2015011400100433,2015년 1월 14일 20시,수요일,강원도 춘천시 근화동,경상사고,0,0,1,0,차량단독 - 기타,기타,건조,맑음,단일로 - 기타,승합,남,46세,상해없음,,,,
2015011400100462,2015년 1월 14일 21시,수요일,강원도 원주시 봉산동,경상사고,0,0,1,0,차대차 - 추돌 - 진행중,안전거리미확보,건조,맑음,단일로 - 기타,승용,남,35세,상해없음,화물,남,57세,경상
2015011400100463,2015년 1월 14일 21시,수요일,강원도 속초시 교동,경상사고,0,0,2,0,차대차 - 추돌 - 주정차중,안전운전불이행,건조,맑음,교차로 - 교차로부근,승용,남,46세,상해없음,승용,여,51세,경상
2015011400100464,2015년 1월 14일 21시,수요일,강원도 홍천군 홍천읍,경상사고,0,0,1,0,차대사람 - 길가장자리구역통행중,보행자보호의무위반,건조,맑음,단일로 - 기타,승용,남,65세,상해없음,보행자,남,35세,경상
2015011400100519,2015년 1월 14일 23시,수요일,강원도 정선군 임계면,중상사고,0,2,0,0,차대차 - 측면직각충돌,안전운전불이행,건조,맑음,교차로 - 교차로안,화물,남,57세,상해없음,승용,남,59세,중상
2015011400100520,2015년 1월 14일 23시,수요일,강원도 고성군 죽왕면,경상사고,0,0,4,0,차대차 - 추돌 - 진행중,안전운전불이행,건조,맑음,단일로 - 기타,승용,남,24세,상해없음,승용,남,37세,상해없음
2015011500100084,2015년 1월 15일 07시,목요일,강원도 삼척시 가곡면,중상사고,0,4,0,0,차대차 - 정면충돌,중앙선침범,결빙,비,단일로 - 기타,승용,남,46세,상해없음,승용,남,50세,중상
2015011500100113,2015년 1월 15일 08시,목요일,강원도 춘천시 사북면,경상사고,0,0,1,0,차대차 - 측면직각충돌,중앙선침범,건조,맑음,단일로 - 기타,승용,남,85세,상해없음,승용,남,84세,경상
2015011500100114,2015년 1월 15일 08시,목요일,강원도 원주시 판부면,중상사고,0,1,4,0,차대차 - 측면직각충돌,안전운전불이행,건조,맑음,단일로 - 기타,승합,남,38세,상해없음,화물,남,48세,경상
2015011500100152,2015년 1월 15일 10시,목요일,강원도 원주시 단구동,경상사고,0,0,2,0,차대차 - 추돌 - 주정차중,안전운전불이행,건조,맑음,단일로 - 기타,승합,남,58세,상해없음,승용,남,28세,경상
2015011500100153,2015년 1월 15일 10시,목요일,강원도 정선군 남면,경상사고,0,0,3,0,차대차 - 측면직각충돌,중앙선침범,습기,비,단일로 - 기타,승합,여,68세,상해없음,승용,남,47세,경상
2015011500100174,2015년 1월 15일 11시,목요일,강원도 춘천시 우두동,경상사고,0,0,3,0,차대차 - 측면직각충돌,신호위반,건조,맑음,교차로 - 교차로안,승용,여,35세,상해없음,승합,여,40세,경상
2015011500100175,2015년 1월 15일 11시,목요일,강원도 원주시 단계동,경상사고,0,0,1,0,차대차 - 기타,안전운전불이행,건조,맑음,단일로 - 기타,기타불명,기타불명,기타불명,기타불명,자전거,남,73세,경상
2015011500100230,2015년 1월 15일 13시,목요일,강원도 강릉시 구정면,부상신고사고,0,0,0,1,차대사람 - 기타,안전운전불이행,건조,흐림,단일로 - 기타,승용,남,57세,상해없음,보행자,여,75세,부상신고
2015011500100231,2015년 1월 15일 13시,목요일,강원도 원주시 태장동,경상사고,0,0,1,0,차대차 - 기타,안전운전불이행,건조,맑음,단일로 - 기타,화물,남,46세,상해없음,화물,남,46세,경상
2015011500100311,2015년 1월 15일 16시,목요일,강원도 춘천시 후평동,경상사고,0,0,1,0,차대차 - 측면직각충돌,교차로운행방법위반,건조,맑음,교차로 - 교차로안,승용,남,42세,상해없음,이륜,남,70세,경상
2015011500100312,2015년 1월 15일 16시,목요일,강원도 춘천시 온의동,경상사고,0,0,1,0,차대차 - 측면직각충돌,안전거리미확보,건조,맑음,단일로 - 기타,승용,여,68세,상해없음,승용,남,48세,경상
2015011500100429,2015년 1월 15일 19시,목요일,강원도 춘천시 삼천동,경상사고,0,0,1,0,차대사람 - 길가장자리구역통행중,안전운전불이행,건조,맑음,단일로 - 기타,승용,남,18세,상해없음,보행자,남,68세,경상
2015011500100430,2015년 1월 15일 19시,목요일,강원도 원주시 단계동,경상사고,0,0,1,0,차대차 - 추돌 - 주정차중,안전거리미확보,건조,맑음,교차로 - 교차로부근,승용,남,48세,상해없음,승용,여,51세,경상
2015011500100457,2015년 1월 15일 20시,목요일,강원도 춘천시 근화동,경상사고,0,0,2,0,차대차 - 측면직각충돌,안전거리미확보,건조,맑음,교차로 - 교차로부근,이륜,남,21세,경상,승용,남,54세,경상
2015011500100517,2015년 1월 15일 22시,목요일,강원도 춘천시 동면,경상사고,0,0,2,0,차대차 - 측면직각충돌,신호위반,건조,맑음,교차로 - 교차로안,승용,남,56세,상해없음,승용,여,37세,경상
2015011500100518,2015년 1월 15일 22시,목요일,강원도 원주시 명륜동,경상사고,0,0,2,0,차대차 - 추돌 - 주정차중,안전거리미확보,건조,맑음,단일로 - 기타,승용,남,55세,상해없음,승용,남,40세,경상
2015011500100559,2015년 1월 15일 23시,목요일,강원도 춘천시 동면,중상사고,0,1,0,0,차대사람 - 길가장자리구역통행중,안전운전불이행,건조,맑음,단일로 - 기타,승용,남,40세,상해없음,보행자,남,44세,중상
2015011500100560,2015년 1월 15일 23시,목요일,강원도 춘천시 사북면,경상사고,0,0,3,0,차대차 - 추돌 - 진행중,안전거리미확보,건조,맑음,단일로 - 기타,승용,여,49세,상해없음,승용,남,52세,경상
2015011500100561,2015년 1월 15일 23시,목요일,강원도 동해시 천곡동,경상사고,0,0,1,0,차대차 - 측면직각충돌,신호위반,건조,맑음,교차로 - 교차로부근,승용,남,67세,상해없음,승용,남,60세,경상
2015011500100562,2015년 1월 15일 23시,목요일,강원도 동해시 평릉동,경상사고,0,0,4,0,차대차 - 추돌 - 진행중,안전운전불이행,건조,흐림,교차로 - 교차로부근,승용,남,54세,상해없음,승용,남,42세,경상
2015011600100013,2015년 1월 16일 00시,금요일,강원도 춘천시 석사동,경상사고,0,0,1,0,차대차 - 측면직각충돌,안전운전불이행,건조,맑음,단일로 - 기타,승용,남,55세,상해없음,이륜,남,18세,경상
2015011600100014,2015년 1월 16일 00시,금요일,강원도 강릉시 교동,경상사고,0,0,3,0,차대차 - 기타,안전운전불이행,건조,맑음,단일로 - 기타,승용,여,43세,상해없음,승용,여,51세,경상
2015011600100034,2015년 1월 16일 01시,금요일,강원도 삼척시 원덕읍,중상사고,0,1,0,0,차대차 - 추돌 - 진행중,안전운전불이행,건조,흐림,단일로 - 기타,승용,남,37세,중상,화물,남,38세,상해없음
2015011600100118,2015년 1월 16일 07시,금요일,강원도 강릉시 강동면,중상사고,0,3,0,0,차대차 - 정면충돌,중앙선침범,습기,흐림,단일로 - 기타,화물,남,57세,상해없음,화물,남,42세,중상
2015011600100143,2015년 1월 16일 08시,금요일,강원도 삼척시 등봉동,경상사고,0,0,1,0,차량단독 - 공작물충돌,안전운전불이행,건조,맑음,단일로 - 기타,승용,여,42세,경상,,,,
2015011600100192,2015년 1월 16일 10시,금요일,강원도 속초시 노학동,중상사고,0,2,6,16,차대차 - 추돌 - 진행중,안전운전불이행,건조,맑음,교차로 - 교차로부근,승합,남,53세,상해없음,승용,남,46세,경상
2015011600100193,2015년 1월 16일 10시,금요일,강원도 횡성군 우천면,중상사고,0,1,1,0,차대차 - 측면직각충돌,안전운전불이행,건조,맑음,단일로 - 기타,화물,남,41세,상해없음,화물,남,56세,경상
2015011600100194,2015년 1월 16일 10시,금요일,강원도 횡성군 공근면,중상사고,0,3,15,2,차대차 - 추돌 - 주정차중,안전운전불이행,적설,눈,기타 - 기타,승용,남,48세,상해없음,승합,남,40세,경상
2015011600100195,2015년 1월 16일 10시,금요일,강원도 횡성군 공근면,중상사고,0,3,4,0,차대차 - 추돌 - 진행중,안전운전불이행,적설,눈,기타 - 기타,승용,여,52세,중상,승용,남,33세,경상
2015011600100219,2015년 1월 16일 11시,금요일,강원도 원주시 단계동,중상사고,0,1,0,0,차대사람 - 횡단중,보행자보호의무위반,건조,맑음,교차로 - 교차로안,승용,남,58세,상해없음,보행자,여,59세,중상
2015011600100248,2015년 1월 16일 12시,금요일,강원도 춘천시 퇴계동,부상신고사고,0,0,0,1,차대차 - 측면직각충돌,교차로운행방법위반,건조,흐림,교차로 - 교차로안,화물,남,25세,상해없음,화물,남,44세,부상신고
2015011600100249,2015년 1월 16일 12시,금요일,강원도 속초시 중앙동,경상사고,0,0,1,0,차대차 - 측면직각충돌,안전운전불이행,건조,맑음,교차로 - 교차로안,승용,여,48세,상해없음,승용,남,23세,경상
2015011600100281,2015년 1월 16일 13시,금요일,강원도 평창군 봉평면,중상사고,0,1,1,0,차대차 - 정면충돌,중앙선침범,결빙,눈,단일로 - 기타,승용,여,39세,상해없음,화물,남,30세,중상
2015011600100358,2015년 1월 16일 16시,금요일,강원도 원주시 단구동,경상사고,0,0,1,0,차대사람 - 횡단중,안전운전불이행,습기,비,단일로 - 기타,승용,여,35세,상해없음,보행자,여,7세,경상
2015011600100359,2015년 1월 16일 16시,금요일,강원도 동해시 천곡동,중상사고,0,1,0,0,차대차 - 측면직각충돌,안전운전불이행,건조,맑음,단일로 - 기타,승용,여,54세,상해없음,승합,남,50세,상해없음
2015011600100426,2015년 1월 16일 18시,금요일,강원도 원주시 개운동,경상사고,0,0,3,0,차대차 - 측면직각충돌,안전운전불이행,건조,맑음,교차로 - 교차로부근,승용,여,47세,상해없음,승용,남,33세,경상
2015011600100477,2015년 1월 16일 19시,금요일,강원도 강릉시 노암동,경상사고,0,0,2,0,차대차 - 기타,안전운전불이행,건조,맑음,단일로 - 기타,승용,남,52세,상해없음,승용,여,33세,경상
2015011600100478,2015년 1월 16일 19시,금요일,강원도 원주시 단구동,경상사고,0,0,1,0,차대차 - 정면충돌,안전운전불이행,건조,맑음,교차로 - 교차로부근,화물,남,51세,상해없음,원동기,남,23세,경상
2015011600100479,2015년 1월 16일 19시,금요일,강원도 영월군 영월읍,경상사고,0,0,1,0,차대사람 - 횡단중,보행자보호의무위반,습기,흐림,단일로 - 횡단보도상,승용,여,51세,상해없음,보행자,남,46세,경상
2015011600100513,2015년 1월 16일 20시,금요일,강원도 삼척시 당저동,중상사고,0,1,0,0,차대사람 - 길가장자리구역통행중,안전운전불이행,건조,맑음,교차로 - 교차로안,승용,남,50세,상해없음,보행자,여,52세,중상
2015011600100544,2015년 1월 16일 21시,금요일,강원도 춘천시 석사동,중상사고,0,1,0,0,차대사람 - 횡단중,안전운전불이행,건조,맑음,교차로 - 교차로안,승용,남,58세,상해없음,보행자,남,67세,중상
2015011600100545,2015년 1월 16일 21시,금요일,강원도 원주시 일산동,중상사고,0,1,0,0,차대사람 - 횡단중,보행자보호의무위반,건조,맑음,단일로 - 기타,승용,여,27세,상해없음,보행자,여,47세,중상
2015011600100546,2015년 1월 16일 21시,금요일,강원도 원주시 단구동,경상사고,0,0,1,0,차대차 - 기타,신호위반,건조,맑음,교차로 - 교차로안,승용,남,31세,기타불명,승용,남,23세,경상
2015011600100580,2015년 1월 16일 22시,금요일,강원도 춘천시 효자동,중상사고,0,1,0,0,차대차 - 추돌 - 진행중,안전운전불이행,건조,맑음,교차로 - 교차로안,승용,남,29세,상해없음,승합,남,49세,중상
2015011700100035,2015년 1월 17일 01시,토요일,강원도 동해시 천곡동,경상사고,0,0,1,0,차대차 - 측면직각충돌,안전운전불이행,건조,맑음,단일로 - 기타,승용,남,22세,상해없음,승용,남,45세,경상
2015011700100062,2015년 1월 17일 02시,토요일,강원도 정선군 사북읍,경상사고,0,0,1,0,차대사람 - 길가장자리구역통행중,안전운전불이행,기타,눈,기타 - 기타,승용,기타불명,기타불명,기타불명,보행자,남,40세,경상
2015011700100163,2015년 1월 17일 08시,토요일,강원도 화천군 하남면,중상사고,0,1,0,0,차대차 - 측면직각충돌,중앙선침범,건조,맑음,단일로 - 기타,승용,남,34세,상해없음,승용,남,66세,중상
2015011700100220,2015년 1월 17일 10시,토요일,강원도 춘천시 석사동,경상사고,0,0,1,0,차대사람 - 횡단중,안전운전불이행,건조,맑음,교차로 - 교차로부근,승용,남,50세,상해없음,보행자,여,38세,경상
2015011700100221,2015년 1월 17일 10시,토요일,강원도 강릉시 포남동,경상사고,0,0,1,0,차대차 - 기타,안전운전불이행,건조,맑음,교차로 - 교차로부근,승용,여,35세,상해없음,승용,남,56세,경상
2015011700100252,2015년 1월 17일 11시,토요일,강원도 횡성군 횡성읍,경상사고,0,0,1,0,차대차 - 측면직각충돌,직진우회전진행방해,건조,맑음,교차로 - 교차로안,승용,남,76세,상해없음,승용,남,31세,경상
2015011700100276,2015년 1월 17일 12시,토요일,강원도 춘천시 동면,경상사고,0,0,2,0,차대차 - 측면직각충돌,안전거리미확보,건조,맑음,단일로 - 기타,화물,남,57세,상해없음,승용,남,43세,경상
2015011700100277,2015년 1월 17일 12시,토요일,강원도 강릉시 입암동,경상사고,0,0,1,0,차대사람 - 횡단중,보행자보호의무위반,건조,맑음,단일로 - 기타,승용,여,43세,상해없음,보행자,남,9세,경상
2015011700100278,2015년 1월 17일 12시,토요일,강원도 원주시 문막읍,중상사고,0,2,1,0,차대차 - 측면직각충돌,중앙선침범,건조,맑음,단일로 - 기타,승용,남,30세,상해없음,승용,남,62세,중상
2015011700100279,2015년 1월 17일 12시,토요일,강원도 동해시 천곡동,중상사고,0,1,0,0,차대차 - 추돌 - 주정차중,안전운전불이행,건조,맑음,단일로 - 기타,승용,남,57세,상해없음,승용,여,60세,중상
2015011700100303,2015년 1월 17일 13시,토요일,강원도 춘천시 온의동,경상사고,0,0,1,0,차대차 - 측면직각충돌,안전운전불이행,건조,맑음,교차로 - 교차로부근,승용,남,47세,상해없음,승용,남,38세,경상