사고번호,사고일시,요일,시군구,사고내용,사망자수,중상자수,경상자수,부상신고자수,사고유형,법규위반,노면상태,기상상태,도로형태,가해운전자 차종,가해운전자 성별,가해운전자 연령,가해운전자 상해정도,피해운전자 차종,피해운전자 성별,피해운전자 연령,피해운전자 상해정도
2015011700100304,2015년 1월 17일 13시,토요일,강원도 강릉시 주문진읍,경상사고,0,0,2,0,차대차 - 기타,안전운전불이행,건조,맑음,교차로 - 교차로안,승용,남,58세,상해없음,승용,남,31세,경상
2015011700100305,2015년 1월 17일 13시,토요일,강원도 원주시 관설동,경상사고,0,0,4,1,차대차 - 측면직각충돌,안전운전불이행,건조,맑음,단일로 - 기타,승용,남,46세,경상,승용,남,34세,경상
2015011700100306,2015년 1월 17일 13시,토요일,강원도 평창군 용평면,중상사고,0,1,1,0,차대차 - 측면직각충돌,안전거리미확보,건조,맑음,기타 - 기타,승용,여,56세,상해없음,건설기계,남,59세,중상
2015011700100373,2015년 1월 17일 15시,토요일,강원도 강릉시 주문진읍,경상사고,0,0,1,0,차대차 - 기타,안전운전불이행,건조,맑음,단일로 - 기타,원동기,남,53세,상해없음,원동기,남,35세,경상
2015011700100374,2015년 1월 17일 15시,토요일,강원도 강릉시 주문진읍,부상신고사고,0,0,0,1,차대사람 - 기타,안전운전불이행,건조,맑음,기타 - 기타,승합,남,45세,상해없음,보행자,남,3세,부상신고
2015011700100375,2015년 1월 17일 15시,토요일,강원도 속초시 교동,중상사고,0,2,0,0,차대차 - 측면직각충돌,중앙선침범,건조,맑음,교차로 - 교차로안,승용,남,50세,상해없음,승용,남,68세,중상
2015011700100406,2015년 1월 17일 16시,토요일,강원도 원주시 무실동,경상사고,0,0,1,0,차대차 - 측면직각충돌,신호위반,건조,맑음,교차로 - 교차로안,승용,여,44세,상해없음,승용,남,37세,경상
2015011700100407,2015년 1월 17일 16시,토요일,강원도 동해시 천곡동,중상사고,0,1,0,0,차대사람 - 횡단중,보행자보호의무위반,건조,맑음,단일로 - 횡단보도상,승용,남,59세,상해없음,보행자,남,72세,중상
2015011700100438,2015년 1월 17일 17시,토요일,강원도 강릉시 초당동,경상사고,0,0,1,0,차대사람 - 기타,안전운전불이행,건조,맑음,단일로 - 기타,기타불명,기타불명,기타불명,기타불명,보행자,남,18세,경상
2015011700100475,2015년 1월 17일 18시,토요일,강원도 동해시 천곡동,경상사고,0,0,1,0,차대사람 - 횡단중,안전운전불이행,건조,흐림,단일로 - 기타,승용,남,52세,상해없음,보행자,여,59세,경상
2015011700100476,2015년 1월 17일 18시,토요일,강원도 동해시 천곡동,중상사고,0,1,5,0,차대차 - 추돌 - 주정차중,안전운전불이행,건조,맑음,교차로 - 교차로부근,승용,남,61세,상해없음,승용,남,50세,중상
2015011700100511,2015년 1월 17일 19시,토요일,강원도 속초시 교동,중상사고,0,1,0,0,차대차 - 측면직각충돌,교차로운행방법위반,건조,맑음,교차로 - 교차로안,승용,남,46세,상해없음,이륜,남,44세,중상
2015011700100512,2015년 1월 17일 19시,토요일,강원도 속초시 청호동,경상사고,0,0,1,0,차대사람 - 기타,안전운전불이행,건조,맑음,단일로 - 기타,승용,남,24세,상해없음,보행자,남,34세,경상
2015011700100545,2015년 1월 17일 20시,토요일,강원도 원주시 단계동,중상사고,0,1,0,0,차량단독 - 기타,안전운전불이행,건조,맑음,단일로 - 기타,승합,남,43세,상해없음,,,,
2015011700100546,2015년 1월 17일 20시,토요일,강원도 영월군 영월읍,중상사고,0,1,0,0,차대사람 - 횡단중,안전운전불이행,건조,맑음,단일로 - 기타,승용,남,59세,상해없음,보행자,남,58세,중상
2015011700100567,2015년 1월 17일 21시,토요일,강원도 강릉시 주문진읍,중상사고,0,1,0,0,차대사람 - 기타,안전운전불이행,건조,맑음,단일로 - 기타,기타불명,기타불명,기타불명,기타불명,보행자,남,58세,중상
2015011700100594,2015년 1월 17일 22시,토요일,강원도 원주시 우산동,경상사고,0,0,2,0,차대차 - 기타,안전거리미확보,건조,맑음,교차로 - 교차로안,승용,남,45세,상해없음,승용,남,28세,경상
2015011800100042,2015년 1월 18일 02시,일요일,강원도 춘천시 동산면,중상사고,0,1,0,0,차대차 - 추돌 - 진행중,안전운전불이행,건조,맑음,기타 - 기타,승용,남,29세,상해없음,승용,남,38세,중상
2015011800100116,2015년 1월 18일 09시,일요일,강원도 화천군 화천읍,경상사고,0,0,1,0,차대사람 - 횡단중,안전운전불이행,건조,맑음,기타 - 기타,승용,여,69세,상해없음,보행자,여,13세,경상
2015011800100164,2015년 1월 18일 12시,일요일,강원도 철원군 서면,사망사고,1,0,0,0,차대차 - 추돌 - 진행중,안전운전불이행,건조,맑음,단일로 - 기타,승용,남,42세,상해없음,자전거,남,71세,사망
2015011800100204,2015년 1월 18일 14시,일요일,강원도 강릉시 교동,경상사고,0,0,1,0,차대차 - 측면직각충돌,안전운전불이행,건조,맑음,단일로 - 기타,승용,남,37세,상해없음,승용,남,41세,경상
2015011800100224,2015년 1월 18일 15시,일요일,강원도 춘천시 사북면,중상사고,0,2,2,0,차대차 - 추돌 - 진행중,중앙선침범,건조,맑음,단일로 - 기타,승용,남,45세,상해없음,승합,남,34세,경상
2015011800100252,2015년 1월 18일 16시,일요일,강원도 정선군 사북읍,경상사고,0,0,1,0,차대차 - 측면직각충돌,안전운전불이행,결빙,맑음,단일로 - 기타,승합,남,63세,상해없음,승용,남,33세,경상
2015011800100274,2015년 1월 18일 17시,일요일,강원도 원주시 문막읍,경상사고,0,0,1,0,차대차 - 측면직각충돌,안전거리미확보,건조,맑음,단일로 - 기타,승합,남,56세,상해없음,승용,여,32세,경상
2015011800100303,2015년 1월 18일 18시,일요일,강원도 동해시 나안동,경상사고,0,0,4,0,차대차 - 추돌 - 주정차중,안전거리미확보,건조,맑음,단일로 - 기타,승용,여,54세,상해없음,승용,남,63세,경상
2015011800100346,2015년 1월 18일 19시,일요일,강원도 강릉시 옥천동,경상사고,0,0,1,0,차대차 - 기타,안전운전불이행,건조,맑음,교차로 - 교차로안,승합,남,53세,상해없음,승용,여,48세,경상
2015011800100415,2015년 1월 18일 21시,일요일,강원도 원주시 관설동,경상사고,0,0,1,0,차대차 - 추돌 - 진행중,안전거리미확보,적설,눈,교차로 - 교차로부근,화물,남,53세,상해없음,승용,남,41세,경상
2015011800100416,2015년 1월 18일 21시,일요일,강원도 원주시 호저면,중상사고,0,2,2,0,차량단독 - 전도전복,안전운전불이행,적설,눈,단일로 - 기타,승용,여,41세,상해없음,,,,
2015011800100440,2015년 1월 18일 22시,일요일,강원도 춘천시 칠전동,경상사고,0,0,1,0,차대차 - 추돌 - 진행중,기타,적설,눈,교차로 - 교차로부근,승용,남,58세,상해없음,승용,남,32세,경상
2015011800100441,2015년 1월 18일 22시,일요일,강원도 원주시 흥업면,경상사고,0,0,1,0,차대차 - 추돌 - 진행중,안전운전불이행,적설,눈,단일로 - 기타,승용,남,58세,상해없음,화물,남,51세,상해없음
2015011900100018,2015년 1월 19일 01시,월요일,강원도 원주시 개운동,경상사고,0,0,2,0,차대차 - 추돌 - 주정차중,안전거리미확보,결빙,눈,교차로 - 교차로안,승용,남,44세,상해없음,승용,남,42세,경상
2015011900100115,2015년 1월 19일 08시,월요일,강원도 강릉시 교동,경상사고,0,0,1,0,차대차 - 정면충돌,중앙선침범,건조,맑음,교차로 - 교차로부근,승용,남,65세,상해없음,승용,여,56세,경상
2015011900100116,2015년 1월 19일 08시,월요일,강원도 원주시 우산동,경상사고,0,0,1,0,차대차 - 기타,안전운전불이행,건조,맑음,단일로 - 기타,화물,남,55세,상해없음,승용,남,31세,경상
2015011900100158,2015년 1월 19일 09시,월요일,강원도 강릉시 포남동,경상사고,0,0,1,0,차대차 - 측면직각충돌,안전운전불이행,건조,맑음,교차로 - 교차로안,승용,남,31세,상해없음,승용,여,48세,경상
2015011900100207,2015년 1월 19일 11시,월요일,강원도 원주시 단계동,경상사고,0,0,1,0,차대차 - 추돌 - 주정차중,안전운전불이행,건조,맑음,단일로 - 기타,승용,남,48세,상해없음,승용,남,53세,경상
2015011900100208,2015년 1월 19일 11시,월요일,강원도 속초시 중앙동,경상사고,0,0,1,0,차대차 - 측면직각충돌,신호위반,건조,맑음,교차로 - 교차로안,승용,남,37세,상해없음,승용,남,71세,경상
2015011900100231,2015년 1월 19일 12시,월요일,강원도 속초시 교동,경상사고,0,0,1,0,차대차 - 측면직각충돌,안전운전불이행,건조,맑음,단일로 - 기타,승용,여,59세,상해없음,승용,남,28세,경상
2015011900100260,2015년 1월 19일 13시,월요일,강원도 강릉시 교동,경상사고,0,0,2,0,차대차 - 측면직각충돌,신호위반,건조,맑음,교차로 - 교차로부근,승용,남,37세,상해없음,승용,남,59세,경상
2015011900100289,2015년 1월 19일 14시,월요일,강원도 강릉시 내곡동,경상사고,0,0,1,0,차대차 - 추돌 - 주정차중,안전운전불이행,건조,맑음,단일로 - 기타,승용,남,65세,상해없음,승용,남,39세,기타불명
2015011900100315,2015년 1월 19일 15시,월요일,강원도 춘천시 사북면,부상신고사고,0,0,0,1,차대사람 - 길가장자리구역통행중,안전운전불이행,습기,맑음,단일로 - 기타,화물,남,77세,상해없음,보행자,남,35세,부상신고
2015011900100316,2015년 1월 19일 15시,월요일,강원도 양양군 강현면,중상사고,0,1,4,0,차대차 - 측면직각충돌,중앙선침범,건조,맑음,단일로 - 기타,승용,여,50세,상해없음,승용,남,39세,경상
2015011900100344,2015년 1월 19일 16시,월요일,강원도 원주시 중앙동,경상사고,0,0,1,0,차대차 - 추돌 - 주정차중,안전거리미확보,건조,흐림,교차로 - 교차로안,승용,남,52세,상해없음,승용,남,26세,경상
2015011900100345,2015년 1월 19일 16시,월요일,강원도 속초시 교동,경상사고,0,0,1,0,차대차 - 추돌 - 진행중,안전운전불이행,건조,맑음,교차로 - 교차로부근,화물,남,58세,상해없음,승용,남,55세,경상
2015011900100376,2015년 1월 19일 17시,월요일,강원도 강릉시 내곡동,경상사고,0,0,1,0,차대차 - 기타,안전운전불이행,건조,맑음,교차로 - 교차로안,승용,여,62세,상해없음,이륜,남,17세,경상
2015011900100377,2015년 1월 19일 17시,월요일,강원도 강릉시 홍제동,중상사고,0,1,0,0,차대차 - 측면직각충돌,안전운전불이행,건조,맑음,단일로 - 기타,승용,남,52세,상해없음,승용,여,40세,중상
2015011900100460,2015년 1월 19일 19시,월요일,강원도 인제군 남면,사망사고,4,1,1,0,차량단독 - 공작물충돌,안전운전불이행,건조,맑음,단일로 - 기타,승용,남,39세,경상,,,,
2015011900100512,2015년 1월 19일 21시,월요일,강원도 춘천시 퇴계동,경상사고,0,0,1,0,차대차 - 측면직각충돌,안전운전불이행,건조,맑음,단일로 - 기타,승용,남,24세,상해없음,승용,남,52세,경상
2015011900100513,2015년 1월 19일 21시,월요일,강원도 원주시 명륜동,경상사고,0,0,1,0,차대차 - 정면충돌,안전운전불이행,결빙,맑음,단일로 - 기타,승합,남,58세,상해없음,승용,여,48세,경상
2015011900100514,2015년 1월 19일 21시,월요일,강원도 원주시 단계동,경상사고,0,0,1,0,차대사람 - 횡단중,보행자보호의무위반,건조,맑음,단일로 - 횡단보도상,승용,남,21세,상해없음,보행자,여,18세,경상
2015011900100552,2015년 1월 19일 22시,월요일,강원도 동해시 천곡동,중상사고,0,2,5,0,차대차 - 측면직각충돌,직진우회전진행방해,건조,흐림,교차로 - 교차로안,승용,남,37세,상해없음,승용,여,42세,경상
2015011900100575,2015년 1월 19일 23시,월요일,강원도 양양군 양양읍,중상사고,0,1,0,0,차대사람 - 차도통행중,안전운전불이행,건조,맑음,단일로 - 기타,승용,남,48세,상해없음,보행자,여,41세,중상
2015012000100014,2015년 1월 20일 00시,화요일,강원도 원주시 단계동,중상사고,0,1,2,0,차대차 - 측면직각충돌,교차로운행방법위반,습기,흐림,교차로 - 교차로안,승용,여,39세,상해없음,승용,남,54세,중상
2015012000100025,2015년 1월 20일 01시,화요일,강원도 원주시 학성동,경상사고,0,0,2,0,차대차 - 측면직각충돌,교차로운행방법위반,건조,맑음,교차로 - 교차로안,승용,남,39세,상해없음,승용,여,52세,경상
2015012000100038,2015년 1월 20일 02시,화요일,강원도 강릉시 성남동,경상사고,0,0,1,0,차대차 - 기타,안전운전불이행,건조,맑음,교차로 - 교차로안,승용,남,39세,상해없음,승용,여,34세,경상
2015012000100077,2015년 1월 20일 06시,화요일,강원도 속초시 청호동,경상사고,0,0,1,0,차대차 - 측면직각충돌,안전운전불이행,건조,맑음,교차로 - 교차로부근,화물,남,56세,상해없음,승용,남,61세,경상
2015012000100078,2015년 1월 20일 06시,화요일,강원도 철원군 동송읍,경상사고,0,0,1,0,차량단독 - 공작물충돌,안전운전불이행,결빙,맑음,단일로 - 기타,승용,남,18세,경상,,,,
2015012000100125,2015년 1월 20일 08시,화요일,강원도 철원군 동송읍,중상사고,0,1,2,0,차대차 - 측면직각충돌,안전운전불이행,건조,맑음,교차로 - 교차로안,승용,남,28세,상해없음,승용,남,41세,중상
2015012000100126,2015년 1월 20일 08시,화요일,강원도 원주시 관설동,중상사고,0,3,1,1,차대차 - 추돌 - 진행중,안전운전불이행,기타,맑음,단일로 - 기타,승용,남,24세,중상,화물,남,63세,상해없음
2015012000100201,2015년 1월 20일 11시,화요일,강원도 원주시 무실동,경상사고,0,0,1,0,차대차 - 추돌 - 주정차중,안전거리미확보,건조,맑음,단일로 - 기타,승용,남,35세,상해없음,화물,남,40세,경상
2015012000100202,2015년 1월 20일 11시,화요일,강원도 속초시 교동,경상사고,0,0,2,0,차대차 - 측면직각충돌,안전거리미확보,건조,맑음,단일로 - 기타,건설기계,남,48세,상해없음,승용,여,41세,경상
2015012000100279,2015년 1월 20일 14시,화요일,강원도 원주시 흥업면,경상사고,0,0,1,0,차대차 - 기타,중앙선침범,건조,맑음,교차로 - 교차로부근,화물,남,70세,기타불명,승용,남,42세,경상
2015012000100394,2015년 1월 20일 18시,화요일,강원도 춘천시 석사동,경상사고,0,0,1,1,차대차 - 추돌 - 진행중,안전운전불이행,건조,맑음,단일로 - 기타,승용,여,38세,상해없음,승용,남,26세,부상신고
2015012000100395,2015년 1월 20일 18시,화요일,강원도 동해시 발한동,경상사고,0,0,1,0,차대차 - 측면직각충돌,직진우회전진행방해,건조,맑음,교차로 - 교차로부근,화물,남,54세,상해없음,승용,여,56세,경상
2015012000100467,2015년 1월 20일 20시,화요일,강원도 원주시 학성동,경상사고,0,0,1,0,차대사람 - 횡단중,안전운전불이행,건조,맑음,단일로 - 기타,승용,여,36세,상해없음,보행자,여,58세,경상
2015012000100498,2015년 1월 20일 21시,화요일,강원도 강릉시 교동,경상사고,0,0,2,0,차대차 - 정면충돌,중앙선침범,건조,맑음,교차로 - 교차로안,승용,남,45세,상해없음,승용,남,49세,경상
2015012000100499,2015년 1월 20일 21시,화요일,강원도 동해시 천곡동,경상사고,0,0,2,0,차대차 - 추돌 - 진행중,교차로운행방법위반,건조,맑음,교차로 - 교차로부근,승용,여,42세,상해없음,화물,남,41세,상해없음
2015012100100011,2015년 1월 21일 00시,수요일,강원도 원주시 명륜동,사망사고,1,3,0,0,차대차 - 측면직각충돌,과속,건조,맑음,교차로 - 교차로안,승용,남,43세,중상,승합,여,48세,사망
2015012100100030,2015년 1월 21일 01시,수요일,강원도 원주시 학성동,경상사고,0,0,1,0,차대차 - 기타,차로위반,건조,맑음,단일로 - 기타,승용,남,30세,상해없음,승용,여,53세,경상
2015012100100058,2015년 1월 21일 04시,수요일,강원도 원주시 단계동,경상사고,0,0,2,0,차대차 - 측면직각충돌,직진우회전진행방해,건조,맑음,교차로 - 교차로안,승용,남,39세,상해없음,이륜,남,18세,경상
2015012100100130,2015년 1월 21일 08시,수요일,강원도 속초시 동명동,경상사고,0,0,1,0,차대차 - 추돌 - 주정차중,안전운전불이행,건조,맑음,교차로 - 교차로안,화물,남,62세,상해없음,승용,여,38세,경상
2015012100100246,2015년 1월 21일 14시,수요일,강원도 삼척시 남양동,경상사고,0,0,1,0,차대차 - 추돌 - 진행중,안전운전불이행,건조,맑음,교차로 - 교차로부근,승용,여,59세,상해없음,원동기,남,52세,경상
2015012100100264,2015년 1월 21일 15시,수요일,강원도 동해시 천곡동,경상사고,0,0,4,0,차대차 - 측면직각충돌,직진우회전진행방해,건조,맑음,교차로 - 교차로안,승용,남,54세,상해없음,승용,여,28세,경상
2015012100100354,2015년 1월 21일 18시,수요일,강원도 춘천시 퇴계동,경상사고,0,0,1,0,차대사람 - 횡단중,보행자보호의무위반,건조,맑음,교차로 - 교차로부근,승용,남,34세,상해없음,보행자,여,56세,경상
2015012100100355,2015년 1월 21일 18시,수요일,강원도 원주시 단구동,경상사고,0,0,1,0,차대차 - 측면직각충돌,중앙선침범,건조,맑음,단일로 - 기타,승용,여,45세,상해없음,이륜,남,20세,경상
2015012100100356,2015년 1월 21일 18시,수요일,강원도 원주시 반곡동,경상사고,0,0,1,0,차대차 - 추돌 - 주정차중,안전거리미확보,기타,기타,단일로 - 기타,승용,여,35세,상해없음,승용,남,46세,경상
2015012100100357,2015년 1월 21일 18시,수요일,강원도 영월군 한반도면,중상사고,0,1,0,1,차대차 - 추돌 - 진행중,중앙선침범,건조,맑음,단일로 - 기타,승용,남,45세,상해없음,승용,남,62세,부상신고
2015012100100358,2015년 1월 21일 18시,수요일,강원도 동해시 발한동,경상사고,0,0,1,0,차대차 - 측면직각충돌,안전운전불이행,건조,맑음,단일로 - 기타,승용,남,70세,상해없음,승용,남,60세,경상
2015012100100417,2015년 1월 21일 19시,수요일,강원도 삼척시 정상동,중상사고,0,1,0,0,차대사람 - 횡단중,과속,건조,맑음,교차로 - 교차로부근,승용,남,40세,상해없음,보행자,남,66세,중상
2015012100100418,2015년 1월 21일 19시,수요일,강원도 동해시 발한동,경상사고,0,0,1,0,차대차 - 추돌 - 진행중,안전거리미확보,건조,맑음,단일로 - 기타,승합,남,44세,상해없음,화물,남,51세,경상
2015012100100565,2015년 1월 21일 23시,수요일,강원도 원주시 중앙동,중상사고,0,1,0,0,차대사람 - 횡단중,안전운전불이행,건조,맑음,교차로 - 교차로안,화물,여,52세,상해없음,보행자,여,32세,중상
2015012100100566,2015년 1월 21일 23시,수요일,강원도 속초시 동명동,경상사고,0,0,4,0,차대차 - 측면직각충돌,교차로운행방법위반,건조,맑음,교차로 - 교차로안,승용,남,46세,상해없음,승용,남,49세,경상
2015012200100014,2015년 1월 22일 00시,목요일,강원도 춘천시 석사동,경상사고,0,0,1,0,차대차 - 측면직각충돌,직진우회전진행방해,건조,맑음,교차로 - 교차로안,승용,남,27세,상해없음,화물,남,34세,경상
2015012200100015,2015년 1월 22일 00시,목요일,강원도 원주시 무실동,중상사고,0,1,1,0,차대차 - 추돌 - 주정차중,안전운전불이행,건조,맑음,교차로 - 교차로부근,승용,여,18세,기타불명,승용,여,46세,경상
2015012200100037,2015년 1월 22일 01시,목요일,강원도 원주시 개운동,경상사고,0,0,2,0,차대차 - 측면직각충돌,안전거리미확보,습기,비,교차로 - 교차로부근,화물,남,29세,상해없음,화물,남,53세,경상
2015012200100056,2015년 1월 22일 02시,목요일,강원도 강릉시 포남동,중상사고,0,1,0,0,차대사람 - 차도통행중,안전운전불이행,습기,비,단일로 - 기타,승용,남,37세,상해없음,보행자,남,68세,중상
2015012200100100,2015년 1월 22일 06시,목요일,강원도 원주시 명륜동,경상사고,0,0,1,0,차대차 - 기타,교차로운행방법위반,건조,맑음,교차로 - 교차로부근,승용,남,69세,상해없음,승용,남,72세,경상
2015012200100147,2015년 1월 22일 08시,목요일,강원도 동해시 북평동,사망사고,1,0,1,0,차대차 - 측면직각충돌,신호위반,습기,비,교차로 - 교차로안,승용,남,62세,사망,승용,남,55세,경상
2015012200100174,2015년 1월 22일 09시,목요일,강원도 삼척시 근덕면,경상사고,0,0,1,0,차량단독 - 공작물충돌,안전운전불이행,습기,눈,단일로 - 기타,승용,남,30세,경상,,,,
2015012200100175,2015년 1월 22일 09시,목요일,강원도 홍천군 북방면,중상사고,0,1,0,0,차량단독 - 전도전복,중앙선침범,습기,맑음,단일로 - 기타,승용,남,25세,중상,,,,
2015012200100176,2015년 1월 22일 09시,목요일,강원도 태백시 장성동,경상사고,0,0,2,6,차대차 - 정면충돌,안전운전불이행,적설,맑음,단일로 - 기타,화물,남,35세,상해없음,승합,남,36세,경상
2015012200100199,2015년 1월 22일 10시,목요일,강원도 강릉시 성남동,경상사고,0,0,2,0,차대차 - 측면직각충돌,안전운전불이행,건조,맑음,교차로 - 교차로안,승용,남,79세,상해없음,승용,여,36세,경상
2015012200100223,2015년 1월 22일 11시,목요일,강원도 춘천시 후평동,중상사고,0,1,0,0,차대사람 - 길가장자리구역통행중,안전운전불이행,건조,맑음,단일로 - 기타,화물,남,22세,상해없음,보행자,여,89세,중상
2015012200100224,2015년 1월 22일 11시,목요일,강원도 양양군 현북면,중상사고,0,2,0,0,차대차 - 측면직각충돌,중앙선침범,결빙,눈,단일로 - 기타,화물,남,67세,상해없음,건설기계,남,41세,중상
2015012200100243,2015년 1월 22일 12시,목요일,강원도 춘천시 퇴계동,중상사고,0,1,0,0,차대사람 - 횡단중,안전운전불이행,건조,맑음,단일로 - 기타,승용,여,45세,상해없음,보행자,여,85세,중상
2015012200100346,2015년 1월 22일 16시,목요일,강원도 원주시 명륜동,중상사고,0,1,7,1,차대차 - 추돌 - 주정차중,안전운전불이행,건조,맑음,교차로 - 교차로부근,승용,남,63세,중상,승용,남,42세,경상
2015012200100376,2015년 1월 22일 17시,목요일,강원도 동해시 천곡동,경상사고,0,0,1,0,차대차 - 측면직각충돌,안전운전불이행,습기,비,단일로 - 기타,승용,남,35세,상해없음,승용,여,53세,경상
2015012200100394,2015년 1월 22일 18시,목요일,강원도 태백시 황지동,경상사고,0,0,2,0,차대차 - 추돌 - 주정차중,안전거리미확보,결빙,눈,단일로 - 기타,화물,여,66세,상해없음,승용,남,57세,경상
2015012200100516,2015년 1월 22일 21시,목요일,강원도 원주시 단구동,사망사고,1,0,0,0,차대사람 - 횡단중,안전운전불이행,건조,맑음,교차로 - 교차로부근,승용,여,34세,상해없음,보행자,남,52세,사망
2015012200100546,2015년 1월 22일 22시,목요일,강원도 원주시 개운동,경상사고,0,0,2,0,차대차 - 추돌 - 주정차중,안전운전불이행,건조,맑음,교차로 - 교차로부근,화물,남,58세,상해없음,승용,남,53세,경상
2015012200100547,2015년 1월 22일 22시,목요일,강원도 원주시 가현동,경상사고,0,0,2,0,차대차 - 추돌 - 주정차중,안전거리미확보,건조,맑음,단일로 - 기타,승합,남,50세,상해없음,승용,여,24세,경상
2015012300100035,2015년 1월 23일 01시,금요일,강원도 원주시 단계동,중상사고,0,1,0,0,차대차 - 측면직각충돌,신호위반,건조,맑음,교차로 - 교차로안,승용,남,25세,상해없음,승용,여,52세,중상
2015012300100036,2015년 1월 23일 01시,금요일,강원도 원주시 태장동,중상사고,0,1,2,0,차대차 - 측면직각충돌,안전운전불이행,건조,맑음,교차로 - 교차로부근,승용,남,19세,상해없음,승용,남,66세,경상
2015012300100037,2015년 1월 23일 01시,금요일,강원도 태백시 황지동,경상사고,0,0,1,0,차량단독 - 공작물충돌,안전운전불이행,결빙,맑음,단일로 - 기타,승용,남,21세,상해없음,,,,
2015012300100067,2015년 1월 23일 03시,금요일,강원도 춘천시 동면,경상사고,0,0,1,1,차대차 - 측면직각충돌,안전운전불이행,건조,맑음,교차로 - 교차로안,승용,남,50세,상해없음,승용,남,40세,경상
2015012300100095,2015년 1월 23일 06시,금요일,강원도 춘천시 효자동,경상사고,0,0,1,0,차대차 - 추돌 - 진행중,안전거리미확보,건조,맑음,단일로 - 기타,승용,남,56세,상해없음,승용,남,70세,경상
2015012300100117,2015년 1월 23일 07시,금요일,강원도 원주시 태장동,중상사고,0,1,0,0,차대차 - 측면직각충돌,신호위반,건조,맑음,교차로 - 교차로안,화물,남,55세,상해없음,자전거,남,28세,중상
2015012300100180,2015년 1월 23일 09시,금요일,강원도 춘천시 동면,경상사고,0,0,1,0,차대차 - 측면직각충돌,중앙선침범,건조,맑음,단일로 - 기타,승용,여,57세,상해없음,승용,여,47세,경상
2015012300100181,2015년 1월 23일 09시,금요일,강원도 강릉시 포남동,경상사고,0,0,2,0,차대차 - 측면직각충돌,안전운전불이행,건조,맑음,교차로 - 교차로안,승용,남,42세,상해없음,승용,남,23세,경상
2015012300100204,2015년 1월 23일 10시,금요일,강원도 춘천시 신북읍,경상사고,0,0,4,0,차대차 - 정면충돌,중앙선침범,결빙,맑음,단일로 - 기타,화물,남,56세,상해없음,승용,남,43세,경상
2015012300100238,2015년 1월 23일 11시,금요일,강원도 춘천시 효자동,경상사고,0,0,1,0,차대차 - 측면직각충돌,교차로운행방법위반,건조,맑음,교차로 - 교차로안,승용,여,68세,상해없음,승용,남,45세,경상
2015012300100263,2015년 1월 23일 12시,금요일,강원도 원주시 단구동,경상사고,0,0,2,0,차대차 - 추돌 - 진행중,불법유턴,건조,맑음,단일로 - 기타,화물,남,56세,경상,승용,여,53세,경상
2015012300100264,2015년 1월 23일 12시,금요일,강원도 원주시 단구동,경상사고,0,0,1,0,차대차 - 정면충돌,안전운전불이행,건조,맑음,기타 - 기타,승합,여,58세,상해없음,승용,여,52세,경상
2015012300100265,2015년 1월 23일 12시,금요일,강원도 원주시 개운동,경상사고,0,0,1,0,차대차 - 추돌 - 주정차중,안전운전불이행,건조,맑음,단일로 - 기타,승용,남,54세,상해없음,승용,남,45세,경상
2015012300100287,2015년 1월 23일 13시,금요일,강원도 원주시 단계동,경상사고,0,0,1,0,차대차 - 측면직각충돌,교차로운행방법위반,건조,맑음,교차로 - 교차로안,화물,남,58세,상해없음,승용,여,70세,경상
2015012300100316,2015년 1월 23일 14시,금요일,강원도 강릉시 교동,경상사고,0,0,2,0,차대차 - 측면직각충돌,안전운전불이행,건조,맑음,단일로 - 기타,승용,남,76세,상해없음,승용,여,63세,경상
2015012300100317,2015년 1월 23일 14시,금요일,강원도 강릉시 구정면,경상사고,0,0,1,0,차대사람 - 횡단중,안전운전불이행,건조,맑음,기타 - 기타,승용,남,33세,상해없음,보행자,남,51세,경상
2015012300100349,2015년 1월 23일 15시,금요일,강원도 원주시 명륜동,중상사고,0,1,0,0,차대차 - 추돌 - 진행중,안전운전불이행,건조,맑음,교차로 - 교차로안,승용,여,59세,상해없음,이륜,남,63세,중상
2015012300100350,2015년 1월 23일 15시,금요일,강원도 속초시 금호동,중상사고,0,1,0,0,차대사람 - 횡단중,안전운전불이행,건조,맑음,교차로 - 교차로부근,원동기,여,63세,상해없음,보행자,여,82세,중상
2015012300100378,2015년 1월 23일 16시,금요일,강원도 동해시 동회동,중상사고,0,1,2,0,차대차 - 측면직각충돌,안전운전불이행,건조,맑음,교차로 - 교차로안,승용,남,71세,상해없음,승합,남,71세,중상
2015012300100445,2015년 1월 23일 18시,금요일,강원도 속초시 교동,경상사고,0,0,1,0,차대차 - 측면직각충돌,안전운전불이행,건조,맑음,단일로 - 기타,화물,남,49세,상해없음,원동기,남,53세,경상
2015012300100544,2015년 1월 23일 21시,금요일,강원도 원주시 행구동,경상사고,0,0,2,0,차대차 - 측면직각충돌,중앙선침범,건조,맑음,단일로 - 기타,승합,남,62세,상해없음,승용,여,46세,경상
2015012400100015,2015년 1월 24일 00시,토요일,강원도 원주시 소초면,경상사고,0,0,3,0,차대차 - 측면직각충돌,신호위반,건조,맑음,교차로 - 교차로안,승용,남,62세,상해없음,승용,남,57세,경상
2015012400100113,2015년 1월 24일 07시,토요일,강원도 원주시 단계동,중상사고,0,1,0,0,차대사람 - 횡단중,교차로운행방법위반,건조,맑음,교차로 - 교차로부근,승용,남,30세,상해없음,보행자,남,71세,중상