사고번호,사고일시,요일,시군구,사고내용,사망자수,중상자수,경상자수,부상신고자수,사고유형,법규위반,노면상태,기상상태,도로형태,가해운전자 차종,가해운전자 성별,가해운전자 연령,가해운전자 상해정도,피해운전자 차종,피해운전자 성별,피해운전자 연령,피해운전자 상해정도
2015013100100415,2015년 1월 31일 18시,토요일,강원도 속초시 교동,중상사고,0,1,0,0,차대차 - 측면직각충돌,교차로운행방법위반,건조,흐림,교차로 - 교차로안,승용,남,64세,상해없음,원동기,남,22세,중상
2015013100100440,2015년 1월 31일 19시,토요일,강원도 춘천시 칠전동,중상사고,0,1,0,0,차대차 - 측면직각충돌,안전운전불이행,건조,맑음,교차로 - 교차로부근,승용,남,23세,상해없음,승용,남,37세,중상
2015013100100441,2015년 1월 31일 19시,토요일,강원도 양양군 손양면,경상사고,0,0,2,0,차대차 - 측면직각충돌,안전운전불이행,건조,맑음,단일로 - 기타,화물,남,64세,상해없음,승용,남,38세,경상
2015013100100465,2015년 1월 31일 20시,토요일,강원도 홍천군 홍천읍,경상사고,0,0,1,0,차대차 - 측면직각충돌,안전운전불이행,건조,맑음,교차로 - 교차로부근,승용,남,43세,상해없음,이륜,남,35세,경상
2015013100100504,2015년 1월 31일 21시,토요일,강원도 원주시 단구동,경상사고,0,0,1,0,차대차 - 추돌 - 주정차중,안전거리미확보,건조,맑음,단일로 - 기타,승용,남,52세,상해없음,승용,남,22세,경상
2015013100100505,2015년 1월 31일 21시,토요일,강원도 원주시 일산동,경상사고,0,0,1,0,차대차 - 정면충돌,중앙선침범,건조,맑음,단일로 - 기타,승용,남,57세,상해없음,승용,남,44세,경상
2015013100100530,2015년 1월 31일 22시,토요일,강원도 춘천시 동내면,경상사고,0,0,1,0,차대사람 - 횡단중,안전운전불이행,건조,맑음,단일로 - 기타,승용,여,48세,상해없음,보행자,남,13세,경상
2015013100100531,2015년 1월 31일 22시,토요일,강원도 홍천군 서면,중상사고,0,1,3,0,차대차 - 추돌 - 진행중,안전거리미확보,건조,맑음,단일로 - 기타,승용,남,27세,상해없음,승용,남,30세,경상
2015020100100121,2015년 2월 1일 09시,일요일,강원도 삼척시 갈천동,경상사고,0,0,1,0,차대차 - 측면직각충돌,안전거리미확보,건조,맑음,단일로 - 기타,건설기계,남,56세,상해없음,승용,여,34세,경상
2015020100100122,2015년 2월 1일 09시,일요일,강원도 평창군 봉평면,경상사고,0,0,1,0,차대차 - 정면충돌,안전운전불이행,건조,맑음,단일로 - 기타,승용,남,60세,상해없음,승용,여,44세,경상
2015020100100144,2015년 2월 1일 10시,일요일,강원도 원주시 단계동,경상사고,0,0,2,0,차대차 - 추돌 - 진행중,차로위반,건조,맑음,단일로 - 기타,승용,남,53세,상해없음,승합,남,47세,상해없음
2015020100100160,2015년 2월 1일 11시,일요일,강원도 원주시 판부면,경상사고,0,0,1,0,차대사람 - 보도통행중,안전운전불이행,건조,맑음,단일로 - 기타,화물,남,54세,상해없음,보행자,여,78세,경상
2015020100100180,2015년 2월 1일 12시,일요일,강원도 고성군 토성면,경상사고,0,0,2,0,차대차 - 추돌 - 진행중,안전운전불이행,건조,맑음,교차로 - 교차로부근,승용,남,55세,상해없음,승용,남,31세,상해없음
2015020100100201,2015년 2월 1일 13시,일요일,강원도 원주시 태장동,중상사고,0,1,0,0,차대사람 - 기타,안전운전불이행,건조,맑음,단일로 - 기타,승용,기타불명,기타불명,기타불명,보행자,남,36세,중상
2015020100100223,2015년 2월 1일 14시,일요일,강원도 화천군 사내면,중상사고,0,2,0,0,차대차 - 측면직각충돌,중앙선침범,건조,맑음,기타 - 기타,화물,남,55세,상해없음,승용,남,56세,중상
2015020100100247,2015년 2월 1일 15시,일요일,강원도 속초시 조양동,경상사고,0,0,5,0,차대차 - 측면직각충돌,교차로운행방법위반,건조,맑음,교차로 - 교차로안,승용,남,39세,상해없음,승용,남,40세,경상
2015020100100248,2015년 2월 1일 15시,일요일,강원도 화천군 화천읍,경상사고,0,0,1,0,차대사람 - 보도통행중,안전운전불이행,건조,맑음,단일로 - 기타,화물,남,36세,상해없음,보행자,남,59세,경상
2015020100100291,2015년 2월 1일 17시,일요일,강원도 속초시 청학동,중상사고,0,2,0,0,차대차 - 측면직각충돌,신호위반,건조,맑음,교차로 - 교차로안,승용,남,62세,상해없음,승용,여,47세,중상
2015020100100315,2015년 2월 1일 18시,일요일,강원도 정선군 고한읍,중상사고,0,1,0,0,차대사람 - 횡단중,안전운전불이행,건조,맑음,교차로 - 교차로부근,승용,남,39세,상해없음,보행자,여,34세,중상
2015020100100349,2015년 2월 1일 19시,일요일,강원도 원주시 문막읍,경상사고,0,0,4,0,차대차 - 추돌 - 주정차중,안전운전불이행,건조,맑음,교차로 - 교차로부근,승용,남,32세,기타불명,승용,남,34세,경상
2015020200100059,2015년 2월 2일 07시,월요일,강원도 춘천시 서면,중상사고,0,1,2,0,차대차 - 측면직각충돌,안전거리미확보,건조,맑음,교차로 - 교차로부근,화물,여,60세,경상,화물,남,47세,중상
2015020200100081,2015년 2월 2일 08시,월요일,강원도 춘천시 중앙로1가,중상사고,0,1,0,0,차대차 - 측면직각충돌,직진우회전진행방해,건조,맑음,교차로 - 교차로안,승용,남,50세,상해없음,승용,남,37세,중상
2015020200100123,2015년 2월 2일 10시,월요일,강원도 철원군 동송읍,경상사고,0,0,1,0,차대사람 - 기타,안전운전불이행,건조,맑음,단일로 - 기타,승용,여,56세,상해없음,보행자,남,75세,경상
2015020200100170,2015년 2월 2일 12시,월요일,강원도 삼척시 남양동,경상사고,0,0,1,0,차대사람 - 길가장자리구역통행중,안전운전불이행,건조,맑음,단일로 - 기타,승용,남,72세,상해없음,보행자,여,56세,경상
2015020200100195,2015년 2월 2일 13시,월요일,강원도 춘천시 효자동,중상사고,0,1,1,0,차대차 - 측면직각충돌,안전운전불이행,건조,맑음,교차로 - 교차로부근,승용,남,75세,상해없음,이륜,남,29세,경상
2015020200100196,2015년 2월 2일 13시,월요일,강원도 강릉시 주문진읍,경상사고,0,0,2,0,차대차 - 기타,신호위반,건조,맑음,교차로 - 교차로안,승용,남,56세,상해없음,화물,남,50세,경상
2015020200100197,2015년 2월 2일 13시,월요일,강원도 삼척시 사직동,경상사고,0,0,3,0,차대차 - 측면직각충돌,안전거리미확보,건조,맑음,단일로 - 기타,건설기계,남,49세,상해없음,승용,남,30세,경상
2015020200100223,2015년 2월 2일 14시,월요일,강원도 춘천시 동내면,경상사고,0,0,1,0,차대차 - 측면직각충돌,교차로운행방법위반,건조,맑음,교차로 - 교차로안,승용,여,51세,상해없음,화물,남,32세,경상
2015020200100277,2015년 2월 2일 16시,월요일,강원도 평창군 진부면,경상사고,0,0,1,1,차량단독 - 공작물충돌,안전거리미확보,건조,맑음,기타 - 기타,승용,여,31세,부상신고,,,,
2015020200100349,2015년 2월 2일 18시,월요일,강원도 춘천시 온의동,경상사고,0,0,1,0,차대차 - 측면직각충돌,중앙선침범,건조,맑음,교차로 - 교차로안,화물,남,71세,상해없음,이륜,남,19세,경상
2015020200100350,2015년 2월 2일 18시,월요일,강원도 원주시 학성동,경상사고,0,0,1,0,차대차 - 측면직각충돌,교차로운행방법위반,건조,맑음,교차로 - 교차로안,승용,여,50세,상해없음,승용,여,46세,경상
2015020200100385,2015년 2월 2일 19시,월요일,강원도 원주시 단구동,경상사고,0,0,1,0,차대사람 - 횡단중,안전운전불이행,건조,맑음,교차로 - 교차로안,승용,남,46세,상해없음,보행자,여,44세,경상
2015020200100386,2015년 2월 2일 19시,월요일,강원도 속초시 대포동,경상사고,0,0,2,0,차대차 - 측면직각충돌,안전운전불이행,건조,맑음,교차로 - 교차로안,승용,남,65세,상해없음,승용,남,40세,경상
2015020200100486,2015년 2월 2일 23시,월요일,강원도 태백시 황지동,경상사고,0,0,1,0,차대차 - 정면충돌,중앙선침범,습기,맑음,단일로 - 기타,승용,여,33세,상해없음,승용,남,45세,경상
2015020300100038,2015년 2월 3일 02시,화요일,강원도 원주시 우산동,부상신고사고,0,0,0,1,차량단독 - 기타,기타,건조,맑음,교차로 - 교차로안,승용,남,45세,부상신고,,,,
2015020300100136,2015년 2월 3일 08시,화요일,강원도 원주시 단구동,경상사고,0,0,2,0,차대차 - 측면직각충돌,안전운전불이행,건조,맑음,교차로 - 교차로안,화물,남,39세,상해없음,승용,여,46세,경상
2015020300100137,2015년 2월 3일 08시,화요일,강원도 원주시 원동,경상사고,0,0,2,0,차대차 - 추돌 - 주정차중,안전거리미확보,건조,맑음,단일로 - 기타,승용,남,53세,상해없음,승용,여,49세,경상
2015020300100174,2015년 2월 3일 09시,화요일,강원도 강릉시 연곡면,중상사고,0,1,0,0,차대사람 - 기타,안전운전불이행,건조,맑음,단일로 - 기타,화물,남,40세,상해없음,보행자,남,63세,중상
2015020300100200,2015년 2월 3일 10시,화요일,강원도 춘천시 퇴계동,경상사고,0,0,1,0,차대차 - 추돌 - 진행중,안전거리미확보,건조,맑음,교차로 - 교차로안,승용,여,41세,상해없음,원동기,남,28세,경상
2015020300100201,2015년 2월 3일 10시,화요일,강원도 원주시 관설동,경상사고,0,0,1,0,차대차 - 측면직각충돌,교차로운행방법위반,건조,맑음,기타 - 기타,화물,남,43세,상해없음,승용,남,71세,경상
2015020300100217,2015년 2월 3일 11시,화요일,강원도 원주시 원동,경상사고,0,0,1,0,차대차 - 측면직각충돌,교차로운행방법위반,건조,맑음,교차로 - 교차로안,승용,여,22세,상해없음,승용,남,61세,경상
2015020300100218,2015년 2월 3일 11시,화요일,강원도 속초시 교동,경상사고,0,0,1,0,차대사람 - 횡단중,안전운전불이행,건조,맑음,단일로 - 기타,승용,남,68세,기타불명,보행자,남,41세,경상
2015020300100219,2015년 2월 3일 11시,화요일,강원도 인제군 기린면,부상신고사고,0,0,0,1,차대사람 - 차도통행중,안전운전불이행,건조,맑음,단일로 - 기타,승용,남,45세,상해없음,보행자,남,20세,부상신고
2015020300100249,2015년 2월 3일 12시,화요일,강원도 원주시 호저면,중상사고,0,1,0,0,차대차 - 추돌 - 주정차중,안전거리미확보,건조,맑음,교차로 - 교차로안,화물,남,40세,상해없음,승용,여,51세,중상
2015020300100298,2015년 2월 3일 14시,화요일,강원도 원주시 단계동,중상사고,0,1,0,0,차대사람 - 기타,안전운전불이행,건조,맑음,기타 - 기타,승합,남,56세,상해없음,보행자,여,62세,중상
2015020300100332,2015년 2월 3일 15시,화요일,강원도 강릉시 임당동,사망사고,1,0,1,0,차대사람 - 기타,안전운전불이행,건조,맑음,교차로 - 교차로안,승용,여,72세,상해없음,보행자,여,41세,사망
2015020300100333,2015년 2월 3일 15시,화요일,강원도 원주시 단구동,경상사고,0,0,1,0,차대차 - 추돌 - 진행중,안전거리미확보,건조,맑음,단일로 - 기타,이륜,남,44세,상해없음,승용,남,57세,경상
2015020300100359,2015년 2월 3일 16시,화요일,강원도 원주시 단계동,경상사고,0,0,1,0,차대차 - 기타,차로위반,건조,맑음,단일로 - 기타,승합,남,51세,상해없음,승용,남,56세,경상
2015020300100392,2015년 2월 3일 17시,화요일,강원도 동해시 나안동,경상사고,0,0,3,0,차대차 - 추돌 - 주정차중,안전운전불이행,습기,비,교차로 - 교차로부근,승용,남,25세,상해없음,승합,남,64세,경상
2015020300100420,2015년 2월 3일 18시,화요일,강원도 원주시 단계동,경상사고,0,0,2,0,차대차 - 측면직각충돌,신호위반,건조,맑음,교차로 - 교차로안,원동기,남,17세,상해없음,승용,여,36세,상해없음
2015020300100421,2015년 2월 3일 18시,화요일,강원도 고성군 죽왕면,중상사고,0,1,2,0,차대차 - 추돌 - 주정차중,안전운전불이행,건조,맑음,교차로 - 교차로부근,승용,남,63세,상해없음,승용,여,46세,경상
2015020300100455,2015년 2월 3일 19시,화요일,강원도 원주시 봉산동,경상사고,0,0,1,0,차대차 - 기타,안전거리미확보,건조,맑음,교차로 - 교차로부근,승용,남,50세,상해없음,승용,여,40세,경상
2015020300100456,2015년 2월 3일 19시,화요일,강원도 원주시 흥업면,경상사고,0,0,1,0,차대차 - 측면직각충돌,안전운전불이행,건조,맑음,교차로 - 교차로안,승용,남,47세,상해없음,승용,남,41세,경상
2015020300100486,2015년 2월 3일 20시,화요일,강원도 강릉시 노암동,중상사고,0,1,0,0,차대사람 - 횡단중,안전운전불이행,건조,맑음,단일로 - 기타,승용,남,33세,상해없음,보행자,여,88세,중상
2015020300100564,2015년 2월 3일 23시,화요일,강원도 원주시 단계동,경상사고,0,0,1,0,차대사람 - 길가장자리구역통행중,안전운전불이행,건조,맑음,기타 - 기타,승용,남,54세,상해없음,보행자,남,21세,경상
2015020300100565,2015년 2월 3일 23시,화요일,강원도 속초시 교동,경상사고,0,0,1,1,차대사람 - 횡단중,안전운전불이행,건조,맑음,단일로 - 기타,승용,남,56세,상해없음,보행자,남,45세,경상
2015020400100068,2015년 2월 4일 06시,수요일,강원도 동해시 단봉동,경상사고,0,0,2,0,차대차 - 측면직각충돌,안전운전불이행,건조,맑음,단일로 - 기타,승용,남,43세,상해없음,승용,남,35세,경상
2015020400100093,2015년 2월 4일 07시,수요일,강원도 춘천시 운교동,중상사고,0,1,0,0,차대차 - 기타,안전거리미확보,건조,맑음,단일로 - 기타,화물,기타불명,기타불명,기타불명,승용,남,65세,중상
2015020400100152,2015년 2월 4일 09시,수요일,강원도 삼척시 정상동,경상사고,0,0,1,0,차대차 - 측면직각충돌,신호위반,건조,맑음,교차로 - 교차로안,승용,남,60세,상해없음,승용,여,61세,경상
2015020400100209,2015년 2월 4일 11시,수요일,강원도 춘천시 후평동,경상사고,0,0,4,0,차대차 - 측면직각충돌,교차로운행방법위반,건조,맑음,교차로 - 교차로안,승용,여,31세,경상,승용,남,78세,경상
2015020400100237,2015년 2월 4일 12시,수요일,강원도 춘천시 퇴계동,경상사고,0,0,1,0,차대차 - 측면직각충돌,안전운전불이행,건조,맑음,단일로 - 기타,승용,남,64세,상해없음,승용,남,48세,경상
2015020400100238,2015년 2월 4일 12시,수요일,강원도 영월군 영월읍,부상신고사고,0,0,0,1,차대차 - 측면직각충돌,안전운전불이행,건조,맑음,단일로 - 기타,승용,남,67세,상해없음,승용,남,26세,상해없음
2015020400100288,2015년 2월 4일 14시,수요일,강원도 원주시 무실동,경상사고,0,0,1,0,차대차 - 측면직각충돌,안전운전불이행,건조,맑음,교차로 - 교차로부근,승용,여,42세,상해없음,자전거,남,68세,경상
2015020400100289,2015년 2월 4일 14시,수요일,강원도 양양군 양양읍,중상사고,0,1,0,0,차대차 - 추돌 - 진행중,안전운전불이행,건조,맑음,교차로 - 교차로부근,승용,여,46세,상해없음,승용,남,25세,중상
2015020400100320,2015년 2월 4일 15시,수요일,강원도 강릉시 사천면,중상사고,0,1,0,0,차대차 - 추돌 - 진행중,안전거리미확보,건조,흐림,교차로 - 교차로부근,승용,여,52세,상해없음,승용,여,29세,중상
2015020400100321,2015년 2월 4일 15시,수요일,강원도 삼척시 도경동,중상사고,0,2,0,0,차대차 - 정면충돌,안전운전불이행,건조,맑음,교차로 - 교차로부근,승용,남,49세,중상,승용,여,61세,중상
2015020400100388,2015년 2월 4일 17시,수요일,강원도 평창군 대관령면,중상사고,0,1,0,0,차대차 - 정면충돌,중앙선침범,습기,흐림,단일로 - 기타,승용,남,43세,상해없음,승용,여,29세,중상
2015020400100422,2015년 2월 4일 18시,수요일,강원도 춘천시 효자동,경상사고,0,0,1,0,차량단독 - 공작물충돌,기타,건조,맑음,단일로 - 기타,승용,남,46세,상해없음,,,,
2015020400100462,2015년 2월 4일 19시,수요일,강원도 원주시 단계동,경상사고,0,0,2,0,차대차 - 추돌 - 주정차중,안전운전불이행,건조,맑음,단일로 - 기타,승용,남,30세,상해없음,승용,남,41세,경상
2015020400100494,2015년 2월 4일 20시,수요일,강원도 강릉시 주문진읍,부상신고사고,0,0,0,1,차대사람 - 기타,안전운전불이행,건조,맑음,단일로 - 기타,화물,여,50세,상해없음,보행자,남,50세,부상신고
2015020400100495,2015년 2월 4일 20시,수요일,강원도 강릉시 노암동,경상사고,0,0,1,0,차대차 - 기타,안전운전불이행,건조,맑음,교차로 - 교차로안,기타불명,기타불명,기타불명,기타불명,자전거,남,64세,경상
2015020400100523,2015년 2월 4일 21시,수요일,강원도 춘천시 근화동,경상사고,0,0,2,0,차대차 - 추돌 - 주정차중,안전운전불이행,건조,맑음,교차로 - 교차로부근,승용,남,37세,경상,승용,남,51세,상해없음
2015020400100524,2015년 2월 4일 21시,수요일,강원도 강릉시 옥천동,경상사고,0,0,1,0,차대사람 - 기타,안전운전불이행,건조,맑음,단일로 - 기타,승용,남,38세,상해없음,보행자,남,48세,경상
2015020500100013,2015년 2월 5일 00시,목요일,강원도 동해시 천곡동,경상사고,0,0,1,0,차대차 - 측면직각충돌,직진우회전진행방해,건조,맑음,교차로 - 교차로안,승용,남,63세,상해없음,승용,남,41세,경상
2015020500100036,2015년 2월 5일 02시,목요일,강원도 강릉시 노암동,중상사고,0,1,0,0,차대사람 - 기타,안전운전불이행,습기,눈,단일로 - 기타,승용,남,49세,상해없음,보행자,남,52세,중상
2015020500100057,2015년 2월 5일 05시,목요일,강원도 횡성군 공근면,중상사고,0,2,3,0,차량단독 - 공작물충돌,안전운전불이행,건조,맑음,단일로 - 기타,승용,남,23세,경상,,,,
2015020500100070,2015년 2월 5일 06시,목요일,강원도 삼척시 원덕읍,경상사고,0,0,7,0,차대차 - 추돌 - 주정차중,안전운전불이행,결빙,눈,단일로 - 기타,승용,남,48세,상해없음,승용,남,44세,상해없음
2015020500100092,2015년 2월 5일 07시,목요일,강원도 양양군 양양읍,중상사고,0,3,4,0,차대차 - 측면직각충돌,안전거리미확보,적설,눈,교차로 - 교차로안,화물,남,34세,상해없음,승합,남,56세,상해없음
2015020500100115,2015년 2월 5일 08시,목요일,강원도 춘천시 소양로1가,경상사고,0,0,2,0,차대차 - 추돌 - 진행중,안전거리미확보,건조,맑음,단일로 - 기타,승용,여,46세,상해없음,승용,여,43세,경상
2015020500100116,2015년 2월 5일 08시,목요일,강원도 삼척시 사직동,경상사고,0,0,1,0,차량단독 - 공작물충돌,안전운전불이행,건조,맑음,단일로 - 기타,승용,남,57세,상해없음,,,,
2015020500100154,2015년 2월 5일 09시,목요일,강원도 삼척시 남양동,부상신고사고,0,0,0,1,차대차 - 측면직각충돌,신호위반,건조,맑음,교차로 - 교차로안,자전거,남,88세,부상신고,승용,남,54세,상해없음
2015020500100178,2015년 2월 5일 10시,목요일,강원도 춘천시 퇴계동,경상사고,0,0,1,0,차대차 - 측면직각충돌,교차로운행방법위반,건조,맑음,교차로 - 교차로안,승용,여,43세,기타불명,승용,여,42세,경상
2015020500100179,2015년 2월 5일 10시,목요일,강원도 양구군 양구읍,경상사고,0,0,1,0,차대사람 - 횡단중,안전운전불이행,건조,맑음,교차로 - 교차로안,승용,남,53세,상해없음,보행자,남,44세,경상
2015020500100286,2015년 2월 5일 15시,목요일,강원도 원주시 문막읍,중상사고,0,1,2,0,차대차 - 추돌 - 진행중,안전거리미확보,건조,맑음,단일로 - 기타,화물,남,33세,중상,승용,남,57세,경상
2015020500100320,2015년 2월 5일 16시,목요일,강원도 동해시 송정동,중상사고,0,1,0,0,차대사람 - 길가장자리구역통행중,안전운전불이행,건조,맑음,단일로 - 기타,승용,남,38세,상해없음,보행자,여,79세,중상
2015020500100367,2015년 2월 5일 18시,목요일,강원도 속초시 금호동,경상사고,0,0,1,0,차대사람 - 길가장자리구역통행중,안전운전불이행,건조,맑음,단일로 - 기타,승용,남,46세,상해없음,보행자,남,14세,경상
2015020500100408,2015년 2월 5일 19시,목요일,강원도 춘천시 삼천동,경상사고,0,0,1,0,차대차 - 측면직각충돌,안전운전불이행,건조,맑음,교차로 - 교차로안,승용,여,50세,상해없음,이륜,남,54세,경상
2015020500100448,2015년 2월 5일 20시,목요일,강원도 원주시 단구동,중상사고,0,1,2,0,차대차 - 정면충돌,안전운전불이행,건조,맑음,교차로 - 교차로안,승용,남,61세,기타불명,원동기,남,22세,중상
2015020500100508,2015년 2월 5일 22시,목요일,강원도 강릉시 포남동,경상사고,0,0,3,0,차대차 - 기타,안전운전불이행,건조,맑음,단일로 - 기타,승용,남,55세,상해없음,승용,여,34세,경상
2015020500100533,2015년 2월 5일 23시,목요일,강원도 춘천시 후평동,경상사고,0,0,1,0,차대차 - 추돌 - 진행중,안전거리미확보,건조,흐림,교차로 - 교차로부근,이륜,남,37세,상해없음,승용,남,40세,경상
2015020500100534,2015년 2월 5일 23시,목요일,강원도 원주시 개운동,경상사고,0,0,2,0,차대차 - 정면충돌,중앙선침범,건조,맑음,교차로 - 교차로부근,승용,남,38세,기타불명,승용,남,52세,경상
2015020500100535,2015년 2월 5일 23시,목요일,강원도 원주시 단계동,경상사고,0,0,1,0,차대차 - 추돌 - 주정차중,안전운전불이행,건조,맑음,기타 - 기타,승용,남,35세,상해없음,승용,여,55세,경상
2015020600100063,2015년 2월 6일 05시,금요일,강원도 춘천시 요선동,중상사고,0,1,0,0,차대차 - 측면직각충돌,교차로운행방법위반,건조,맑음,교차로 - 교차로안,승용,여,58세,상해없음,승용,남,36세,중상
2015020600100119,2015년 2월 6일 08시,금요일,강원도 횡성군 횡성읍,중상사고,0,1,4,0,차대차 - 추돌 - 진행중,안전운전불이행,건조,맑음,교차로 - 교차로부근,화물,남,50세,상해없음,화물,남,52세,경상
2015020600100120,2015년 2월 6일 08시,금요일,강원도 인제군 남면,경상사고,0,0,2,0,차량단독 - 공작물충돌,안전운전불이행,건조,맑음,단일로 - 기타,승합,남,47세,상해없음,,,,
2015020600100152,2015년 2월 6일 09시,금요일,강원도 원주시 명륜동,중상사고,0,1,0,0,차대사람 - 횡단중,안전운전불이행,건조,맑음,기타 - 기타,승용,여,35세,상해없음,보행자,여,54세,중상
2015020600100182,2015년 2월 6일 10시,금요일,강원도 인제군 남면,경상사고,0,0,1,0,차대차 - 추돌 - 주정차중,안전거리미확보,건조,맑음,교차로 - 교차로부근,승용,남,76세,상해없음,승용,남,58세,경상
2015020600100210,2015년 2월 6일 11시,금요일,강원도 태백시 장성동,경상사고,0,0,2,0,차대차 - 추돌 - 진행중,안전거리미확보,건조,맑음,단일로 - 기타,승용,여,56세,상해없음,승용,여,27세,경상
2015020600100233,2015년 2월 6일 12시,금요일,강원도 춘천시 소양로1가,부상신고사고,0,0,0,2,차대차 - 측면직각충돌,안전운전불이행,건조,맑음,교차로 - 교차로안,승용,남,62세,상해없음,승용,남,41세,부상신고
2015020600100234,2015년 2월 6일 12시,금요일,강원도 횡성군 갑천면,중상사고,0,3,2,0,차대차 - 정면충돌,중앙선침범,건조,맑음,단일로 - 기타,화물,남,64세,상해없음,승용,남,67세,상해없음
2015020600100257,2015년 2월 6일 13시,금요일,강원도 삼척시 사직동,경상사고,0,0,2,0,차대차 - 측면직각충돌,신호위반,건조,맑음,교차로 - 교차로안,승용,남,76세,상해없음,승용,남,53세,경상
2015020600100258,2015년 2월 6일 13시,금요일,강원도 고성군 토성면,중상사고,0,1,1,0,차대차 - 추돌 - 진행중,안전운전불이행,건조,맑음,교차로 - 교차로안,승용,남,56세,상해없음,승용,남,72세,경상
2015020600100286,2015년 2월 6일 14시,금요일,강원도 강릉시 주문진읍,중상사고,0,1,0,0,차대사람 - 기타,안전운전불이행,건조,맑음,단일로 - 기타,승용,남,57세,기타불명,보행자,여,71세,중상
2015020600100287,2015년 2월 6일 14시,금요일,강원도 동해시 천곡동,경상사고,0,0,2,0,차대차 - 측면직각충돌,직진우회전진행방해,건조,맑음,교차로 - 교차로안,승용,여,35세,상해없음,승용,여,51세,경상
2015020600100352,2015년 2월 6일 16시,금요일,강원도 춘천시 동내면,중상사고,0,1,3,0,차대차 - 측면직각충돌,기타,건조,맑음,교차로 - 교차로안,승용,남,73세,상해없음,승용,남,24세,경상
2015020600100353,2015년 2월 6일 16시,금요일,강원도 춘천시 효자동,경상사고,0,0,1,0,차대차 - 기타,안전운전불이행,건조,맑음,교차로 - 교차로안,자전거,남,24세,상해없음,승용,여,31세,경상
2015020600100386,2015년 2월 6일 17시,금요일,강원도 동해시 발한동,경상사고,0,0,1,0,차량단독 - 기타,안전운전불이행,건조,맑음,단일로 - 기타,승합,남,52세,상해없음,,,,
2015020600100504,2015년 2월 6일 20시,금요일,강원도 춘천시 삼천동,경상사고,0,0,1,0,차대차 - 측면직각충돌,안전거리미확보,건조,맑음,단일로 - 기타,승용,남,58세,상해없음,승용,여,40세,경상
2015020600100505,2015년 2월 6일 20시,금요일,강원도 화천군 사내면,경상사고,0,0,2,0,차대차 - 기타,중앙선침범,건조,기타,단일로 - 기타,승용,남,50세,상해없음,승용,여,45세,경상
2015020600100542,2015년 2월 6일 21시,금요일,강원도 춘천시 퇴계동,경상사고,0,0,3,0,차대차 - 측면직각충돌,안전운전불이행,건조,맑음,단일로 - 기타,승용,여,33세,상해없음,승용,남,55세,경상
2015020600100543,2015년 2월 6일 21시,금요일,강원도 원주시 무실동,경상사고,0,0,1,0,차대사람 - 횡단중,안전운전불이행,건조,맑음,기타 - 기타,승용,남,30세,상해없음,보행자,여,43세,경상
2015020600100544,2015년 2월 6일 21시,금요일,강원도 속초시 중앙동,경상사고,0,0,2,0,차대차 - 측면직각충돌,교차로운행방법위반,건조,맑음,교차로 - 교차로안,승용,남,40세,상해없음,승용,여,56세,경상
2015020600100545,2015년 2월 6일 21시,금요일,강원도 정선군 고한읍,경상사고,0,0,1,0,차대차 - 정면충돌,중앙선침범,건조,맑음,단일로 - 기타,승용,남,34세,상해없음,승용,여,52세,경상
2015020600100572,2015년 2월 6일 22시,금요일,강원도 삼척시 교동,중상사고,0,1,0,0,차대사람 - 횡단중,보행자보호의무위반,건조,맑음,교차로 - 교차로안,승용,남,40세,상해없음,보행자,남,38세,중상
2015020600100604,2015년 2월 6일 23시,금요일,강원도 속초시 조양동,경상사고,0,0,2,0,차대차 - 추돌 - 주정차중,안전운전불이행,건조,맑음,교차로 - 교차로부근,승용,여,43세,상해없음,승용,남,36세,경상
2015020700100105,2015년 2월 7일 07시,토요일,강원도 춘천시 후평동,경상사고,0,0,2,0,차대차 - 추돌 - 진행중,안전운전불이행,건조,맑음,교차로 - 교차로부근,승용,남,22세,상해없음,승용,여,50세,경상
2015020700100119,2015년 2월 7일 08시,토요일,강원도 원주시 평원동,경상사고,0,0,2,0,차대차 - 추돌 - 진행중,안전운전불이행,건조,맑음,단일로 - 기타,승용,여,51세,상해없음,승용,여,54세,경상
2015020700100161,2015년 2월 7일 10시,토요일,강원도 강릉시 성남동,경상사고,0,0,1,0,차대사람 - 기타,안전운전불이행,건조,맑음,단일로 - 기타,승용,남,46세,상해없음,보행자,여,60세,경상
2015020700100262,2015년 2월 7일 14시,토요일,강원도 영월군 한반도면,경상사고,0,0,1,2,차대차 - 측면직각충돌,중앙선침범,건조,맑음,단일로 - 기타,승용,남,55세,상해없음,승용,남,35세,경상
2015020700100296,2015년 2월 7일 15시,토요일,강원도 태백시 황지동,부상신고사고,0,0,0,6,차대차 - 측면직각충돌,직진우회전진행방해,건조,맑음,교차로 - 교차로부근,승용,여,50세,부상신고,승용,남,50세,부상신고
2015020700100448,2015년 2월 7일 20시,토요일,강원도 강릉시 입암동,중상사고,0,1,0,0,차대사람 - 횡단중,보행자보호의무위반,건조,맑음,단일로 - 횡단보도상,승용,남,37세,상해없음,보행자,여,65세,중상
2015020700100449,2015년 2월 7일 20시,토요일,강원도 양양군 양양읍,사망사고,1,0,0,0,차대사람 - 길가장자리구역통행중,안전운전불이행,건조,흐림,단일로 - 기타,승용,남,45세,상해없음,보행자,남,53세,사망