사고번호,사고일시,요일,시군구,사고내용,사망자수,중상자수,경상자수,부상신고자수,사고유형,법규위반,노면상태,기상상태,도로형태,가해운전자 차종,가해운전자 성별,가해운전자 연령,가해운전자 상해정도,피해운전자 차종,피해운전자 성별,피해운전자 연령,피해운전자 상해정도
2015021400100266,2015년 2월 14일 12시,토요일,강원도 양양군 현북면,경상사고,0,0,3,0,차대차 - 추돌 - 진행중,안전운전불이행,건조,맑음,단일로 - 기타,승용,남,74세,상해없음,승용,남,57세,경상
2015021400100332,2015년 2월 14일 14시,토요일,강원도 속초시 노학동,경상사고,0,0,1,0,차대차 - 추돌 - 진행중,안전운전불이행,건조,맑음,교차로 - 교차로안,승용,남,38세,상해없음,이륜,남,24세,경상
2015021400100385,2015년 2월 14일 16시,토요일,강원도 강릉시 교동,중상사고,0,3,1,0,차대차 - 정면충돌,안전운전불이행,건조,맑음,교차로 - 교차로안,승용,남,30세,상해없음,승용,남,41세,경상
2015021400100386,2015년 2월 14일 16시,토요일,강원도 원주시 단계동,경상사고,0,0,1,0,차대사람 - 횡단중,안전운전불이행,건조,흐림,단일로 - 기타,화물,남,63세,상해없음,보행자,여,80세,경상
2015021400100387,2015년 2월 14일 16시,토요일,강원도 동해시 효가동,중상사고,0,1,0,0,차대차 - 측면직각충돌,교차로운행방법위반,건조,맑음,교차로 - 교차로안,승용,남,62세,상해없음,이륜,남,66세,중상
2015021400100420,2015년 2월 14일 17시,토요일,강원도 원주시 단계동,중상사고,0,1,0,0,차대사람 - 기타,교차로운행방법위반,건조,맑음,교차로 - 교차로부근,승용,여,48세,상해없음,보행자,남,66세,중상
2015021400100421,2015년 2월 14일 17시,토요일,강원도 원주시 단계동,중상사고,0,1,0,0,차대차 - 측면직각충돌,안전운전불이행,건조,흐림,단일로 - 기타,승용,남,36세,상해없음,자전거,남,67세,중상
2015021400100456,2015년 2월 14일 18시,토요일,강원도 철원군 철원읍,중상사고,0,1,0,0,차대사람 - 길가장자리구역통행중,안전운전불이행,건조,맑음,단일로 - 기타,승용,남,52세,상해없음,보행자,여,69세,중상
2015021400100494,2015년 2월 14일 19시,토요일,강원도 횡성군 안흥면,중상사고,0,1,0,0,차량단독 - 공작물충돌,안전운전불이행,습기,맑음,단일로 - 기타,승용,남,24세,상해없음,,,,
2015021400100525,2015년 2월 14일 20시,토요일,강원도 원주시 관설동,중상사고,0,1,0,1,차대차 - 측면직각충돌,직진우회전진행방해,건조,맑음,교차로 - 교차로안,승합,남,42세,상해없음,승용,여,32세,중상
2015021400100526,2015년 2월 14일 20시,토요일,강원도 홍천군 홍천읍,경상사고,0,0,1,0,차대차 - 측면직각충돌,안전운전불이행,건조,맑음,교차로 - 교차로안,승용,남,24세,상해없음,원동기,남,17세,경상
2015021400100564,2015년 2월 14일 21시,토요일,강원도 원주시 단구동,중상사고,0,1,0,0,차대차 - 기타,안전운전불이행,건조,맑음,단일로 - 기타,승용,남,22세,상해없음,이륜,남,59세,중상
2015021400100606,2015년 2월 14일 22시,토요일,강원도 동해시 쇄운동,중상사고,0,1,0,0,차대차 - 추돌 - 진행중,안전운전불이행,건조,맑음,단일로 - 기타,이륜,남,19세,중상,승합,남,44세,상해없음
2015021500100008,2015년 2월 15일 00시,일요일,강원도 원주시 문막읍,중상사고,0,1,3,0,차대차 - 측면직각충돌,교차로운행방법위반,건조,맑음,교차로 - 교차로부근,승용,남,55세,상해없음,승용,여,25세,경상
2015021500100093,2015년 2월 15일 06시,일요일,강원도 춘천시 석사동,중상사고,0,1,0,0,차대차 - 측면직각충돌,신호위반,건조,맑음,교차로 - 교차로안,승용,여,48세,상해없음,승용,남,70세,중상
2015021500100094,2015년 2월 15일 06시,일요일,강원도 삼척시 원덕읍,경상사고,0,0,2,0,차량단독 - 공작물충돌,안전운전불이행,건조,맑음,교차로 - 교차로부근,화물,남,38세,상해없음,,,,
2015021500100160,2015년 2월 15일 10시,일요일,강원도 원주시 태장동,경상사고,0,0,2,0,차대차 - 정면충돌,중앙선침범,건조,맑음,교차로 - 교차로부근,승용,여,47세,상해없음,승용,남,49세,경상
2015021500100161,2015년 2월 15일 10시,일요일,강원도 고성군 토성면,중상사고,0,1,0,0,차대차 - 정면충돌,중앙선침범,건조,맑음,단일로 - 기타,승용,남,55세,상해없음,승용,남,46세,중상
2015021500100180,2015년 2월 15일 11시,일요일,강원도 인제군 남면,중상사고,0,1,1,0,차대차 - 추돌 - 진행중,안전운전불이행,건조,맑음,단일로 - 기타,승합,남,45세,상해없음,화물,남,64세,경상
2015021500100194,2015년 2월 15일 12시,일요일,강원도 춘천시 후평동,중상사고,0,1,0,0,차대사람 - 차도통행중,중앙선침범,건조,맑음,단일로 - 기타,승합,남,46세,상해없음,보행자,여,58세,중상
2015021500100195,2015년 2월 15일 12시,일요일,강원도 춘천시 온의동,경상사고,0,0,3,0,차대차 - 추돌 - 진행중,안전운전불이행,건조,맑음,교차로 - 교차로안,승용,남,25세,상해없음,승용,남,35세,경상
2015021500100196,2015년 2월 15일 12시,일요일,강원도 인제군 상남면,경상사고,0,0,1,0,차대차 - 측면직각충돌,안전운전불이행,건조,맑음,단일로 - 기타,승용,여,52세,상해없음,원동기,남,77세,경상
2015021500100210,2015년 2월 15일 13시,일요일,강원도 양구군 양구읍,경상사고,0,0,1,0,차대차 - 측면직각충돌,안전운전불이행,건조,맑음,교차로 - 교차로부근,승용,남,42세,상해없음,이륜,남,33세,경상
2015021500100211,2015년 2월 15일 13시,일요일,강원도 양구군 양구읍,중상사고,0,2,3,0,차대차 - 측면직각충돌,교차로운행방법위반,건조,맑음,교차로 - 교차로안,화물,남,54세,상해없음,승용,남,33세,경상
2015021500100226,2015년 2월 15일 14시,일요일,강원도 춘천시 후평동,경상사고,0,0,1,0,차대사람 - 길가장자리구역통행중,안전운전불이행,건조,맑음,단일로 - 기타,승용,남,79세,상해없음,보행자,여,32세,경상
2015021500100227,2015년 2월 15일 14시,일요일,강원도 원주시 학성동,경상사고,0,0,1,0,차대차 - 측면직각충돌,신호위반,건조,맑음,교차로 - 교차로안,승용,남,30세,상해없음,승용,여,45세,경상
2015021500100250,2015년 2월 15일 15시,일요일,강원도 양양군 서면,중상사고,0,2,0,0,차대차 - 정면충돌,중앙선침범,건조,맑음,단일로 - 기타,승용,남,32세,상해없음,승용,남,25세,중상
2015021500100301,2015년 2월 15일 17시,일요일,강원도 원주시 학성동,경상사고,0,0,1,0,차대차 - 기타,안전운전불이행,건조,맑음,단일로 - 기타,승용,남,58세,상해없음,승용,남,38세,경상
2015021500100366,2015년 2월 15일 19시,일요일,강원도 춘천시 효자동,경상사고,0,0,1,0,차대차 - 측면직각충돌,신호위반,건조,맑음,교차로 - 교차로안,승용,남,75세,상해없음,승용,여,46세,경상
2015021500100367,2015년 2월 15일 19시,일요일,강원도 원주시 단구동,경상사고,0,0,1,0,차대사람 - 횡단중,안전운전불이행,건조,맑음,교차로 - 교차로부근,승용,여,44세,상해없음,보행자,여,2세,상해없음
2015021500100396,2015년 2월 15일 20시,일요일,강원도 원주시 가현동,중상사고,0,1,1,0,차대차 - 측면직각충돌,신호위반,건조,맑음,교차로 - 교차로안,이륜,남,17세,중상,승용,남,31세,경상
2015021500100427,2015년 2월 15일 21시,일요일,강원도 영월군 한반도면,중상사고,0,1,0,0,차량단독 - 도로외이탈 - 추락,안전운전불이행,건조,맑음,단일로 - 기타,이륜,남,72세,중상,,,,
2015021600100144,2015년 2월 16일 08시,월요일,강원도 강릉시 주문진읍,경상사고,0,0,1,0,차대사람 - 길가장자리구역통행중,안전운전불이행,건조,맑음,단일로 - 기타,승용,여,58세,기타불명,보행자,여,72세,경상
2015021600100145,2015년 2월 16일 08시,월요일,강원도 양양군 양양읍,중상사고,0,1,0,0,차대차 - 측면직각충돌,직진우회전진행방해,습기,흐림,교차로 - 교차로안,승용,남,65세,상해없음,승용,여,44세,중상
2015021600100243,2015년 2월 16일 11시,월요일,강원도 춘천시 소양로1가,중상사고,0,2,2,0,차대차 - 측면직각충돌,신호위반,습기,비,교차로 - 교차로안,화물,남,44세,상해없음,승용,남,31세,경상
2015021600100244,2015년 2월 16일 11시,월요일,강원도 강릉시 노암동,중상사고,0,1,0,0,차대차 - 측면직각충돌,안전운전불이행,건조,맑음,교차로 - 교차로안,화물,남,65세,상해없음,이륜,남,69세,중상
2015021600100245,2015년 2월 16일 11시,월요일,강원도 춘천시 동산면,경상사고,0,0,1,0,차대차 - 추돌 - 진행중,안전운전불이행,습기,비,단일로 - 기타,승용,남,53세,상해없음,승용,남,44세,경상
2015021600100264,2015년 2월 16일 12시,월요일,강원도 속초시 교동,경상사고,0,0,2,0,차대차 - 추돌 - 진행중,안전운전불이행,습기,비,교차로 - 교차로부근,승합,남,46세,상해없음,승합,남,48세,상해없음
2015021600100322,2015년 2월 16일 14시,월요일,강원도 원주시 단계동,중상사고,0,1,0,0,차대차 - 추돌 - 진행중,안전거리미확보,건조,맑음,교차로 - 교차로부근,승용,여,41세,상해없음,승용,남,66세,중상
2015021600100356,2015년 2월 16일 15시,월요일,강원도 강릉시 노암동,경상사고,0,0,1,0,차대사람 - 횡단중,보행자보호의무위반,건조,맑음,단일로 - 횡단보도상,화물,남,45세,상해없음,보행자,여,55세,경상
2015021600100357,2015년 2월 16일 15시,월요일,강원도 태백시 화전동,중상사고,0,1,0,1,차량단독 - 도로외이탈 - 추락,안전운전불이행,적설,눈,기타 - 기타,승용,여,47세,부상신고,,,,
2015021600100380,2015년 2월 16일 16시,월요일,강원도 홍천군 동면,중상사고,0,1,1,0,차대차 - 정면충돌,중앙선침범,건조,맑음,단일로 - 기타,화물,남,28세,상해없음,승용,남,56세,경상
2015021600100381,2015년 2월 16일 16시,월요일,강원도 철원군 동송읍,경상사고,0,0,1,0,차대차 - 측면직각충돌,안전운전불이행,건조,맑음,교차로 - 교차로안,승합,남,71세,상해없음,승용,남,41세,상해없음
2015021600100423,2015년 2월 16일 17시,월요일,강원도 원주시 무실동,중상사고,0,1,0,0,차대차 - 정면충돌,중앙선침범,건조,맑음,교차로 - 교차로부근,승용,남,59세,상해없음,승용,남,54세,중상
2015021600100470,2015년 2월 16일 18시,월요일,강원도 춘천시 석사동,경상사고,0,0,4,0,차대차 - 측면직각충돌,안전운전불이행,건조,맑음,교차로 - 교차로부근,승용,여,65세,상해없음,승용,남,36세,경상
2015021600100471,2015년 2월 16일 18시,월요일,강원도 강릉시 유천동,경상사고,0,0,2,0,차대차 - 측면직각충돌,기타,건조,맑음,단일로 - 기타,승용,남,31세,상해없음,승용,여,44세,경상
2015021600100472,2015년 2월 16일 18시,월요일,강원도 원주시 무실동,부상신고사고,0,0,0,1,차대차 - 측면직각충돌,교차로운행방법위반,습기,비,교차로 - 교차로부근,승용,여,20세,부상신고,승용,남,18세,상해없음
2015021600100531,2015년 2월 16일 19시,월요일,강원도 춘천시 퇴계동,경상사고,0,0,3,0,차대차 - 추돌 - 진행중,안전거리미확보,습기,맑음,단일로 - 기타,승용,여,67세,상해없음,승용,남,27세,경상
2015021600100532,2015년 2월 16일 19시,월요일,강원도 춘천시 동면,경상사고,0,0,1,0,차대차 - 추돌 - 진행중,안전운전불이행,습기,비,교차로 - 교차로안,승합,남,52세,상해없음,승용,여,36세,경상
2015021600100533,2015년 2월 16일 19시,월요일,강원도 강릉시 입암동,경상사고,0,0,2,0,차대차 - 측면직각충돌,안전운전불이행,습기,비,단일로 - 기타,승용,남,57세,상해없음,승용,남,56세,상해없음
2015021600100534,2015년 2월 16일 19시,월요일,강원도 동해시 천곡동,경상사고,0,0,1,0,차대사람 - 횡단중,보행자보호의무위반,습기,비,단일로 - 횡단보도상,승용,여,40세,상해없음,보행자,여,64세,경상
2015021600100576,2015년 2월 16일 20시,월요일,강원도 강릉시 주문진읍,중상사고,0,1,0,0,차대사람 - 횡단중,안전운전불이행,습기,비,교차로 - 교차로부근,원동기,남,17세,상해없음,보행자,여,65세,중상
2015021600100687,2015년 2월 16일 23시,월요일,강원도 홍천군 홍천읍,중상사고,0,1,0,0,차대사람 - 횡단중,안전운전불이행,습기,비,단일로 - 기타,승용,여,53세,상해없음,보행자,여,77세,중상
2015021700100043,2015년 2월 17일 01시,화요일,강원도 춘천시 효자동,경상사고,0,0,1,0,차대사람 - 길가장자리구역통행중,안전운전불이행,습기,흐림,단일로 - 기타,승용,남,27세,상해없음,보행자,남,17세,경상
2015021700100055,2015년 2월 17일 02시,화요일,강원도 속초시 교동,사망사고,1,1,0,0,차대사람 - 기타,안전운전불이행,습기,비,단일로 - 기타,승용,남,28세,상해없음,보행자,남,54세,사망
2015021700100086,2015년 2월 17일 05시,화요일,강원도 속초시 조양동,중상사고,0,1,0,0,차대사람 - 횡단중,안전운전불이행,습기,비,단일로 - 횡단보도상,승용,남,68세,상해없음,보행자,여,59세,중상
2015021700100121,2015년 2월 17일 07시,화요일,강원도 삼척시 남양동,경상사고,0,0,2,0,차대차 - 측면직각충돌,신호위반,건조,맑음,교차로 - 교차로안,화물,남,64세,경상,승용,남,36세,경상
2015021700100122,2015년 2월 17일 07시,화요일,강원도 삼척시 등봉동,중상사고,0,1,1,0,차대차 - 측면직각충돌,중앙선침범,결빙,맑음,단일로 - 기타,화물,남,37세,경상,승합,남,51세,중상
2015021700100140,2015년 2월 17일 08시,화요일,강원도 강릉시 사천면,경상사고,0,0,1,0,차대차 - 기타,안전운전불이행,결빙,맑음,단일로 - 기타,화물,여,41세,상해없음,이륜,남,68세,경상
2015021700100141,2015년 2월 17일 08시,화요일,강원도 강릉시 저동,경상사고,0,0,1,0,차대차 - 정면충돌,중앙선침범,결빙,맑음,단일로 - 기타,승용,남,32세,상해없음,승용,여,42세,경상
2015021700100202,2015년 2월 17일 10시,화요일,강원도 춘천시 소양로1가,경상사고,0,0,1,0,차대차 - 측면직각충돌,교차로운행방법위반,건조,맑음,교차로 - 교차로안,승용,남,53세,상해없음,승용,남,37세,경상
2015021700100203,2015년 2월 17일 10시,화요일,강원도 강릉시 주문진읍,중상사고,0,1,0,0,차대차 - 측면직각충돌,신호위반,건조,맑음,교차로 - 교차로안,승용,남,61세,상해없음,자전거,남,86세,중상
2015021700100204,2015년 2월 17일 10시,화요일,강원도 횡성군 횡성읍,중상사고,0,1,1,0,차대차 - 추돌 - 진행중,안전운전불이행,건조,맑음,교차로 - 교차로안,승용,남,81세,상해없음,승용,여,53세,경상
2015021700100234,2015년 2월 17일 11시,화요일,강원도 강릉시 주문진읍,경상사고,0,0,1,0,차대사람 - 기타,안전운전불이행,습기,비,단일로 - 기타,원동기,여,54세,상해없음,보행자,남,32세,경상
2015021700100235,2015년 2월 17일 11시,화요일,강원도 철원군 서면,중상사고,0,2,0,0,차대차 - 측면직각충돌,중앙선침범,적설,흐림,단일로 - 기타,승용,남,69세,중상,화물,남,53세,상해없음
2015021700100276,2015년 2월 17일 12시,화요일,강원도 춘천시 온의동,경상사고,0,0,1,0,차대차 - 측면직각충돌,교차로운행방법위반,건조,맑음,교차로 - 교차로안,승용,남,63세,상해없음,화물,남,32세,상해없음
2015021700100308,2015년 2월 17일 13시,화요일,강원도 동해시 발한동,중상사고,0,1,0,0,차대차 - 측면직각충돌,교차로운행방법위반,건조,맑음,교차로 - 교차로안,화물,남,59세,상해없음,이륜,남,58세,중상
2015021700100341,2015년 2월 17일 14시,화요일,강원도 홍천군 서석면,중상사고,0,1,0,0,차대차 - 정면충돌,중앙선침범,결빙,눈,단일로 - 기타,승용,여,41세,상해없음,승용,남,35세,상해없음
2015021700100450,2015년 2월 17일 17시,화요일,강원도 춘천시 석사동,경상사고,0,0,1,0,차대차 - 측면직각충돌,신호위반,건조,흐림,교차로 - 교차로안,승용,여,49세,상해없음,승용,남,47세,경상
2015021700100485,2015년 2월 17일 18시,화요일,강원도 춘천시 후평동,경상사고,0,0,1,0,차대차 - 측면직각충돌,교차로운행방법위반,건조,맑음,교차로 - 교차로안,승용,여,47세,상해없음,이륜,남,27세,경상
2015021700100486,2015년 2월 17일 18시,화요일,강원도 원주시 소초면,사망사고,1,1,0,0,차대차 - 추돌 - 주정차중,안전거리미확보,건조,맑음,교차로 - 교차로부근,화물,남,46세,사망,화물,남,44세,중상
2015021700100487,2015년 2월 17일 18시,화요일,강원도 원주시 단계동,경상사고,0,0,1,0,차대차 - 추돌 - 주정차중,차로위반,건조,맑음,단일로 - 기타,승용,남,34세,상해없음,이륜,남,33세,경상
2015021700100488,2015년 2월 17일 18시,화요일,강원도 원주시 단계동,중상사고,0,2,0,0,차대차 - 측면직각충돌,안전운전불이행,건조,맑음,교차로 - 교차로안,승용,여,53세,중상,승용,여,43세,상해없음
2015021700100489,2015년 2월 17일 18시,화요일,강원도 평창군 대관령면,경상사고,0,0,4,0,차대차 - 측면직각충돌,중앙선침범,결빙,맑음,단일로 - 기타,승용,남,35세,상해없음,승용,남,28세,경상
2015021700100536,2015년 2월 17일 19시,화요일,강원도 강릉시 교동,경상사고,0,0,2,0,차대차 - 기타,중앙선침범,건조,맑음,단일로 - 기타,승용,여,50세,상해없음,원동기,남,16세,경상
2015021700100575,2015년 2월 17일 20시,화요일,강원도 원주시 개운동,중상사고,0,1,0,0,차대차 - 추돌 - 진행중,안전운전불이행,건조,맑음,단일로 - 기타,승용,남,45세,상해없음,이륜,남,19세,중상
2015021700100610,2015년 2월 17일 21시,화요일,강원도 홍천군 홍천읍,중상사고,0,1,0,0,차량단독 - 기타,안전운전불이행,건조,맑음,단일로 - 기타,승합,남,62세,상해없음,,,,
2015021700100644,2015년 2월 17일 22시,화요일,강원도 홍천군 홍천읍,경상사고,0,0,1,0,차대차 - 측면직각충돌,안전거리미확보,건조,맑음,단일로 - 기타,승용,남,18세,상해없음,승용,남,49세,상해없음
2015021800100060,2015년 2월 18일 03시,수요일,강원도 원주시 단계동,경상사고,0,0,1,0,차대사람 - 기타,안전운전불이행,건조,맑음,단일로 - 기타,승용,남,24세,상해없음,보행자,남,24세,경상
2015021800100096,2015년 2월 18일 07시,수요일,강원도 춘천시 중앙로1가,경상사고,0,0,1,0,차대차 - 측면직각충돌,안전운전불이행,습기,안개,교차로 - 교차로안,승용,남,78세,상해없음,승합,남,49세,상해없음
2015021800100111,2015년 2월 18일 09시,수요일,강원도 원주시 문막읍,중상사고,0,1,0,0,차대차 - 추돌 - 진행중,불법유턴,건조,흐림,단일로 - 기타,화물,남,67세,상해없음,승용,여,30세,중상
2015021800100128,2015년 2월 18일 10시,수요일,강원도 태백시 화전동,부상신고사고,0,0,0,1,차대차 - 추돌 - 진행중,안전운전불이행,습기,맑음,단일로 - 기타,승용,남,56세,기타불명,승용,남,31세,부상신고
2015021800100146,2015년 2월 18일 11시,수요일,강원도 동해시 효가동,부상신고사고,0,0,0,2,차대차 - 추돌 - 주정차중,안전운전불이행,건조,맑음,교차로 - 교차로부근,승용,여,76세,상해없음,승용,남,57세,부상신고
2015021800100174,2015년 2월 18일 12시,수요일,강원도 원주시 학성동,중상사고,0,1,0,0,차대사람 - 기타,안전운전불이행,습기,흐림,단일로 - 기타,승용,남,51세,상해없음,보행자,남,64세,중상
2015021800100175,2015년 2월 18일 12시,수요일,강원도 동해시 효가동,경상사고,0,0,1,0,차대차 - 측면직각충돌,중앙선침범,건조,맑음,교차로 - 교차로안,승용,남,21세,상해없음,승용,남,44세,상해없음
2015021800100193,2015년 2월 18일 13시,수요일,강원도 태백시 황지동,경상사고,0,0,1,0,차대차 - 측면직각충돌,신호위반,건조,맑음,교차로 - 교차로안,승용,남,37세,상해없음,승용,남,60세,경상
2015021800100231,2015년 2월 18일 15시,수요일,강원도 정선군 사북읍,경상사고,0,0,3,0,차대차 - 정면충돌,중앙선침범,건조,맑음,교차로 - 교차로부근,화물,남,54세,상해없음,승용,남,32세,경상
2015021800100243,2015년 2월 18일 16시,수요일,강원도 속초시 조양동,경상사고,0,0,1,0,차대차 - 추돌 - 진행중,안전운전불이행,건조,맑음,교차로 - 교차로부근,승용,남,28세,상해없음,승용,남,53세,경상
2015021800100244,2015년 2월 18일 16시,수요일,강원도 정선군 임계면,중상사고,0,1,0,0,차량단독 - 공작물충돌,안전운전불이행,결빙,눈,단일로 - 기타,화물,남,57세,상해없음,,,,
2015021800100258,2015년 2월 18일 17시,수요일,강원도 홍천군 홍천읍,경상사고,0,0,1,0,차대차 - 측면직각충돌,교차로운행방법위반,습기,흐림,교차로 - 교차로안,승용,남,30세,상해없음,승용,남,29세,경상
2015021800100276,2015년 2월 18일 18시,수요일,강원도 양양군 양양읍,경상사고,0,0,1,0,차대차 - 추돌 - 진행중,교차로운행방법위반,건조,맑음,교차로 - 교차로안,승용,남,41세,상해없음,승용,여,50세,경상
2015021800100324,2015년 2월 18일 20시,수요일,강원도 원주시 단계동,경상사고,0,0,1,0,차대차 - 측면직각충돌,안전운전불이행,건조,맑음,교차로 - 교차로안,승용,남,35세,상해없음,승용,남,25세,경상
2015021800100325,2015년 2월 18일 20시,수요일,강원도 속초시 장사동,경상사고,0,0,4,0,차대차 - 측면직각충돌,안전운전불이행,건조,맑음,단일로 - 기타,승용,남,61세,상해없음,승용,남,37세,경상
2015021800100326,2015년 2월 18일 20시,수요일,강원도 양구군 양구읍,경상사고,0,0,1,0,차대차 - 정면충돌,중앙선침범,습기,눈,단일로 - 기타,승용,여,36세,상해없음,원동기,남,16세,경상
2015021800100345,2015년 2월 18일 21시,수요일,강원도 원주시 명륜동,경상사고,0,0,1,1,차대차 - 측면직각충돌,교차로운행방법위반,습기,비,교차로 - 교차로부근,승용,여,57세,부상신고,화물,남,48세,경상
2015021900100007,2015년 2월 19일 00시,목요일,강원도 속초시 교동,경상사고,0,0,3,0,차대사람 - 횡단중,보행자보호의무위반,건조,맑음,교차로 - 교차로안,승용,남,57세,상해없음,보행자,남,28세,경상
2015021900100008,2015년 2월 19일 00시,목요일,강원도 인제군 북면,사망사고,1,0,0,1,차대차 - 추돌 - 진행중,안전운전불이행,적설,눈,단일로 - 기타,승용,남,19세,부상신고,건설기계,남,54세,상해없음
2015021900100009,2015년 2월 19일 00시,목요일,강원도 철원군 동송읍,중상사고,0,2,0,0,차대사람 - 횡단중,보행자보호의무위반,건조,맑음,단일로 - 횡단보도상,승용,남,36세,상해없음,보행자,남,56세,중상
2015021900100010,2015년 2월 19일 00시,목요일,강원도 동해시 부곡동,경상사고,0,0,1,0,차대차 - 측면직각충돌,신호위반,습기,비,교차로 - 교차로안,승용,남,25세,상해없음,승용,여,43세,경상
2015021900100034,2015년 2월 19일 02시,목요일,강원도 횡성군 안흥면,중상사고,0,2,1,0,차대차 - 추돌 - 주정차중,안전운전불이행,결빙,맑음,단일로 - 기타,승용,남,23세,상해없음,화물,남,40세,경상
2015021900100046,2015년 2월 19일 04시,목요일,강원도 원주시 문막읍,경상사고,0,0,1,0,차대차 - 추돌 - 주정차중,안전거리미확보,건조,맑음,교차로 - 교차로부근,승용,남,22세,상해없음,승용,남,37세,경상
2015021900100052,2015년 2월 19일 05시,목요일,강원도 원주시 무실동,경상사고,0,0,1,0,차대차 - 기타,신호위반,건조,흐림,교차로 - 교차로안,승용,남,34세,상해없음,승용,남,55세,경상
2015021900100104,2015년 2월 19일 11시,목요일,강원도 춘천시 사북면,경상사고,0,0,3,0,차대차 - 측면직각충돌,중앙선침범,건조,맑음,단일로 - 기타,승용,남,40세,상해없음,승용,남,42세,경상
2015021900100105,2015년 2월 19일 11시,목요일,강원도 강릉시 옥계면,경상사고,0,0,1,0,차대차 - 기타,안전거리미확보,건조,맑음,단일로 - 기타,승용,남,20세,상해없음,승용,남,46세,경상
2015021900100125,2015년 2월 19일 12시,목요일,강원도 횡성군 횡성읍,경상사고,0,0,1,0,차량단독 - 도로외이탈 - 추락,안전운전불이행,건조,맑음,단일로 - 기타,승용,남,34세,상해없음,,,,
2015021900100149,2015년 2월 19일 13시,목요일,강원도 원주시 우산동,중상사고,0,1,0,0,차대차 - 추돌 - 진행중,안전거리미확보,건조,맑음,교차로 - 교차로안,승합,남,41세,상해없음,승용,남,53세,중상
2015021900100150,2015년 2월 19일 13시,목요일,강원도 양양군 서면,중상사고,0,3,1,0,차대차 - 측면직각충돌,안전운전불이행,건조,맑음,단일로 - 기타,승용,남,53세,상해없음,승용,남,47세,중상
2015021900100151,2015년 2월 19일 13시,목요일,강원도 정선군 고한읍,경상사고,0,0,3,0,차대차 - 측면직각충돌,안전운전불이행,결빙,맑음,단일로 - 기타,승용,남,53세,상해없음,승용,남,28세,경상
2015021900100167,2015년 2월 19일 14시,목요일,강원도 춘천시 퇴계동,경상사고,0,0,1,0,차대차 - 측면직각충돌,안전운전불이행,건조,맑음,단일로 - 기타,승용,남,57세,상해없음,승용,남,55세,경상
2015021900100168,2015년 2월 19일 14시,목요일,강원도 원주시 신림면,중상사고,0,1,0,0,차대차 - 기타,교차로운행방법위반,건조,맑음,교차로 - 교차로안,승용,남,32세,상해없음,승용,여,67세,중상
2015021900100220,2015년 2월 19일 16시,목요일,강원도 영월군 한반도면,경상사고,0,0,1,0,차대차 - 정면충돌,중앙선침범,건조,맑음,단일로 - 기타,승용,남,71세,상해없음,승용,여,34세,경상
2015021900100221,2015년 2월 19일 16시,목요일,강원도 양구군 양구읍,부상신고사고,0,0,0,3,차대차 - 추돌 - 주정차중,안전운전불이행,건조,맑음,단일로 - 횡단보도부근,화물,남,53세,상해없음,승용,남,34세,부상신고
2015021900100236,2015년 2월 19일 17시,목요일,강원도 원주시 단계동,중상사고,0,4,2,0,차대차 - 추돌 - 주정차중,안전운전불이행,건조,맑음,단일로 - 기타,승합,남,76세,상해없음,승용,남,41세,중상
2015021900100256,2015년 2월 19일 18시,목요일,강원도 원주시 문막읍,경상사고,0,0,2,0,차대차 - 추돌 - 주정차중,안전거리미확보,건조,맑음,교차로 - 교차로안,승용,남,46세,상해없음,승용,남,55세,경상
2015021900100257,2015년 2월 19일 18시,목요일,강원도 영월군 영월읍,중상사고,0,1,0,2,차대차 - 측면직각충돌,교차로운행방법위반,건조,맑음,교차로 - 교차로안,승용,여,34세,부상신고,승용,남,68세,부상신고
2015021900100272,2015년 2월 19일 19시,목요일,강원도 양구군 동면,경상사고,0,0,1,0,차대차 - 추돌 - 진행중,안전거리미확보,건조,흐림,단일로 - 기타,승용,남,32세,상해없음,승용,남,69세,경상
2015021900100323,2015년 2월 19일 22시,목요일,강원도 강릉시 교동,경상사고,0,0,2,0,차대차 - 측면직각충돌,안전운전불이행,건조,맑음,교차로 - 교차로안,승용,남,37세,상해없음,승용,여,28세,경상
2015021900100324,2015년 2월 19일 22시,목요일,강원도 원주시 단계동,경상사고,0,0,3,1,차대차 - 측면직각충돌,안전거리미확보,건조,맑음,단일로 - 기타,승용,남,36세,상해없음,승용,남,53세,부상신고
2015021900100325,2015년 2월 19일 22시,목요일,강원도 원주시 문막읍,중상사고,0,1,0,0,차대차 - 측면직각충돌,안전운전불이행,건조,맑음,단일로 - 기타,승용,남,54세,상해없음,승용,여,42세,중상
2015022000100005,2015년 2월 20일 00시,금요일,강원도 춘천시 동내면,경상사고,0,0,1,0,차대차 - 추돌 - 주정차중,안전운전불이행,건조,맑음,교차로 - 교차로부근,승용,남,49세,상해없음,화물,남,34세,경상
2015022000100027,2015년 2월 20일 02시,금요일,강원도 강릉시 주문진읍,사망사고,1,0,0,0,차대사람 - 차도통행중,안전운전불이행,건조,맑음,단일로 - 기타,승용,남,27세,상해없음,보행자,남,44세,사망
2015022000100065,2015년 2월 20일 07시,금요일,강원도 평창군 진부면,중상사고,0,1,0,0,차량단독 - 공작물충돌,안전운전불이행,건조,맑음,단일로 - 기타,승합,남,51세,상해없음,,,,