사고번호,사고일시,요일,시군구,사고내용,사망자수,중상자수,경상자수,부상신고자수,사고유형,법규위반,노면상태,기상상태,도로형태,가해운전자 차종,가해운전자 성별,가해운전자 연령,가해운전자 상해정도,피해운전자 차종,피해운전자 성별,피해운전자 연령,피해운전자 상해정도
2015032200100493,2015년 3월 22일 20시,일요일,강원도 원주시 흥업면,경상사고,0,0,4,0,차대차 - 기타,차로위반,건조,맑음,교차로 - 교차로부근,승용,남,22세,상해없음,승용,남,25세,경상
2015032200100494,2015년 3월 22일 20시,일요일,강원도 정선군 고한읍,중상사고,0,1,0,0,차량단독 - 도로외이탈 - 추락,기타,건조,맑음,단일로 - 교량,화물,남,47세,상해없음,,,,
2015032200100517,2015년 3월 22일 21시,일요일,강원도 강릉시 성남동,경상사고,0,0,4,0,차대차 - 기타,안전운전불이행,건조,맑음,교차로 - 교차로안,승용,남,22세,상해없음,승용,남,52세,경상
2015032300100067,2015년 3월 23일 07시,월요일,강원도 춘천시 소양로1가,경상사고,0,0,1,0,차대차 - 추돌 - 진행중,안전운전불이행,건조,맑음,교차로 - 교차로안,승용,남,51세,상해없음,승용,여,51세,경상
2015032300100068,2015년 3월 23일 07시,월요일,강원도 화천군 사내면,경상사고,0,0,1,0,차대차 - 측면직각충돌,안전운전불이행,건조,맑음,단일로 - 기타,승용,남,61세,상해없음,승용,남,26세,경상
2015032300100115,2015년 3월 23일 08시,월요일,강원도 속초시 교동,중상사고,0,1,0,0,차대차 - 측면직각충돌,직진우회전진행방해,건조,맑음,교차로 - 교차로안,승용,남,37세,상해없음,승용,남,51세,중상
2015032300100147,2015년 3월 23일 09시,월요일,강원도 춘천시 서면,경상사고,0,0,2,0,차대차 - 측면직각충돌,안전운전불이행,건조,맑음,단일로 - 기타,승용,남,26세,상해없음,승용,여,45세,경상
2015032300100148,2015년 3월 23일 09시,월요일,강원도 원주시 일산동,경상사고,0,0,2,0,차대차 - 측면직각충돌,안전운전불이행,건조,맑음,교차로 - 교차로안,화물,남,45세,상해없음,승용,남,68세,경상
2015032300100170,2015년 3월 23일 10시,월요일,강원도 강릉시 청량동,중상사고,0,2,2,0,차대차 - 추돌 - 진행중,기타,건조,맑음,단일로 - 기타,승용,남,55세,상해없음,승용,남,39세,경상
2015032300100171,2015년 3월 23일 10시,월요일,강원도 동해시 천곡동,경상사고,0,0,1,0,차대차 - 측면직각충돌,직진우회전진행방해,건조,맑음,교차로 - 교차로안,승용,여,40세,상해없음,승용,여,59세,경상
2015032300100212,2015년 3월 23일 11시,월요일,강원도 화천군 하남면,사망사고,1,1,0,0,차대차 - 정면충돌,중앙선침범,건조,맑음,단일로 - 터널,승용,여,47세,사망,승합,남,40세,중상
2015032300100238,2015년 3월 23일 12시,월요일,강원도 원주시 무실동,중상사고,0,1,1,0,차대차 - 추돌 - 주정차중,안전거리미확보,건조,맑음,교차로 - 교차로부근,화물,남,50세,상해없음,승용,남,34세,경상
2015032300100262,2015년 3월 23일 13시,월요일,강원도 원주시 단구동,경상사고,0,0,4,0,차대차 - 측면직각충돌,신호위반,건조,맑음,교차로 - 교차로안,승용,남,29세,상해없음,승용,남,58세,경상
2015032300100263,2015년 3월 23일 13시,월요일,강원도 영월군 영월읍,중상사고,0,1,0,0,차대사람 - 횡단중,보행자보호의무위반,건조,맑음,교차로 - 교차로안,건설기계,남,47세,상해없음,보행자,남,66세,중상
2015032300100292,2015년 3월 23일 14시,월요일,강원도 삼척시 등봉동,경상사고,0,0,2,0,차대차 - 측면직각충돌,안전운전불이행,건조,맑음,교차로 - 교차로안,승용,남,65세,상해없음,승용,남,31세,경상
2015032300100325,2015년 3월 23일 15시,월요일,강원도 강릉시 입암동,경상사고,0,0,1,0,차대차 - 측면직각충돌,신호위반,건조,맑음,교차로 - 교차로안,승용,남,38세,상해없음,승용,여,55세,경상
2015032300100358,2015년 3월 23일 16시,월요일,강원도 강릉시 옥계면,중상사고,0,1,0,0,차대차 - 측면직각충돌,안전운전불이행,건조,맑음,단일로 - 기타,원동기,여,44세,상해없음,자전거,여,79세,중상
2015032300100359,2015년 3월 23일 16시,월요일,강원도 동해시 발한동,사망사고,1,0,0,0,차대사람 - 횡단중,보행자보호의무위반,건조,맑음,단일로 - 횡단보도상,화물,남,55세,상해없음,보행자,여,79세,사망
2015032300100471,2015년 3월 23일 19시,월요일,강원도 원주시 태장동,경상사고,0,0,1,0,차대차 - 측면직각충돌,신호위반,건조,맑음,교차로 - 교차로안,이륜,남,17세,상해없음,승용,여,32세,경상
2015032300100472,2015년 3월 23일 19시,월요일,강원도 양구군 양구읍,중상사고,0,2,0,0,차대차 - 측면직각충돌,직진우회전진행방해,건조,맑음,교차로 - 교차로안,승용,여,53세,상해없음,승용,남,57세,중상
2015032300100569,2015년 3월 23일 22시,월요일,강원도 삼척시 남양동,경상사고,0,0,1,0,차대사람 - 횡단중,안전운전불이행,건조,맑음,교차로 - 교차로안,승합,여,40세,상해없음,보행자,남,62세,경상
2015032300100570,2015년 3월 23일 22시,월요일,강원도 인제군 인제읍,중상사고,0,5,0,0,차대차 - 정면충돌,중앙선침범,건조,맑음,단일로 - 기타,승용,남,69세,상해없음,승용,여,45세,중상
2015032400100010,2015년 3월 24일 00시,화요일,강원도 원주시 우산동,경상사고,0,0,2,0,차대차 - 기타,교차로운행방법위반,건조,맑음,교차로 - 교차로안,승용,여,41세,상해없음,승용,남,41세,경상
2015032400100046,2015년 3월 24일 04시,화요일,강원도 원주시 우산동,경상사고,0,0,1,0,차대사람 - 차도통행중,기타,건조,맑음,단일로 - 기타,승용,남,43세,상해없음,보행자,여,23세,경상
2015032400100123,2015년 3월 24일 08시,화요일,강원도 춘천시 우두동,경상사고,0,0,4,0,차대차 - 측면직각충돌,안전거리미확보,건조,맑음,단일로 - 기타,승용,여,50세,기타불명,승용,남,60세,경상
2015032400100124,2015년 3월 24일 08시,화요일,강원도 평창군 용평면,중상사고,0,1,0,0,차대사람 - 횡단중,안전운전불이행,건조,맑음,단일로 - 기타,승용,남,48세,상해없음,보행자,남,58세,중상
2015032400100164,2015년 3월 24일 09시,화요일,강원도 원주시 무실동,중상사고,0,1,2,0,차대차 - 추돌 - 진행중,안전거리미확보,건조,맑음,교차로 - 교차로부근,승용,여,34세,경상,승용,여,40세,중상
2015032400100209,2015년 3월 24일 11시,화요일,강원도 강릉시 옥천동,경상사고,0,0,1,0,차대차 - 측면직각충돌,안전운전불이행,건조,맑음,교차로 - 교차로안,승용,여,32세,상해없음,자전거,남,48세,경상
2015032400100231,2015년 3월 24일 12시,화요일,강원도 강릉시 포남동,부상신고사고,0,0,0,1,차대사람 - 기타,안전운전불이행,건조,맑음,교차로 - 교차로안,승용,남,66세,상해없음,보행자,여,59세,부상신고
2015032400100232,2015년 3월 24일 12시,화요일,강원도 강릉시 교동,경상사고,0,0,1,0,차대차 - 측면직각충돌,안전운전불이행,건조,맑음,단일로 - 기타,승용,남,58세,상해없음,승용,남,28세,경상
2015032400100261,2015년 3월 24일 13시,화요일,강원도 춘천시 후평동,경상사고,0,0,1,0,차대차 - 측면직각충돌,안전운전불이행,건조,맑음,교차로 - 교차로부근,화물,남,54세,상해없음,승용,남,64세,경상
2015032400100262,2015년 3월 24일 13시,화요일,강원도 원주시 학성동,경상사고,0,0,1,0,차대차 - 정면충돌,교차로운행방법위반,건조,맑음,교차로 - 교차로안,승용,남,67세,상해없음,이륜,남,51세,경상
2015032400100263,2015년 3월 24일 13시,화요일,강원도 원주시 단계동,중상사고,0,1,0,0,차대차 - 측면직각충돌,신호위반,건조,맑음,교차로 - 교차로안,화물,남,58세,상해없음,승용,남,52세,중상
2015032400100264,2015년 3월 24일 13시,화요일,강원도 횡성군 청일면,경상사고,0,0,1,0,차대차 - 정면충돌,중앙선침범,건조,맑음,단일로 - 기타,화물,남,59세,상해없음,승용,남,50세,경상
2015032400100299,2015년 3월 24일 14시,화요일,강원도 속초시 동명동,경상사고,0,0,1,0,차대차 - 추돌 - 진행중,안전운전불이행,건조,맑음,교차로 - 교차로안,원동기,남,68세,상해없음,승용,남,58세,경상
2015032400100345,2015년 3월 24일 16시,화요일,강원도 춘천시 후평동,부상신고사고,0,0,0,1,차대사람 - 횡단중,안전운전불이행,건조,맑음,단일로 - 기타,승용,여,41세,상해없음,보행자,남,14세,부상신고
2015032400100346,2015년 3월 24일 16시,화요일,강원도 양양군 양양읍,경상사고,0,0,1,0,차대차 - 측면직각충돌,직진우회전진행방해,건조,맑음,교차로 - 교차로안,승용,여,56세,상해없음,승용,여,41세,경상
2015032400100347,2015년 3월 24일 16시,화요일,강원도 양구군 양구읍,경상사고,0,0,1,0,차대차 - 측면직각충돌,안전운전불이행,건조,맑음,교차로 - 교차로안,화물,남,52세,상해없음,승용,여,40세,경상
2015032400100380,2015년 3월 24일 17시,화요일,강원도 원주시 문막읍,경상사고,0,0,1,0,차대차 - 측면직각충돌,안전운전불이행,건조,맑음,교차로 - 교차로안,승용,여,53세,상해없음,이륜,남,48세,경상
2015032400100381,2015년 3월 24일 17시,화요일,강원도 동해시 부곡동,중상사고,0,1,0,0,차대차 - 추돌 - 주정차중,안전운전불이행,건조,맑음,단일로 - 기타,승용,남,70세,상해없음,원동기,남,35세,중상
2015032400100472,2015년 3월 24일 19시,화요일,강원도 동해시 용정동,경상사고,0,0,1,0,차대차 - 측면직각충돌,신호위반,건조,맑음,교차로 - 교차로부근,승용,남,59세,상해없음,화물,남,59세,경상
2015032400100518,2015년 3월 24일 20시,화요일,강원도 원주시 관설동,경상사고,0,0,2,0,차대차 - 측면직각충돌,교차로운행방법위반,건조,맑음,교차로 - 교차로안,승용,여,50세,경상,승합,여,47세,경상
2015032400100619,2015년 3월 24일 23시,화요일,강원도 강릉시 홍제동,경상사고,0,0,1,0,차대사람 - 횡단중,안전운전불이행,건조,맑음,교차로 - 교차로부근,승용,여,51세,상해없음,보행자,남,49세,경상
2015032400100620,2015년 3월 24일 23시,화요일,강원도 삼척시 정상동,경상사고,0,0,2,0,차대차 - 추돌 - 주정차중,안전운전불이행,건조,맑음,단일로 - 기타,승용,남,31세,상해없음,승용,남,51세,경상
2015032500100015,2015년 3월 25일 00시,수요일,강원도 원주시 무실동,경상사고,0,0,1,0,차대차 - 측면직각충돌,신호위반,건조,맑음,교차로 - 교차로안,화물,남,54세,상해없음,승합,남,57세,경상
2015032500100078,2015년 3월 25일 07시,수요일,강원도 태백시 철암동,경상사고,0,0,1,0,차대차 - 정면충돌,중앙선침범,건조,맑음,단일로 - 기타,승용,남,61세,상해없음,승용,남,33세,경상
2015032500100263,2015년 3월 25일 12시,수요일,강원도 강릉시 옥천동,경상사고,0,0,1,0,차대사람 - 기타,보행자보호의무위반,건조,맑음,단일로 - 횡단보도상,승용,여,57세,상해없음,보행자,여,53세,경상
2015032500100300,2015년 3월 25일 13시,수요일,강원도 강릉시 교동,경상사고,0,0,1,0,차대차 - 기타,안전운전불이행,건조,맑음,단일로 - 기타,승용,여,55세,상해없음,승용,여,64세,경상
2015032500100301,2015년 3월 25일 13시,수요일,강원도 고성군 토성면,중상사고,0,1,0,0,차대차 - 추돌 - 진행중,안전운전불이행,건조,맑음,단일로 - 기타,승용,남,74세,상해없음,농기계,남,46세,상해없음
2015032500100366,2015년 3월 25일 15시,수요일,강원도 삼척시 남양동,중상사고,0,1,0,0,차대사람 - 기타,안전운전불이행,건조,맑음,단일로 - 기타,승용,남,63세,상해없음,보행자,여,59세,중상
2015032500100367,2015년 3월 25일 15시,수요일,강원도 태백시 통동,경상사고,0,0,1,0,차대사람 - 길가장자리구역통행중,안전운전불이행,건조,맑음,단일로 - 기타,승용,남,65세,상해없음,보행자,남,60세,경상
2015032500100431,2015년 3월 25일 17시,수요일,강원도 춘천시 후평동,경상사고,0,0,1,0,차대차 - 추돌 - 주정차중,안전운전불이행,건조,맑음,단일로 - 기타,승용,남,71세,상해없음,승용,여,32세,경상
2015032500100432,2015년 3월 25일 17시,수요일,강원도 삼척시 사직동,중상사고,0,1,1,0,차대차 - 추돌 - 주정차중,안전운전불이행,건조,맑음,단일로 - 기타,원동기,남,56세,중상,승용,여,59세,경상
2015032500100473,2015년 3월 25일 18시,수요일,강원도 화천군 사내면,경상사고,0,0,5,0,차대사람 - 횡단중,안전운전불이행,건조,맑음,교차로 - 교차로안,화물,남,58세,상해없음,보행자,남,28세,경상
2015032500100522,2015년 3월 25일 19시,수요일,강원도 춘천시 우두동,경상사고,0,0,1,0,차대사람 - 길가장자리구역통행중,안전운전불이행,건조,맑음,단일로 - 기타,이륜,남,17세,상해없음,보행자,남,51세,경상
2015032500100562,2015년 3월 25일 20시,수요일,강원도 동해시 천곡동,경상사고,0,0,2,0,차대차 - 측면직각충돌,안전운전불이행,건조,맑음,교차로 - 교차로안,승용,여,34세,상해없음,승용,여,41세,경상
2015032500100563,2015년 3월 25일 20시,수요일,강원도 동해시 나안동,경상사고,0,0,1,0,차대차 - 측면직각충돌,안전운전불이행,건조,맑음,단일로 - 기타,승용,남,25세,상해없음,승용,남,60세,경상
2015032500100624,2015년 3월 25일 22시,수요일,강원도 속초시 교동,중상사고,0,1,0,0,차대차 - 추돌 - 진행중,신호위반,건조,맑음,교차로 - 교차로안,원동기,남,45세,중상,승용,남,31세,상해없음
2015032600100078,2015년 3월 26일 06시,목요일,강원도 춘천시 동면,경상사고,0,0,1,0,차대차 - 측면직각충돌,직진우회전진행방해,건조,맑음,교차로 - 교차로안,화물,남,53세,상해없음,승용,남,27세,경상
2015032600100144,2015년 3월 26일 08시,목요일,강원도 원주시 반곡동,경상사고,0,0,2,0,차대차 - 측면직각충돌,신호위반,건조,맑음,교차로 - 교차로안,승용,여,44세,상해없음,승용,여,40세,경상
2015032600100220,2015년 3월 26일 10시,목요일,강원도 삼척시 근덕면,중상사고,0,1,1,0,차대차 - 측면직각충돌,안전운전불이행,건조,맑음,교차로 - 교차로안,승용,남,51세,상해없음,원동기,남,78세,경상
2015032600100273,2015년 3월 26일 12시,목요일,강원도 춘천시 석사동,경상사고,0,0,1,0,차대차 - 추돌 - 주정차중,기타,건조,맑음,교차로 - 교차로부근,승합,남,56세,상해없음,승용,남,43세,경상
2015032600100274,2015년 3월 26일 12시,목요일,강원도 속초시 장사동,중상사고,0,1,0,0,차대차 - 측면직각충돌,안전운전불이행,건조,맑음,교차로 - 교차로안,자전거,남,19세,중상,승용,남,65세,상해없음
2015032600100312,2015년 3월 26일 13시,목요일,강원도 강릉시 연곡면,경상사고,0,0,4,0,차대차 - 기타,기타,건조,맑음,단일로 - 기타,화물,남,62세,상해없음,승용,여,37세,경상
2015032600100313,2015년 3월 26일 13시,목요일,강원도 홍천군 내면,경상사고,0,0,1,0,차대차 - 측면직각충돌,중앙선침범,건조,맑음,단일로 - 기타,승용,남,73세,상해없음,화물,남,31세,경상
2015032600100374,2015년 3월 26일 15시,목요일,강원도 강릉시 포남동,경상사고,0,0,5,0,차대차 - 추돌 - 진행중,안전운전불이행,건조,맑음,단일로 - 기타,승용,남,45세,상해없음,승용,여,21세,경상
2015032600100418,2015년 3월 26일 16시,목요일,강원도 춘천시 효자동,중상사고,0,1,0,0,차대사람 - 횡단중,보행자보호의무위반,건조,맑음,단일로 - 횡단보도상,승합,남,67세,상해없음,보행자,여,74세,중상
2015032600100419,2015년 3월 26일 16시,목요일,강원도 춘천시 석사동,중상사고,0,1,0,0,차대차 - 정면충돌,안전운전불이행,건조,맑음,단일로 - 기타,승용,남,30세,상해없음,자전거,남,13세,중상
2015032600100445,2015년 3월 26일 17시,목요일,강원도 춘천시 사북면,중상사고,0,1,1,0,차대차 - 측면직각충돌,중앙선침범,건조,맑음,단일로 - 기타,승용,남,26세,상해없음,화물,남,64세,경상
2015032600100446,2015년 3월 26일 17시,목요일,강원도 춘천시 효자동,경상사고,0,0,1,0,차대차 - 측면직각충돌,안전운전불이행,건조,맑음,단일로 - 기타,원동기,남,81세,상해없음,승용,여,29세,경상
2015032600100447,2015년 3월 26일 17시,목요일,강원도 원주시 소초면,경상사고,0,0,1,0,차대차 - 측면직각충돌,안전운전불이행,건조,맑음,단일로 - 기타,승용,남,73세,상해없음,승용,여,37세,경상
2015032600100448,2015년 3월 26일 17시,목요일,강원도 원주시 개운동,경상사고,0,0,1,0,차대차 - 측면직각충돌,신호위반,건조,맑음,교차로 - 교차로안,승합,남,40세,상해없음,승용,남,41세,경상
2015032600100486,2015년 3월 26일 18시,목요일,강원도 철원군 갈말읍,중상사고,0,1,0,0,차대차 - 추돌 - 진행중,안전운전불이행,건조,맑음,교차로 - 교차로안,화물,남,32세,상해없음,승용,남,51세,중상
2015032600100525,2015년 3월 26일 19시,목요일,강원도 춘천시 효자동,경상사고,0,0,1,0,차대차 - 측면직각충돌,안전거리미확보,건조,맑음,단일로 - 기타,승용,남,28세,상해없음,이륜,남,18세,경상
2015032600100526,2015년 3월 26일 19시,목요일,강원도 강릉시 교동,경상사고,0,0,1,0,차대차 - 기타,안전운전불이행,건조,맑음,단일로 - 기타,승용,여,41세,상해없음,승용,여,54세,경상
2015032600100527,2015년 3월 26일 19시,목요일,강원도 원주시 흥업면,경상사고,0,0,2,0,차대차 - 정면충돌,중앙선침범,건조,맑음,단일로 - 기타,승용,남,21세,상해없음,승용,여,26세,경상
2015032600100528,2015년 3월 26일 19시,목요일,강원도 원주시 단구동,중상사고,0,1,0,0,차대차 - 기타,교차로운행방법위반,건조,맑음,교차로 - 교차로안,승용,남,57세,상해없음,이륜,남,44세,중상
2015032600100529,2015년 3월 26일 19시,목요일,강원도 화천군 간동면,중상사고,0,1,1,0,차대차 - 기타,중앙선침범,건조,맑음,단일로 - 교량,승용,남,27세,상해없음,승용,남,52세,경상
2015032600100530,2015년 3월 26일 19시,목요일,강원도 양구군 양구읍,사망사고,1,3,1,0,차대차 - 측면직각충돌,직진우회전진행방해,건조,맑음,교차로 - 교차로안,승합,남,59세,상해없음,승용,여,58세,중상
2015032600100531,2015년 3월 26일 19시,목요일,강원도 동해시 천곡동,경상사고,0,0,1,0,차대차 - 추돌 - 진행중,차로위반,건조,맑음,단일로 - 기타,승용,남,67세,상해없음,승용,여,45세,경상
2015032600100608,2015년 3월 26일 21시,목요일,강원도 춘천시 운교동,경상사고,0,0,1,0,차대차 - 추돌 - 진행중,안전운전불이행,건조,맑음,교차로 - 교차로부근,승용,남,46세,상해없음,승용,여,50세,경상
2015032600100642,2015년 3월 26일 22시,목요일,강원도 춘천시 동내면,경상사고,0,0,1,0,차대차 - 측면직각충돌,교차로운행방법위반,건조,맑음,교차로 - 교차로안,승용,남,63세,상해없음,승용,여,57세,경상
2015032600100670,2015년 3월 26일 23시,목요일,강원도 강릉시 교동,경상사고,0,0,1,0,차대차 - 추돌 - 주정차중,안전운전불이행,건조,맑음,교차로 - 교차로부근,승용,남,43세,상해없음,승용,남,26세,경상
2015032700100008,2015년 3월 27일 00시,금요일,강원도 원주시 단계동,경상사고,0,0,1,0,차대차 - 기타,안전운전불이행,건조,맑음,교차로 - 교차로부근,기타불명,기타불명,기타불명,기타불명,승용,남,49세,상해없음
2015032700100024,2015년 3월 27일 01시,금요일,강원도 원주시 반곡동,중상사고,0,1,1,0,차대차 - 측면직각충돌,안전운전불이행,건조,맑음,교차로 - 교차로안,승용,남,51세,상해없음,승용,남,64세,중상
2015032700100057,2015년 3월 27일 05시,금요일,강원도 태백시 백산동,중상사고,0,1,0,0,차량단독 - 도로외이탈 - 추락,안전운전불이행,건조,맑음,단일로 - 기타,승용,남,61세,중상,,,,
2015032700100088,2015년 3월 27일 07시,금요일,강원도 춘천시 후평동,중상사고,0,1,0,0,차대차 - 측면직각충돌,안전운전불이행,건조,맑음,단일로 - 기타,승용,여,31세,상해없음,자전거,남,75세,중상
2015032700100089,2015년 3월 27일 07시,금요일,강원도 동해시 효가동,경상사고,0,0,1,0,차대차 - 측면직각충돌,교차로운행방법위반,건조,맑음,교차로 - 교차로안,화물,남,50세,상해없음,승용,남,69세,경상
2015032700100202,2015년 3월 27일 11시,금요일,강원도 춘천시 석사동,경상사고,0,0,1,0,차대사람 - 횡단중,안전운전불이행,건조,맑음,교차로 - 교차로안,승용,남,56세,상해없음,보행자,여,46세,경상
2015032700100203,2015년 3월 27일 11시,금요일,강원도 춘천시 남면,경상사고,0,0,1,0,차대차 - 추돌 - 진행중,안전거리미확보,건조,맑음,단일로 - 기타,승용,여,22세,상해없음,화물,남,57세,경상
2015032700100204,2015년 3월 27일 11시,금요일,강원도 원주시 태장동,중상사고,0,1,1,0,차대차 - 추돌 - 주정차중,안전운전불이행,건조,맑음,교차로 - 교차로부근,승용,남,43세,상해없음,승용,여,61세,중상
2015032700100205,2015년 3월 27일 11시,금요일,강원도 양구군 양구읍,경상사고,0,0,2,0,차대차 - 추돌 - 진행중,안전거리미확보,건조,맑음,단일로 - 터널,승용,남,60세,기타불명,승용,남,62세,경상
2015032700100226,2015년 3월 27일 12시,금요일,강원도 원주시 단계동,중상사고,0,1,1,0,차대차 - 추돌 - 진행중,안전운전불이행,건조,맑음,교차로 - 교차로부근,승용,남,73세,상해없음,승용,남,71세,경상
2015032700100253,2015년 3월 27일 13시,금요일,강원도 원주시 행구동,경상사고,0,0,2,0,차대차 - 측면직각충돌,신호위반,건조,맑음,교차로 - 교차로안,승용,남,53세,상해없음,화물,남,67세,경상
2015032700100254,2015년 3월 27일 13시,금요일,강원도 횡성군 횡성읍,경상사고,0,0,3,0,차대차 - 추돌 - 진행중,안전거리미확보,건조,맑음,교차로 - 교차로안,승용,남,72세,기타불명,승용,여,46세,경상
2015032700100285,2015년 3월 27일 14시,금요일,강원도 춘천시 온의동,경상사고,0,0,1,0,차대차 - 측면직각충돌,신호위반,건조,맑음,교차로 - 교차로안,승용,남,41세,상해없음,승용,남,58세,경상
2015032700100286,2015년 3월 27일 14시,금요일,강원도 속초시 중앙동,경상사고,0,0,2,0,차대차 - 추돌 - 진행중,안전운전불이행,건조,맑음,교차로 - 교차로부근,승용,여,51세,상해없음,승용,여,47세,경상
2015032700100287,2015년 3월 27일 14시,금요일,강원도 횡성군 안흥면,경상사고,0,0,1,0,차대차 - 추돌 - 진행중,안전운전불이행,건조,맑음,단일로 - 기타,승합,여,54세,상해없음,원동기,남,58세,경상
2015032700100288,2015년 3월 27일 14시,금요일,강원도 고성군 죽왕면,중상사고,0,2,4,0,차대차 - 추돌 - 진행중,안전운전불이행,건조,맑음,단일로 - 기타,승합,남,41세,상해없음,특수,남,52세,경상
2015032700100289,2015년 3월 27일 14시,금요일,강원도 양구군 양구읍,경상사고,0,0,3,0,차대차 - 추돌 - 주정차중,안전거리미확보,건조,맑음,단일로 - 터널,승용,남,67세,상해없음,승용,남,56세,경상
2015032700100326,2015년 3월 27일 15시,금요일,강원도 춘천시 석사동,경상사고,0,0,3,0,차대차 - 추돌 - 진행중,안전운전불이행,건조,맑음,단일로 - 기타,화물,남,40세,상해없음,승용,남,75세,경상
2015032700100327,2015년 3월 27일 15시,금요일,강원도 춘천시 온의동,중상사고,0,1,0,0,차대차 - 측면직각충돌,직진우회전진행방해,건조,맑음,교차로 - 교차로안,이륜,남,77세,중상,승용,여,39세,상해없음
2015032700100328,2015년 3월 27일 15시,금요일,강원도 원주시 단계동,경상사고,0,0,1,0,차대차 - 기타,직진우회전진행방해,건조,맑음,교차로 - 교차로안,승용,남,26세,상해없음,승용,여,59세,경상
2015032700100364,2015년 3월 27일 16시,금요일,강원도 동해시 효가동,경상사고,0,0,2,0,차대차 - 추돌 - 진행중,안전운전불이행,건조,맑음,교차로 - 교차로부근,승용,여,49세,상해없음,승용,여,38세,경상
2015032700100449,2015년 3월 27일 18시,금요일,강원도 태백시 장성동,경상사고,0,0,1,1,차대차 - 측면직각충돌,직진우회전진행방해,건조,맑음,교차로 - 교차로안,승용,여,50세,부상신고,승합,남,51세,경상
2015032700100501,2015년 3월 27일 19시,금요일,강원도 원주시 개운동,경상사고,0,0,1,0,차대사람 - 차도통행중,안전운전불이행,건조,맑음,기타 - 기타,승용,여,40세,상해없음,보행자,여,56세,경상
2015032700100502,2015년 3월 27일 19시,금요일,강원도 원주시 단계동,중상사고,0,1,0,0,차대차 - 측면직각충돌,안전거리미확보,건조,맑음,단일로 - 기타,승용,남,38세,상해없음,승용,남,55세,중상
2015032700100503,2015년 3월 27일 19시,금요일,강원도 삼척시 성북동,경상사고,0,0,1,0,차대차 - 측면직각충돌,안전거리미확보,건조,맑음,교차로 - 교차로부근,화물,남,21세,상해없음,승용,남,43세,경상
2015032700100550,2015년 3월 27일 20시,금요일,강원도 원주시 가현동,경상사고,0,0,1,0,차대차 - 기타,불법유턴,건조,맑음,단일로 - 기타,화물,남,53세,상해없음,승용,남,76세,경상
2015032700100584,2015년 3월 27일 21시,금요일,강원도 춘천시 퇴계동,중상사고,0,1,0,0,차대사람 - 횡단중,보행자보호의무위반,건조,맑음,교차로 - 교차로부근,승용,여,55세,상해없음,보행자,남,43세,중상
2015032700100627,2015년 3월 27일 22시,금요일,강원도 강릉시 내곡동,중상사고,0,1,0,0,차대차 - 기타,신호위반,건조,맑음,교차로 - 교차로안,원동기,남,16세,상해없음,원동기,남,22세,중상
2015032700100628,2015년 3월 27일 22시,금요일,강원도 원주시 봉산동,경상사고,0,0,1,0,차대차 - 기타,안전거리미확보,건조,맑음,단일로 - 기타,승용,남,38세,상해없음,승용,여,34세,경상
2015032800100013,2015년 3월 28일 00시,토요일,강원도 태백시 황지동,부상신고사고,0,0,0,1,차대차 - 측면직각충돌,불법유턴,건조,맑음,단일로 - 기타,승용,남,19세,상해없음,이륜,남,38세,부상신고
2015032800100056,2015년 3월 28일 02시,토요일,강원도 원주시 단계동,경상사고,0,0,2,0,차대차 - 측면직각충돌,교차로운행방법위반,건조,맑음,교차로 - 교차로안,승용,여,30세,상해없음,승용,남,45세,경상
2015032800100155,2015년 3월 28일 08시,토요일,강원도 홍천군 홍천읍,경상사고,0,0,1,0,차대차 - 측면직각충돌,신호위반,건조,맑음,교차로 - 교차로안,화물,남,68세,상해없음,승용,남,54세,경상
2015032800100171,2015년 3월 28일 09시,토요일,강원도 삼척시 가곡면,경상사고,0,0,1,0,차대차 - 측면직각충돌,중앙선침범,건조,맑음,단일로 - 기타,화물,남,58세,상해없음,승용,남,70세,경상
2015032800100211,2015년 3월 28일 10시,토요일,강원도 속초시 청호동,경상사고,0,0,1,0,차대차 - 정면충돌,안전운전불이행,건조,맑음,교차로 - 교차로안,화물,남,67세,상해없음,승용,남,53세,경상
2015032800100212,2015년 3월 28일 10시,토요일,강원도 동해시 용정동,중상사고,0,1,1,0,차대차 - 측면직각충돌,안전거리미확보,건조,맑음,단일로 - 기타,건설기계,남,53세,상해없음,승용,남,30세,중상
2015032800100241,2015년 3월 28일 11시,토요일,강원도 춘천시 석사동,경상사고,0,0,1,0,차대사람 - 길가장자리구역통행중,안전운전불이행,건조,맑음,단일로 - 기타,승용,여,44세,상해없음,보행자,남,5세,경상
2015032800100242,2015년 3월 28일 11시,토요일,강원도 홍천군 홍천읍,경상사고,0,0,1,0,차대사람 - 횡단중,안전운전불이행,건조,맑음,단일로 - 기타,승용,여,47세,상해없음,보행자,남,8세,경상
2015032800100285,2015년 3월 28일 12시,토요일,강원도 강릉시 주문진읍,경상사고,0,0,1,0,차대차 - 기타,안전운전불이행,건조,맑음,교차로 - 교차로안,승용,남,30세,상해없음,원동기,남,29세,경상
2015032800100286,2015년 3월 28일 12시,토요일,강원도 강릉시 포남동,경상사고,0,0,1,0,차대차 - 추돌 - 진행중,안전운전불이행,건조,맑음,단일로 - 기타,승용,남,57세,상해없음,승용,여,45세,경상