사고번호,사고일시,요일,시군구,사고내용,사망자수,중상자수,경상자수,부상신고자수,사고유형,법규위반,노면상태,기상상태,도로형태,가해운전자 차종,가해운전자 성별,가해운전자 연령,가해운전자 상해정도,피해운전자 차종,피해운전자 성별,피해운전자 연령,피해운전자 상해정도
2015032800100287,2015년 3월 28일 12시,토요일,강원도 원주시 호저면,경상사고,0,0,2,0,차대차 - 기타,안전운전불이행,건조,맑음,교차로 - 교차로부근,승용,여,24세,상해없음,승용,여,55세,경상
2015032800100288,2015년 3월 28일 12시,토요일,강원도 양양군 강현면,경상사고,0,0,2,1,차대차 - 측면직각충돌,직진우회전진행방해,건조,맑음,교차로 - 교차로안,승용,남,49세,상해없음,승합,남,47세,경상
2015032800100330,2015년 3월 28일 13시,토요일,강원도 양구군 양구읍,부상신고사고,0,0,0,1,차대차 - 측면직각충돌,안전거리미확보,건조,맑음,단일로 - 기타,자전거,남,23세,상해없음,이륜,남,78세,부상신고
2015032800100374,2015년 3월 28일 14시,토요일,강원도 철원군 동송읍,경상사고,0,0,1,0,차대차 - 측면직각충돌,직진우회전진행방해,건조,맑음,교차로 - 교차로안,승용,남,47세,상해없음,승용,여,43세,경상
2015032800100406,2015년 3월 28일 15시,토요일,강원도 춘천시 남산면,경상사고,0,0,1,0,차대차 - 측면직각충돌,불법유턴,건조,맑음,단일로 - 기타,이륜,남,24세,상해없음,이륜,남,22세,상해없음
2015032800100407,2015년 3월 28일 15시,토요일,강원도 삼척시 교동,경상사고,0,0,1,1,차대차 - 측면직각충돌,중앙선침범,건조,맑음,교차로 - 교차로부근,기타불명,기타불명,기타불명,기타불명,자전거,남,12세,부상신고
2015032800100439,2015년 3월 28일 16시,토요일,강원도 원주시 지정면,경상사고,0,0,1,0,차대사람 - 길가장자리구역통행중,안전운전불이행,건조,맑음,단일로 - 기타,승용,남,50세,상해없음,보행자,남,33세,경상
2015032800100440,2015년 3월 28일 16시,토요일,강원도 원주시 단구동,중상사고,0,2,2,0,차대차 - 추돌 - 진행중,안전운전불이행,건조,맑음,단일로 - 기타,승합,남,24세,상해없음,승용,남,44세,중상
2015032800100441,2015년 3월 28일 16시,토요일,강원도 원주시 단구동,경상사고,0,0,1,0,차대사람 - 횡단중,보행자보호의무위반,건조,맑음,교차로 - 교차로부근,승용,남,75세,상해없음,보행자,여,29세,경상
2015032800100442,2015년 3월 28일 16시,토요일,강원도 원주시 반곡동,경상사고,0,0,5,0,차대차 - 측면직각충돌,신호위반,건조,맑음,교차로 - 교차로안,승용,남,40세,경상,승용,남,44세,경상
2015032800100530,2015년 3월 28일 18시,토요일,강원도 춘천시 퇴계동,중상사고,0,1,1,0,차대차 - 측면직각충돌,안전운전불이행,건조,맑음,단일로 - 기타,승용,남,31세,상해없음,승용,남,67세,경상
2015032800100563,2015년 3월 28일 19시,토요일,강원도 춘천시 운교동,경상사고,0,0,1,0,차대차 - 추돌 - 주정차중,안전거리미확보,건조,맑음,단일로 - 기타,승용,남,47세,상해없음,승용,남,40세,경상
2015032800100564,2015년 3월 28일 19시,토요일,강원도 삼척시 남양동,경상사고,0,0,1,0,차대차 - 측면직각충돌,안전운전불이행,건조,맑음,교차로 - 교차로안,원동기,남,21세,경상,승용,남,26세,상해없음
2015032800100565,2015년 3월 28일 19시,토요일,강원도 정선군 고한읍,경상사고,0,0,1,0,차대차 - 측면직각충돌,교차로운행방법위반,건조,맑음,교차로 - 교차로안,승용,남,53세,상해없음,승용,여,45세,경상
2015032800100658,2015년 3월 28일 22시,토요일,강원도 원주시 호저면,경상사고,0,0,3,0,차대차 - 추돌 - 진행중,안전거리미확보,건조,맑음,단일로 - 기타,승용,남,22세,상해없음,승용,여,43세,경상
2015032800100659,2015년 3월 28일 22시,토요일,강원도 속초시 조양동,경상사고,0,0,1,0,차대차 - 측면직각충돌,안전운전불이행,건조,맑음,단일로 - 기타,승용,남,21세,상해없음,승합,남,43세,경상
2015032800100686,2015년 3월 28일 23시,토요일,강원도 원주시 무실동,경상사고,0,0,1,0,차대차 - 기타,안전운전불이행,건조,맑음,교차로 - 교차로안,승용,남,25세,상해없음,승용,남,26세,경상
2015032900100080,2015년 3월 29일 05시,일요일,강원도 원주시 우산동,중상사고,0,1,1,0,차대차 - 추돌 - 진행중,안전거리미확보,건조,흐림,교차로 - 교차로부근,이륜,남,16세,경상,승용,여,37세,상해없음
2015032900100099,2015년 3월 29일 07시,일요일,강원도 평창군 평창읍,경상사고,0,0,3,1,차대차 - 추돌 - 진행중,안전운전불이행,건조,맑음,단일로 - 기타,승용,남,23세,상해없음,승용,여,61세,경상
2015032900100187,2015년 3월 29일 12시,일요일,강원도 동해시 신흥동,중상사고,0,2,0,0,차대차 - 정면충돌,중앙선침범,건조,맑음,교차로 - 교차로부근,승용,남,67세,기타불명,승용,여,53세,중상
2015032900100200,2015년 3월 29일 13시,일요일,강원도 춘천시 퇴계동,경상사고,0,0,1,0,차대차 - 측면직각충돌,안전운전불이행,건조,맑음,교차로 - 교차로부근,승용,여,45세,상해없음,자전거,남,14세,경상
2015032900100231,2015년 3월 29일 14시,일요일,강원도 원주시 학성동,경상사고,0,0,1,0,차대차 - 기타,안전운전불이행,건조,맑음,교차로 - 교차로부근,승용,남,50세,상해없음,승용,여,49세,경상
2015032900100269,2015년 3월 29일 15시,일요일,강원도 강릉시 사천면,경상사고,0,0,2,0,차대차 - 측면직각충돌,안전운전불이행,건조,맑음,교차로 - 교차로안,승용,남,39세,상해없음,승용,여,35세,경상
2015032900100270,2015년 3월 29일 15시,일요일,강원도 원주시 단구동,경상사고,0,0,1,0,차대차 - 추돌 - 진행중,안전운전불이행,건조,맑음,교차로 - 교차로부근,승용,남,36세,상해없음,승용,남,30세,경상
2015032900100271,2015년 3월 29일 15시,일요일,강원도 원주시 소초면,경상사고,0,0,3,0,차대차 - 추돌 - 진행중,안전운전불이행,건조,맑음,기타 - 기타,승용,남,40세,상해없음,승용,남,24세,경상
2015032900100302,2015년 3월 29일 16시,일요일,강원도 춘천시 석사동,경상사고,0,0,2,0,차대사람 - 길가장자리구역통행중,안전운전불이행,건조,맑음,단일로 - 기타,승용,여,57세,상해없음,보행자,여,17세,경상
2015032900100303,2015년 3월 29일 16시,일요일,강원도 원주시 우산동,중상사고,0,1,0,0,차대차 - 기타,교차로운행방법위반,건조,맑음,교차로 - 교차로안,건설기계,남,51세,상해없음,화물,남,59세,중상
2015032900100304,2015년 3월 29일 16시,일요일,강원도 정선군 고한읍,경상사고,0,0,5,1,차대차 - 정면충돌,중앙선침범,건조,맑음,단일로 - 터널,승용,여,59세,상해없음,승용,남,37세,경상
2015032900100305,2015년 3월 29일 16시,일요일,강원도 정선군 고한읍,중상사고,0,3,3,0,차대차 - 측면직각충돌,안전운전불이행,건조,맑음,기타 - 기타,승용,남,65세,상해없음,승용,여,61세,중상
2015032900100337,2015년 3월 29일 17시,일요일,강원도 화천군 간동면,부상신고사고,0,0,0,4,차대차 - 측면직각충돌,과속,건조,맑음,단일로 - 기타,승용,남,60세,부상신고,승합,남,42세,상해없음
2015032900100397,2015년 3월 29일 19시,일요일,강원도 고성군 거진읍,중상사고,0,1,0,0,차대사람 - 기타,안전운전불이행,건조,맑음,교차로 - 교차로안,승용,남,43세,상해없음,보행자,남,46세,중상
2015032900100429,2015년 3월 29일 20시,일요일,강원도 강릉시 포남동,경상사고,0,0,1,0,차대사람 - 차도통행중,안전운전불이행,건조,맑음,단일로 - 기타,승용,남,58세,상해없음,보행자,남,63세,경상
2015032900100455,2015년 3월 29일 21시,일요일,강원도 원주시 우산동,경상사고,0,0,1,0,차대차 - 측면직각충돌,안전거리미확보,건조,맑음,교차로 - 교차로안,승용,남,23세,상해없음,승용,남,44세,경상
2015032900100471,2015년 3월 29일 22시,일요일,강원도 원주시 단계동,경상사고,0,0,1,0,차대차 - 추돌 - 진행중,안전거리미확보,건조,맑음,단일로 - 기타,승용,남,22세,상해없음,이륜,남,22세,경상
2015032900100472,2015년 3월 29일 22시,일요일,강원도 원주시 단구동,경상사고,0,0,4,0,차대차 - 추돌 - 진행중,직진우회전진행방해,건조,맑음,교차로 - 교차로안,승용,여,32세,경상,승용,남,53세,경상
2015032900100473,2015년 3월 29일 22시,일요일,강원도 홍천군 홍천읍,경상사고,0,0,5,0,차대차 - 기타,직진우회전진행방해,건조,맑음,교차로 - 교차로안,승합,남,64세,상해없음,승용,남,45세,상해없음
2015033000100019,2015년 3월 30일 02시,월요일,강원도 속초시 조양동,중상사고,0,1,0,0,차대사람 - 기타,안전운전불이행,건조,맑음,단일로 - 기타,승용,남,46세,상해없음,보행자,남,24세,중상
2015033000100047,2015년 3월 30일 06시,월요일,강원도 춘천시 동면,경상사고,0,0,2,1,차대차 - 측면직각충돌,직진우회전진행방해,건조,맑음,교차로 - 교차로안,승용,여,54세,부상신고,승용,여,44세,경상
2015033000100048,2015년 3월 30일 06시,월요일,강원도 정선군 정선읍,사망사고,1,0,0,0,차대사람 - 횡단중,안전운전불이행,건조,맑음,교차로 - 교차로안,화물,남,64세,상해없음,보행자,여,79세,사망
2015033000100069,2015년 3월 30일 07시,월요일,강원도 원주시 무실동,경상사고,0,0,1,0,차대차 - 추돌 - 진행중,안전운전불이행,건조,맑음,단일로 - 기타,화물,남,39세,상해없음,자전거,남,13세,경상
2015033000100070,2015년 3월 30일 07시,월요일,강원도 태백시 황지동,경상사고,0,0,2,0,차대차 - 측면직각충돌,교차로운행방법위반,건조,맑음,교차로 - 교차로안,승용,남,36세,상해없음,승용,남,63세,경상
2015033000100098,2015년 3월 30일 08시,월요일,강원도 춘천시 동내면,중상사고,0,1,0,0,차대사람 - 보도통행중,기타,건조,맑음,교차로 - 교차로부근,승용,여,57세,상해없음,보행자,여,78세,중상
2015033000100099,2015년 3월 30일 08시,월요일,강원도 철원군 갈말읍,경상사고,0,0,1,0,차대사람 - 길가장자리구역통행중,안전운전불이행,건조,맑음,단일로 - 기타,승용,여,64세,상해없음,보행자,여,14세,경상
2015033000100100,2015년 3월 30일 08시,월요일,강원도 양구군 양구읍,중상사고,0,1,0,0,차대차 - 측면직각충돌,안전거리미확보,건조,맑음,교차로 - 교차로부근,원동기,남,69세,중상,승용,남,59세,상해없음
2015033000100163,2015년 3월 30일 10시,월요일,강원도 춘천시 효자동,경상사고,0,0,1,0,차대차 - 추돌 - 진행중,안전거리미확보,건조,맑음,단일로 - 기타,승용,남,21세,상해없음,승용,남,71세,경상
2015033000100164,2015년 3월 30일 10시,월요일,강원도 강릉시 포남동,중상사고,0,1,2,0,차대차 - 측면직각충돌,안전운전불이행,건조,맑음,교차로 - 교차로안,승용,남,61세,상해없음,승용,남,59세,경상
2015033000100165,2015년 3월 30일 10시,월요일,강원도 양구군 양구읍,중상사고,0,1,0,0,차대차 - 측면직각충돌,안전거리미확보,건조,맑음,단일로 - 기타,이륜,남,78세,상해없음,승용,여,56세,상해없음
2015033000100166,2015년 3월 30일 10시,월요일,강원도 동해시 묵호진동,중상사고,0,1,0,0,차대차 - 측면직각충돌,중앙선침범,건조,맑음,단일로 - 기타,화물,여,49세,상해없음,자전거,남,69세,중상
2015033000100203,2015년 3월 30일 11시,월요일,강원도 인제군 북면,경상사고,0,0,3,0,차대차 - 측면직각충돌,직진우회전진행방해,건조,맑음,교차로 - 교차로안,승용,남,26세,상해없음,승용,남,37세,경상
2015033000100301,2015년 3월 30일 14시,월요일,강원도 태백시 황지동,중상사고,0,1,0,0,차대사람 - 길가장자리구역통행중,안전운전불이행,건조,맑음,단일로 - 기타,승합,남,48세,상해없음,보행자,여,60세,중상
2015033000100302,2015년 3월 30일 14시,월요일,강원도 태백시 황지동,경상사고,0,0,1,0,차대차 - 정면충돌,직진우회전진행방해,건조,맑음,교차로 - 교차로안,승용,남,52세,상해없음,자전거,남,9세,경상
2015033000100344,2015년 3월 30일 15시,월요일,강원도 원주시 행구동,중상사고,0,2,0,0,차량단독 - 도로외이탈 - 추락,안전운전불이행,건조,맑음,단일로 - 기타,승용,남,55세,상해없음,,,,
2015033000100505,2015년 3월 30일 19시,월요일,강원도 원주시 문막읍,경상사고,0,0,2,0,차대차 - 기타,안전운전불이행,건조,맑음,교차로 - 교차로부근,승용,남,31세,상해없음,승용,여,35세,경상
2015033000100541,2015년 3월 30일 20시,월요일,강원도 속초시 대포동,경상사고,0,0,2,0,차대사람 - 기타,중앙선침범,건조,맑음,교차로 - 교차로안,승용,남,61세,상해없음,보행자,남,46세,경상
2015033000100574,2015년 3월 30일 21시,월요일,강원도 강릉시 안현동,사망사고,1,0,0,0,차량단독 - 공작물충돌,안전운전불이행,건조,맑음,단일로 - 기타,이륜,남,18세,사망,,,,
2015033100100079,2015년 3월 31일 06시,화요일,강원도 강릉시 입암동,경상사고,0,0,1,0,차대차 - 측면직각충돌,안전운전불이행,습기,비,미분류 - 미분류,승용,남,45세,상해없음,승용,남,50세,경상
2015033100100087,2015년 3월 31일 07시,화요일,강원도 원주시 개운동,경상사고,0,0,2,0,차대차 - 기타,안전운전불이행,건조,맑음,교차로 - 교차로안,승용,남,48세,상해없음,승용,여,44세,경상
2015033100100088,2015년 3월 31일 07시,화요일,강원도 원주시 무실동,경상사고,0,0,1,0,차대차 - 측면직각충돌,안전운전불이행,건조,맑음,교차로 - 교차로안,승용,여,49세,상해없음,승용,여,44세,경상
2015033100100161,2015년 3월 31일 10시,화요일,강원도 태백시 황지동,경상사고,0,0,1,0,차대차 - 추돌 - 주정차중,안전거리미확보,건조,맑음,교차로 - 교차로부근,승용,여,49세,상해없음,승용,남,44세,경상
2015033100100211,2015년 3월 31일 12시,화요일,강원도 화천군 화천읍,중상사고,0,1,0,0,차대사람 - 횡단중,안전운전불이행,건조,맑음,단일로 - 기타,승용,여,45세,상해없음,보행자,여,60세,중상
2015033100100238,2015년 3월 31일 13시,화요일,강원도 춘천시 석사동,부상신고사고,0,0,0,1,차대차 - 추돌 - 주정차중,안전운전불이행,건조,맑음,단일로 - 기타,화물,남,44세,상해없음,승용,여,29세,부상신고
2015033100100239,2015년 3월 31일 13시,화요일,강원도 평창군 평창읍,경상사고,0,0,1,0,차대차 - 측면직각충돌,안전운전불이행,건조,맑음,교차로 - 교차로안,화물,남,50세,상해없음,승용,남,69세,경상
2015033100100240,2015년 3월 31일 13시,화요일,강원도 철원군 근남면,중상사고,0,1,0,0,차량단독 - 공작물충돌,안전운전불이행,건조,맑음,단일로 - 기타,승용,남,47세,중상,,,,
2015033100100277,2015년 3월 31일 14시,화요일,강원도 속초시 교동,중상사고,0,1,0,0,차대차 - 측면직각충돌,안전운전불이행,건조,맑음,단일로 - 기타,승용,여,61세,상해없음,승용,남,68세,상해없음
2015033100100340,2015년 3월 31일 16시,화요일,강원도 속초시 교동,경상사고,0,0,1,0,차대차 - 측면직각충돌,안전운전불이행,건조,맑음,단일로 - 기타,승용,남,53세,상해없음,승용,남,44세,경상
2015033100100341,2015년 3월 31일 16시,화요일,강원도 속초시 조양동,경상사고,0,0,1,0,차대차 - 측면직각충돌,신호위반,건조,맑음,교차로 - 교차로안,승용,여,54세,상해없음,승용,남,61세,경상
2015033100100342,2015년 3월 31일 16시,화요일,강원도 정선군 정선읍,사망사고,1,0,0,0,차량단독 - 공작물충돌,안전운전불이행,건조,맑음,단일로 - 기타,이륜,남,50세,상해없음,,,,
2015033100100370,2015년 3월 31일 17시,화요일,강원도 속초시 교동,경상사고,0,0,1,0,차대차 - 기타,안전운전불이행,건조,맑음,단일로 - 기타,승용,남,68세,상해없음,승용,남,36세,경상
2015033100100409,2015년 3월 31일 18시,화요일,강원도 강릉시 금학동,경상사고,0,0,1,0,차대사람 - 보도통행중,안전운전불이행,건조,맑음,단일로 - 기타,기타불명,기타불명,기타불명,기타불명,보행자,여,18세,경상
2015033100100462,2015년 3월 31일 19시,화요일,강원도 철원군 서면,경상사고,0,0,2,0,차대차 - 기타,안전운전불이행,습기,비,교차로 - 교차로안,기타불명,기타불명,30세,기타불명,이륜,남,45세,경상
2015033100100513,2015년 3월 31일 20시,화요일,강원도 강릉시 교동,경상사고,0,0,2,0,차대차 - 측면직각충돌,안전운전불이행,건조,맑음,단일로 - 기타,승용,여,46세,상해없음,승용,여,60세,경상
2015033100100556,2015년 3월 31일 21시,화요일,강원도 원주시 단계동,경상사고,0,0,3,0,차대차 - 기타,안전거리미확보,습기,비,단일로 - 기타,승용,남,30세,상해없음,승용,여,44세,경상
2015033100100613,2015년 3월 31일 22시,화요일,강원도 춘천시 퇴계동,중상사고,0,1,0,0,차대사람 - 횡단중,안전운전불이행,습기,비,단일로 - 기타,승용,여,41세,상해없음,보행자,남,43세,중상
2015033100100614,2015년 3월 31일 22시,화요일,강원도 평창군 대화면,중상사고,0,2,0,0,차대사람 - 차도통행중,안전운전불이행,습기,비,단일로 - 기타,화물,남,45세,상해없음,보행자,여,22세,중상
2015040100100017,2015년 4월 1일 00시,수요일,강원도 춘천시 석사동,경상사고,0,0,1,0,차대차 - 추돌 - 주정차중,안전운전불이행,습기,비,교차로 - 교차로부근,승용,여,50세,상해없음,승용,여,46세,경상
2015040100100018,2015년 4월 1일 00시,수요일,강원도 강릉시 죽헌동,경상사고,0,0,2,0,차대차 - 측면직각충돌,신호위반,습기,비,교차로 - 교차로안,승용,남,29세,상해없음,승합,여,50세,경상
2015040100100019,2015년 4월 1일 00시,수요일,강원도 원주시 단구동,경상사고,0,0,2,0,차대차 - 기타,신호위반,습기,비,교차로 - 교차로안,승용,남,27세,상해없음,승용,남,34세,경상
2015040100100094,2015년 4월 1일 06시,수요일,강원도 춘천시 효자동,경상사고,0,0,1,0,차대차 - 측면직각충돌,안전운전불이행,건조,맑음,단일로 - 기타,화물,남,50세,상해없음,화물,남,46세,경상
2015040100100142,2015년 4월 1일 08시,수요일,강원도 양양군 서면,경상사고,0,0,1,0,차대차 - 측면직각충돌,직진우회전진행방해,건조,맑음,교차로 - 교차로부근,승용,남,58세,상해없음,승용,남,69세,경상
2015040100100198,2015년 4월 1일 10시,수요일,강원도 춘천시 근화동,경상사고,0,0,1,0,차대차 - 측면직각충돌,신호위반,건조,맑음,교차로 - 교차로안,승용,남,63세,상해없음,이륜,남,79세,경상
2015040100100221,2015년 4월 1일 11시,수요일,강원도 홍천군 내촌면,경상사고,0,0,2,0,차대차 - 기타,안전운전불이행,건조,맑음,단일로 - 기타,화물,남,44세,기타불명,승용,남,29세,경상
2015040100100255,2015년 4월 1일 12시,수요일,강원도 춘천시 퇴계동,사망사고,1,2,0,0,차대차 - 측면직각충돌,안전운전불이행,건조,맑음,교차로 - 교차로안,승합,남,52세,상해없음,승용,여,41세,중상
2015040100100289,2015년 4월 1일 13시,수요일,강원도 춘천시 사농동,경상사고,0,0,1,0,차대차 - 측면직각충돌,안전운전불이행,건조,맑음,단일로 - 기타,승용,남,76세,상해없음,이륜,남,34세,경상
2015040100100290,2015년 4월 1일 13시,수요일,강원도 강릉시 옥천동,경상사고,0,0,1,0,차대차 - 측면직각충돌,안전운전불이행,건조,맑음,교차로 - 교차로안,이륜,남,62세,상해없음,이륜,남,19세,경상
2015040100100387,2015년 4월 1일 16시,수요일,강원도 속초시 조양동,경상사고,0,0,1,0,차대차 - 측면직각충돌,안전운전불이행,건조,맑음,단일로 - 기타,화물,남,55세,상해없음,자전거,남,76세,경상
2015040100100388,2015년 4월 1일 16시,수요일,강원도 태백시 황지동,경상사고,0,0,3,0,차대차 - 측면직각충돌,교차로운행방법위반,습기,흐림,교차로 - 교차로안,승용,남,62세,상해없음,화물,남,40세,경상
2015040100100430,2015년 4월 1일 17시,수요일,강원도 춘천시 온의동,중상사고,0,2,0,0,차대차 - 추돌 - 진행중,안전운전불이행,건조,맑음,단일로 - 기타,승합,남,58세,상해없음,승용,남,72세,중상
2015040100100431,2015년 4월 1일 17시,수요일,강원도 춘천시 교동,경상사고,0,0,1,0,차대사람 - 횡단중,보행자보호의무위반,건조,맑음,단일로 - 기타,이륜,남,72세,상해없음,보행자,남,72세,경상
2015040100100432,2015년 4월 1일 17시,수요일,강원도 원주시 단계동,경상사고,0,0,2,0,차대차 - 정면충돌,교차로운행방법위반,건조,맑음,교차로 - 교차로안,승용,남,22세,경상,승용,여,54세,경상
2015040100100433,2015년 4월 1일 17시,수요일,강원도 원주시 학성동,중상사고,0,1,0,0,차대차 - 측면직각충돌,교차로운행방법위반,건조,맑음,교차로 - 교차로안,승용,남,66세,상해없음,이륜,남,18세,중상
2015040100100434,2015년 4월 1일 17시,수요일,강원도 동해시 지흥동,중상사고,0,1,0,0,차대차 - 측면직각충돌,교차로운행방법위반,건조,맑음,교차로 - 교차로안,화물,남,57세,상해없음,승용,여,66세,중상
2015040100100463,2015년 4월 1일 18시,수요일,강원도 춘천시 퇴계동,경상사고,0,0,2,0,차대차 - 측면직각충돌,안전운전불이행,건조,맑음,단일로 - 기타,원동기,남,17세,상해없음,승용,남,50세,경상
2015040100100464,2015년 4월 1일 18시,수요일,강원도 홍천군 홍천읍,경상사고,0,0,1,1,차대차 - 측면직각충돌,안전운전불이행,건조,맑음,단일로 - 기타,승용,여,57세,부상신고,승용,여,54세,경상
2015040100100558,2015년 4월 1일 21시,수요일,강원도 춘천시 효자동,경상사고,0,0,2,0,차대차 - 측면직각충돌,기타,건조,맑음,교차로 - 교차로안,승용,여,56세,상해없음,승합,여,48세,경상
2015040100100618,2015년 4월 1일 23시,수요일,강원도 강릉시 포남동,경상사고,0,0,1,0,차대차 - 기타,중앙선침범,건조,맑음,교차로 - 교차로부근,승용,남,26세,상해없음,승용,여,44세,경상
2015040200100015,2015년 4월 2일 00시,목요일,강원도 원주시 단계동,경상사고,0,0,1,0,차대차 - 측면직각충돌,안전거리미확보,건조,맑음,교차로 - 교차로부근,승용,여,49세,상해없음,승용,여,44세,경상
2015040200100028,2015년 4월 2일 01시,목요일,강원도 원주시 태장동,중상사고,0,1,0,0,차량단독 - 공작물충돌,안전운전불이행,습기,비,단일로 - 기타,승용,남,28세,중상,,,,
2015040200100083,2015년 4월 2일 06시,목요일,강원도 횡성군 우천면,중상사고,0,1,0,0,차대차 - 추돌 - 진행중,안전운전불이행,건조,맑음,단일로 - 기타,화물,남,54세,상해없음,승용,남,61세,중상
2015040200100099,2015년 4월 2일 07시,목요일,강원도 춘천시 소양로3가,경상사고,0,0,2,0,차대차 - 측면직각충돌,교차로운행방법위반,건조,맑음,교차로 - 교차로안,승용,남,31세,상해없음,승용,여,45세,경상
2015040200100100,2015년 4월 2일 07시,목요일,강원도 원주시 문막읍,중상사고,0,2,17,1,차대차 - 측면직각충돌,안전운전불이행,건조,맑음,단일로 - 기타,화물,남,45세,상해없음,승합,남,55세,경상
2015040200100123,2015년 4월 2일 08시,목요일,강원도 강릉시 주문진읍,경상사고,0,0,1,0,차대차 - 측면직각충돌,안전운전불이행,건조,맑음,교차로 - 교차로안,승용,여,41세,상해없음,승용,여,31세,경상
2015040200100178,2015년 4월 2일 10시,목요일,강원도 춘천시 퇴계동,경상사고,0,0,1,0,차대차 - 측면직각충돌,안전거리미확보,건조,맑음,단일로 - 기타,승용,남,71세,상해없음,승용,여,39세,경상
2015040200100179,2015년 4월 2일 10시,목요일,강원도 강릉시 성산면,경상사고,0,0,2,0,차대차 - 정면충돌,중앙선침범,건조,맑음,단일로 - 기타,승용,남,61세,상해없음,승용,남,53세,경상
2015040200100180,2015년 4월 2일 10시,목요일,강원도 횡성군 횡성읍,중상사고,0,2,1,0,차대차 - 추돌 - 진행중,안전운전불이행,건조,맑음,단일로 - 기타,승용,여,72세,상해없음,화물,남,41세,경상
2015040200100240,2015년 4월 2일 12시,목요일,강원도 태백시 장성동,경상사고,0,0,1,0,차대차 - 측면직각충돌,교차로운행방법위반,건조,맑음,교차로 - 교차로안,승용,남,52세,상해없음,승용,여,36세,경상
2015040200100258,2015년 4월 2일 13시,목요일,강원도 원주시 단구동,경상사고,0,0,1,0,차대차 - 추돌 - 주정차중,안전거리미확보,건조,맑음,단일로 - 기타,화물,남,57세,상해없음,승용,남,60세,경상
2015040200100259,2015년 4월 2일 13시,목요일,강원도 원주시 호저면,경상사고,0,0,1,0,차대차 - 추돌 - 진행중,안전거리미확보,건조,맑음,단일로 - 기타,화물,남,39세,상해없음,화물,남,35세,경상
2015040200100375,2015년 4월 2일 17시,목요일,강원도 강릉시 성내동,경상사고,0,0,1,0,차대사람 - 횡단중,신호위반,건조,맑음,단일로 - 기타,승용,여,47세,상해없음,보행자,여,20세,경상
2015040200100430,2015년 4월 2일 18시,목요일,강원도 춘천시 석사동,경상사고,0,0,3,0,차대차 - 측면직각충돌,신호위반,건조,맑음,단일로 - 기타,승용,남,58세,상해없음,승용,남,44세,경상
2015040200100431,2015년 4월 2일 18시,목요일,강원도 속초시 청학동,경상사고,0,0,1,0,차대차 - 추돌 - 진행중,직진우회전진행방해,습기,비,교차로 - 교차로부근,승용,여,52세,상해없음,승용,남,45세,경상
2015040200100472,2015년 4월 2일 19시,목요일,강원도 원주시 가현동,경상사고,0,0,5,0,차대차 - 기타,안전운전불이행,습기,비,단일로 - 기타,승용,여,61세,상해없음,승용,남,58세,상해없음
2015040200100583,2015년 4월 2일 21시,목요일,강원도 원주시 우산동,경상사고,0,0,1,0,차대차 - 추돌 - 진행중,안전거리미확보,건조,맑음,단일로 - 기타,승합,남,52세,상해없음,승용,남,44세,경상
2015040200100584,2015년 4월 2일 21시,목요일,강원도 원주시 단구동,경상사고,0,0,1,0,차대차 - 측면직각충돌,중앙선침범,건조,맑음,단일로 - 기타,원동기,남,18세,상해없음,승용,남,33세,경상
2015040200100585,2015년 4월 2일 21시,목요일,강원도 원주시 태장동,중상사고,0,1,0,0,차대사람 - 길가장자리구역통행중,안전운전불이행,건조,맑음,단일로 - 기타,승합,남,51세,상해없음,보행자,남,58세,중상
2015040200100586,2015년 4월 2일 21시,목요일,강원도 삼척시 남양동,경상사고,0,0,1,0,차대차 - 측면직각충돌,안전운전불이행,건조,맑음,교차로 - 교차로안,이륜,남,17세,상해없음,승용,여,57세,경상
2015040200100637,2015년 4월 2일 22시,목요일,강원도 원주시 중앙동,경상사고,0,0,1,0,차대차 - 기타,안전운전불이행,습기,비,교차로 - 교차로부근,승합,남,60세,상해없음,자전거,여,54세,경상
2015040200100638,2015년 4월 2일 22시,목요일,강원도 원주시 중앙동,경상사고,0,0,2,0,차대차 - 측면직각충돌,신호위반,건조,맑음,교차로 - 교차로안,승용,남,55세,상해없음,승용,남,57세,경상
2015040200100689,2015년 4월 2일 23시,목요일,강원도 강릉시 교동,경상사고,0,0,1,0,차대사람 - 횡단중,안전운전불이행,습기,비,단일로 - 횡단보도상,승용,여,59세,상해없음,보행자,남,49세,경상
2015040200100690,2015년 4월 2일 23시,목요일,강원도 원주시 무실동,경상사고,0,0,1,0,차대차 - 기타,안전운전불이행,습기,비,교차로 - 교차로부근,승용,여,44세,상해없음,승용,남,39세,경상
2015040200100691,2015년 4월 2일 23시,목요일,강원도 원주시 관설동,경상사고,0,0,1,0,차대차 - 추돌 - 주정차중,안전거리미확보,건조,맑음,교차로 - 교차로부근,승용,남,42세,상해없음,승용,남,52세,경상
2015040300100028,2015년 4월 3일 00시,금요일,강원도 원주시 태장동,경상사고,0,0,1,0,차대차 - 기타,교차로운행방법위반,습기,비,교차로 - 교차로안,화물,남,35세,상해없음,승용,남,27세,경상
2015040300100077,2015년 4월 3일 02시,금요일,강원도 강릉시 연곡면,경상사고,0,0,1,0,차량단독 - 공작물충돌,안전운전불이행,습기,비,단일로 - 기타,승용,남,29세,상해없음,,,,