사고번호,사고일시,요일,시군구,사고내용,사망자수,중상자수,경상자수,부상신고자수,사고유형,법규위반,노면상태,기상상태,도로형태,가해운전자 차종,가해운전자 성별,가해운전자 연령,가해운전자 상해정도,피해운전자 차종,피해운전자 성별,피해운전자 연령,피해운전자 상해정도
2015040300100089,2015년 4월 3일 03시,금요일,강원도 동해시 천곡동,중상사고,0,1,0,0,차대사람 - 횡단중,보행자보호의무위반,습기,비,단일로 - 횡단보도상,승용,남,60세,상해없음,보행자,남,24세,중상
2015040300100173,2015년 4월 3일 08시,금요일,강원도 춘천시 석사동,경상사고,0,0,1,0,차대차 - 측면직각충돌,차로위반,건조,맑음,단일로 - 기타,승합,남,46세,상해없음,이륜,남,52세,경상
2015040300100174,2015년 4월 3일 08시,금요일,강원도 원주시 무실동,중상사고,0,1,0,0,차대차 - 측면직각충돌,안전운전불이행,건조,맑음,교차로 - 교차로안,승용,남,47세,상해없음,승합,여,38세,중상
2015040300100203,2015년 4월 3일 09시,금요일,강원도 강릉시 입암동,경상사고,0,0,1,0,차대차 - 추돌 - 주정차중,안전거리미확보,건조,맑음,교차로 - 교차로부근,승용,여,48세,상해없음,승용,여,33세,경상
2015040300100249,2015년 4월 3일 11시,금요일,강원도 강릉시 성남동,중상사고,0,1,1,0,차대차 - 기타,안전운전불이행,건조,맑음,교차로 - 교차로안,승용,여,35세,기타불명,승용,남,67세,경상
2015040300100250,2015년 4월 3일 11시,금요일,강원도 원주시 문막읍,경상사고,0,0,1,0,차대차 - 측면직각충돌,교차로운행방법위반,건조,맑음,교차로 - 교차로부근,승합,남,44세,상해없음,화물,남,38세,경상
2015040300100251,2015년 4월 3일 11시,금요일,강원도 양구군 양구읍,중상사고,0,1,0,0,차대차 - 측면직각충돌,안전운전불이행,건조,맑음,단일로 - 기타,승용,남,63세,상해없음,이륜,남,65세,중상
2015040300100288,2015년 4월 3일 12시,금요일,강원도 원주시 반곡동,중상사고,0,2,0,0,차대차 - 측면직각충돌,신호위반,건조,맑음,교차로 - 교차로안,승용,남,60세,상해없음,승용,남,49세,중상
2015040300100289,2015년 4월 3일 12시,금요일,강원도 삼척시 정상동,중상사고,0,2,0,0,차대차 - 추돌 - 진행중,안전운전불이행,건조,맑음,교차로 - 교차로안,특수,남,37세,상해없음,승용,여,51세,중상
2015040300100290,2015년 4월 3일 12시,금요일,강원도 동해시 이도동,경상사고,0,0,4,0,차대차 - 추돌 - 주정차중,안전운전불이행,건조,맑음,교차로 - 교차로부근,승용,남,64세,상해없음,승용,남,56세,경상
2015040300100312,2015년 4월 3일 13시,금요일,강원도 원주시 태장동,경상사고,0,0,1,0,차대차 - 기타,차로위반,건조,맑음,단일로 - 기타,원동기,남,76세,경상,승용,여,63세,상해없음
2015040300100313,2015년 4월 3일 13시,금요일,강원도 영월군 영월읍,중상사고,0,1,0,0,차대차 - 측면직각충돌,교차로운행방법위반,건조,맑음,교차로 - 교차로안,화물,남,65세,상해없음,원동기,남,75세,중상
2015040300100342,2015년 4월 3일 14시,금요일,강원도 동해시 용정동,경상사고,0,0,4,0,차대차 - 측면직각충돌,교차로운행방법위반,건조,맑음,교차로 - 교차로안,승용,남,50세,상해없음,승용,여,48세,경상
2015040300100374,2015년 4월 3일 15시,금요일,강원도 원주시 단구동,경상사고,0,0,1,0,차대차 - 추돌 - 진행중,안전거리미확보,건조,맑음,교차로 - 교차로부근,승용,남,70세,상해없음,화물,남,46세,경상
2015040300100375,2015년 4월 3일 15시,금요일,강원도 원주시 신림면,경상사고,0,0,1,0,차대차 - 추돌 - 주정차중,안전거리미확보,건조,맑음,교차로 - 교차로부근,승용,남,62세,상해없음,승용,여,54세,경상
2015040300100407,2015년 4월 3일 16시,금요일,강원도 춘천시 효자동,경상사고,0,0,1,0,차대사람 - 보도통행중,안전운전불이행,건조,맑음,단일로 - 기타,승용,여,36세,상해없음,보행자,남,18세,경상
2015040300100408,2015년 4월 3일 16시,금요일,강원도 속초시 교동,중상사고,0,3,0,0,차대차 - 정면충돌,과속,건조,맑음,교차로 - 교차로부근,특수,남,29세,상해없음,승용,남,58세,중상
2015040300100409,2015년 4월 3일 16시,금요일,강원도 영월군 영월읍,경상사고,0,0,2,0,차대차 - 추돌 - 진행중,안전거리미확보,건조,맑음,단일로 - 기타,승용,남,36세,상해없음,승용,여,34세,경상
2015040300100410,2015년 4월 3일 16시,금요일,강원도 철원군 동송읍,경상사고,0,0,1,0,차대차 - 추돌 - 진행중,안전운전불이행,건조,맑음,교차로 - 교차로안,화물,남,28세,상해없음,승용,남,70세,경상
2015040300100450,2015년 4월 3일 17시,금요일,강원도 강릉시 입암동,경상사고,0,0,1,0,차대사람 - 횡단중,안전운전불이행,건조,맑음,교차로 - 교차로안,승용,여,45세,상해없음,보행자,남,11세,경상
2015040300100451,2015년 4월 3일 17시,금요일,강원도 원주시 무실동,경상사고,0,0,1,0,차대사람 - 횡단중,보행자보호의무위반,건조,맑음,교차로 - 교차로안,승용,남,23세,상해없음,보행자,남,5세,경상
2015040300100544,2015년 4월 3일 19시,금요일,강원도 춘천시 중앙로1가,경상사고,0,0,1,0,차대차 - 측면직각충돌,기타,건조,맑음,단일로 - 기타,승합,남,58세,상해없음,이륜,남,17세,경상
2015040300100545,2015년 4월 3일 19시,금요일,강원도 춘천시 효자동,경상사고,0,0,1,0,차대차 - 측면직각충돌,신호위반,건조,맑음,교차로 - 교차로안,승용,남,55세,상해없음,승용,여,50세,경상
2015040300100577,2015년 4월 3일 20시,금요일,강원도 춘천시 사농동,경상사고,0,0,1,0,차대차 - 측면직각충돌,안전거리미확보,건조,맑음,단일로 - 기타,승용,남,18세,상해없음,승용,여,40세,경상
2015040300100578,2015년 4월 3일 20시,금요일,강원도 원주시 태장동,경상사고,0,0,1,0,차대차 - 추돌 - 진행중,교차로운행방법위반,건조,맑음,교차로 - 교차로안,승합,남,21세,상해없음,승용,남,28세,경상
2015040300100579,2015년 4월 3일 20시,금요일,강원도 원주시 명륜동,경상사고,0,0,2,0,차대차 - 기타,안전거리미확보,건조,맑음,교차로 - 교차로안,승용,남,62세,상해없음,승용,남,27세,경상
2015040300100617,2015년 4월 3일 21시,금요일,강원도 춘천시 중앙로1가,중상사고,0,1,0,0,차대차 - 측면직각충돌,안전운전불이행,건조,맑음,교차로 - 교차로안,이륜,남,60세,상해없음,자전거,남,15세,중상
2015040300100654,2015년 4월 3일 22시,금요일,강원도 횡성군 둔내면,중상사고,0,1,0,0,차량단독 - 도로외이탈 - 기타,안전운전불이행,건조,맑음,단일로 - 기타,화물,남,66세,중상,,,,
2015040300100655,2015년 4월 3일 22시,금요일,강원도 춘천시 동산면,중상사고,0,2,0,0,차대차 - 기타,기타,건조,맑음,기타 - 기타,승용,남,66세,상해없음,승용,남,51세,중상
2015040400100040,2015년 4월 4일 01시,토요일,강원도 춘천시 후평동,경상사고,0,0,1,0,차대차 - 측면직각충돌,교차로운행방법위반,건조,맑음,교차로 - 교차로안,이륜,남,18세,상해없음,승용,남,31세,경상
2015040400100081,2015년 4월 4일 03시,토요일,강원도 원주시 단구동,경상사고,0,0,1,0,차대차 - 측면직각충돌,신호위반,건조,맑음,교차로 - 교차로안,원동기,남,16세,상해없음,승용,남,34세,경상
2015040400100202,2015년 4월 4일 10시,토요일,강원도 원주시 소초면,중상사고,0,1,0,0,차대차 - 측면직각충돌,교차로운행방법위반,건조,맑음,교차로 - 교차로안,화물,남,41세,상해없음,원동기,남,59세,중상
2015040400100238,2015년 4월 4일 11시,토요일,강원도 춘천시 후평동,경상사고,0,0,1,0,차대사람 - 길가장자리구역통행중,안전운전불이행,건조,맑음,단일로 - 기타,기타불명,기타불명,기타불명,기타불명,보행자,여,70세,경상
2015040400100239,2015년 4월 4일 11시,토요일,강원도 삼척시 하장면,경상사고,0,0,2,0,차대차 - 측면직각충돌,안전운전불이행,건조,맑음,교차로 - 교차로안,승용,남,52세,상해없음,화물,남,58세,경상
2015040400100240,2015년 4월 4일 11시,토요일,강원도 삼척시 도계읍,경상사고,0,0,2,0,차대차 - 추돌 - 주정차중,안전운전불이행,건조,맑음,단일로 - 기타,승용,남,30세,상해없음,승용,남,62세,경상
2015040400100312,2015년 4월 4일 13시,토요일,강원도 춘천시 중앙로3가,경상사고,0,0,3,0,차대차 - 추돌 - 진행중,안전운전불이행,건조,맑음,단일로 - 기타,승용,여,32세,상해없음,승용,남,32세,상해없음
2015040400100313,2015년 4월 4일 13시,토요일,강원도 원주시 판부면,중상사고,0,1,0,0,차대차 - 기타,안전운전불이행,건조,맑음,교차로 - 교차로안,승용,남,55세,상해없음,자전거,여,82세,중상
2015040400100314,2015년 4월 4일 13시,토요일,강원도 홍천군 화촌면,중상사고,0,1,0,0,차대차 - 추돌 - 진행중,안전거리미확보,건조,맑음,단일로 - 기타,승용,남,46세,상해없음,농기계,남,57세,중상
2015040400100315,2015년 4월 4일 13시,토요일,강원도 철원군 갈말읍,경상사고,0,0,1,0,차대차 - 측면직각충돌,직진우회전진행방해,건조,맑음,교차로 - 교차로안,승용,여,56세,상해없음,승용,남,83세,경상
2015040400100336,2015년 4월 4일 14시,토요일,강원도 춘천시 동내면,부상신고사고,0,0,0,1,차대차 - 측면직각충돌,안전운전불이행,건조,맑음,단일로 - 기타,자전거,남,12세,부상신고,승용,여,28세,상해없음
2015040400100337,2015년 4월 4일 14시,토요일,강원도 속초시 대포동,경상사고,0,0,1,0,차대차 - 측면직각충돌,안전운전불이행,건조,맑음,단일로 - 기타,승용,남,26세,상해없음,승용,남,50세,경상
2015040400100380,2015년 4월 4일 15시,토요일,강원도 춘천시 근화동,경상사고,0,0,1,0,차대차 - 측면직각충돌,안전운전불이행,건조,맑음,단일로 - 기타,화물,남,42세,상해없음,자전거,남,51세,경상
2015040400100413,2015년 4월 4일 16시,토요일,강원도 춘천시 효자동,경상사고,0,0,1,0,차대사람 - 보도통행중,보행자보호의무위반,건조,맑음,단일로 - 기타,화물,남,58세,상해없음,보행자,남,50세,경상
2015040400100490,2015년 4월 4일 18시,토요일,강원도 원주시 인동,경상사고,0,0,1,0,차대차 - 측면직각충돌,교차로운행방법위반,습기,비,교차로 - 교차로안,승용,남,57세,상해없음,승용,남,51세,경상
2015040400100491,2015년 4월 4일 18시,토요일,강원도 횡성군 횡성읍,경상사고,0,0,1,0,차대사람 - 보도통행중,안전운전불이행,건조,맑음,단일로 - 횡단보도상,기타불명,남,59세,상해없음,보행자,여,55세,경상
2015040400100492,2015년 4월 4일 18시,토요일,강원도 횡성군 횡성읍,중상사고,0,1,0,0,차대차 - 측면직각충돌,안전운전불이행,건조,맑음,단일로 - 횡단보도상,승용,남,52세,상해없음,자전거,남,16세,중상
2015040400100538,2015년 4월 4일 19시,토요일,강원도 강릉시 입암동,경상사고,0,0,1,0,차대차 - 기타,안전운전불이행,건조,맑음,교차로 - 교차로안,승용,남,49세,상해없음,원동기,남,22세,경상
2015040400100539,2015년 4월 4일 19시,토요일,강원도 원주시 중앙동,경상사고,0,0,1,0,차대차 - 기타,안전운전불이행,습기,비,단일로 - 기타,화물,남,28세,상해없음,승용,남,50세,경상
2015040400100540,2015년 4월 4일 19시,토요일,강원도 원주시 단구동,경상사고,0,0,4,0,차대차 - 측면직각충돌,신호위반,습기,비,교차로 - 교차로안,승용,남,72세,상해없음,승용,남,36세,경상
2015040400100541,2015년 4월 4일 19시,토요일,강원도 고성군 거진읍,경상사고,0,0,1,0,차대차 - 측면직각충돌,안전운전불이행,건조,맑음,교차로 - 교차로안,승용,남,66세,상해없음,자전거,남,47세,경상
2015040400100597,2015년 4월 4일 20시,토요일,강원도 춘천시 신동면,경상사고,0,0,1,0,차대차 - 측면직각충돌,교차로운행방법위반,건조,맑음,교차로 - 교차로안,승용,남,60세,상해없음,승용,남,35세,경상
2015040400100632,2015년 4월 4일 21시,토요일,강원도 원주시 가현동,경상사고,0,0,3,0,차대차 - 추돌 - 진행중,교차로운행방법위반,습기,비,교차로 - 교차로부근,화물,여,55세,상해없음,승합,남,25세,경상
2015040400100633,2015년 4월 4일 21시,토요일,강원도 영월군 영월읍,중상사고,0,1,0,0,차대차 - 측면직각충돌,교차로운행방법위반,습기,비,교차로 - 교차로안,화물,남,56세,상해없음,승용,남,54세,중상
2015040400100717,2015년 4월 4일 23시,토요일,강원도 강릉시 포남동,경상사고,0,0,3,0,차대차 - 기타,신호위반,건조,맑음,교차로 - 교차로안,승용,남,60세,상해없음,승용,여,39세,경상
2015040500100012,2015년 4월 5일 00시,일요일,강원도 강릉시 내곡동,경상사고,0,0,1,3,차대차 - 기타,신호위반,건조,맑음,교차로 - 교차로안,승용,남,63세,상해없음,승용,남,21세,상해없음
2015040500100013,2015년 4월 5일 00시,일요일,강원도 원주시 가현동,경상사고,0,0,1,0,차대차 - 측면직각충돌,신호위반,건조,맑음,교차로 - 교차로안,승용,여,47세,상해없음,승용,남,51세,상해없음
2015040500100014,2015년 4월 5일 00시,일요일,강원도 태백시 소도동,사망사고,1,0,0,0,차량단독 - 공작물충돌,안전운전불이행,습기,비,단일로 - 기타,승용,남,65세,사망,,,,
2015040500100038,2015년 4월 5일 01시,일요일,강원도 강릉시 교동,중상사고,0,1,0,0,차대차 - 기타,안전운전불이행,건조,맑음,단일로 - 기타,승용,남,45세,상해없음,원동기,남,25세,중상
2015040500100060,2015년 4월 5일 02시,일요일,강원도 강릉시 성남동,경상사고,0,0,2,0,차대차 - 기타,안전운전불이행,건조,맑음,교차로 - 교차로안,승용,남,52세,상해없음,승용,남,59세,경상
2015040500100061,2015년 4월 5일 02시,일요일,강원도 동해시 부곡동,중상사고,0,1,2,0,차대차 - 측면직각충돌,신호위반,건조,맑음,교차로 - 교차로안,승합,남,61세,상해없음,승용,여,49세,중상
2015040500100148,2015년 4월 5일 08시,일요일,강원도 속초시 노학동,경상사고,0,0,2,0,차대차 - 추돌 - 주정차중,안전운전불이행,건조,흐림,교차로 - 교차로부근,승용,여,41세,상해없음,승용,남,31세,상해없음
2015040500100178,2015년 4월 5일 10시,일요일,강원도 춘천시 근화동,중상사고,0,1,0,0,차대사람 - 길가장자리구역통행중,보행자보호의무위반,습기,맑음,교차로 - 교차로부근,승합,남,60세,상해없음,보행자,남,71세,중상
2015040500100179,2015년 4월 5일 10시,일요일,강원도 삼척시 신기면,경상사고,0,0,1,0,차대차 - 측면직각충돌,기타,건조,맑음,단일로 - 기타,승용,남,30세,상해없음,승합,남,59세,상해없음
2015040500100180,2015년 4월 5일 10시,일요일,강원도 정선군 남면,사망사고,2,0,0,0,차대차 - 추돌 - 진행중,안전운전불이행,습기,흐림,기타 - 기타,승용,남,63세,상해없음,화물,남,53세,사망
2015040500100181,2015년 4월 5일 10시,일요일,강원도 동해시 구미동,경상사고,0,0,4,0,차대차 - 측면직각충돌,교차로운행방법위반,건조,맑음,교차로 - 교차로안,승용,여,57세,경상,화물,남,65세,경상
2015040500100206,2015년 4월 5일 12시,일요일,강원도 춘천시 동면,중상사고,0,2,0,0,차대차 - 측면직각충돌,신호위반,습기,비,교차로 - 교차로안,승용,남,33세,상해없음,승용,남,55세,중상
2015040500100207,2015년 4월 5일 12시,일요일,강원도 춘천시 효자동,경상사고,0,0,1,0,차대차 - 측면직각충돌,직진우회전진행방해,건조,맑음,교차로 - 교차로안,승용,남,32세,상해없음,승용,남,54세,경상
2015040500100259,2015년 4월 5일 14시,일요일,강원도 원주시 태장동,중상사고,0,1,2,0,차대차 - 추돌 - 진행중,안전거리미확보,습기,비,교차로 - 교차로부근,승용,여,51세,중상,화물,남,37세,경상
2015040500100378,2015년 4월 5일 18시,일요일,강원도 춘천시 동내면,경상사고,0,0,2,0,차대차 - 측면직각충돌,신호위반,건조,맑음,교차로 - 교차로안,승용,남,55세,상해없음,화물,남,41세,경상
2015040500100409,2015년 4월 5일 19시,일요일,강원도 원주시 문막읍,경상사고,0,0,3,0,차량단독 - 전도전복,안전운전불이행,습기,비,단일로 - 기타,화물,남,51세,경상,,,,
2015040500100450,2015년 4월 5일 20시,일요일,강원도 원주시 개운동,중상사고,0,1,0,0,차대사람 - 기타,안전운전불이행,건조,맑음,기타 - 기타,승용,남,49세,상해없음,보행자,여,62세,중상
2015040500100487,2015년 4월 5일 21시,일요일,강원도 강릉시 교동,중상사고,0,1,0,0,차대차 - 측면직각충돌,안전운전불이행,건조,맑음,교차로 - 교차로안,이륜,남,40세,상해없음,이륜,여,47세,중상
2015040500100488,2015년 4월 5일 21시,일요일,강원도 강릉시 노암동,경상사고,0,0,1,0,차대사람 - 기타,안전운전불이행,건조,맑음,단일로 - 기타,승용,남,63세,상해없음,보행자,남,52세,경상
2015040500100489,2015년 4월 5일 21시,일요일,강원도 원주시 원동,경상사고,0,0,1,0,차대차 - 추돌 - 진행중,안전운전불이행,건조,맑음,교차로 - 교차로안,승용,여,59세,상해없음,승용,남,44세,경상
2015040500100521,2015년 4월 5일 22시,일요일,강원도 강릉시 연곡면,경상사고,0,0,1,0,차대차 - 측면직각충돌,안전운전불이행,건조,맑음,교차로 - 교차로안,승용,여,43세,상해없음,승용,여,50세,경상
2015040600100008,2015년 4월 6일 00시,월요일,강원도 원주시 단계동,부상신고사고,0,0,0,1,차대차 - 측면직각충돌,교차로운행방법위반,건조,맑음,교차로 - 교차로안,이륜,남,35세,부상신고,승용,남,59세,상해없음
2015040600100020,2015년 4월 6일 01시,월요일,강원도 동해시 평릉동,경상사고,0,0,2,0,차대차 - 정면충돌,신호위반,건조,맑음,교차로 - 교차로안,승용,남,46세,상해없음,승용,남,27세,경상
2015040600100059,2015년 4월 6일 05시,월요일,강원도 태백시 화전동,중상사고,0,1,3,0,차대차 - 측면직각충돌,불법유턴,건조,흐림,단일로 - 기타,승용,남,72세,중상,승용,남,34세,경상
2015040600100124,2015년 4월 6일 08시,월요일,강원도 춘천시 효자동,경상사고,0,0,1,0,차대사람 - 횡단중,보행자보호의무위반,건조,맑음,단일로 - 횡단보도상,기타불명,기타불명,기타불명,기타불명,보행자,남,7세,경상
2015040600100125,2015년 4월 6일 08시,월요일,강원도 평창군 대화면,사망사고,1,0,0,0,차대차 - 측면직각충돌,안전운전불이행,건조,흐림,단일로 - 기타,승용,남,63세,상해없음,이륜,여,75세,사망
2015040600100266,2015년 4월 6일 12시,월요일,강원도 속초시 장사동,경상사고,0,0,1,0,차대차 - 측면직각충돌,안전운전불이행,건조,맑음,교차로 - 교차로안,승용,남,57세,상해없음,승용,남,37세,경상
2015040600100378,2015년 4월 6일 15시,월요일,강원도 원주시 중앙동,경상사고,0,0,1,0,차대사람 - 횡단중,보행자보호의무위반,건조,맑음,단일로 - 기타,승용,여,50세,상해없음,보행자,여,72세,경상
2015040600100379,2015년 4월 6일 15시,월요일,강원도 평창군 대화면,경상사고,0,0,1,0,차대차 - 추돌 - 진행중,중앙선침범,건조,맑음,단일로 - 기타,화물,남,59세,상해없음,건설기계,남,56세,상해없음
2015040600100411,2015년 4월 6일 16시,월요일,강원도 고성군 토성면,경상사고,0,0,1,0,차대차 - 추돌 - 진행중,안전운전불이행,건조,맑음,단일로 - 기타,승용,남,22세,상해없음,승용,여,24세,상해없음
2015040600100453,2015년 4월 6일 17시,월요일,강원도 강릉시 포남동,경상사고,0,0,1,0,차대사람 - 횡단중,안전운전불이행,건조,맑음,단일로 - 횡단보도상,승용,여,63세,상해없음,보행자,여,9세,경상
2015040600100454,2015년 4월 6일 17시,월요일,강원도 원주시 우산동,경상사고,0,0,1,0,차대차 - 추돌 - 진행중,안전운전불이행,건조,맑음,단일로 - 기타,화물,남,38세,상해없음,자전거,여,26세,경상
2015040600100486,2015년 4월 6일 18시,월요일,강원도 속초시 청호동,경상사고,0,0,1,0,차대사람 - 횡단중,안전운전불이행,건조,흐림,단일로 - 기타,화물,남,45세,상해없음,보행자,여,8세,경상
2015040600100515,2015년 4월 6일 19시,월요일,강원도 춘천시 동면,경상사고,0,0,3,0,차대차 - 측면직각충돌,안전운전불이행,건조,맑음,단일로 - 기타,승용,남,41세,상해없음,승용,여,59세,경상
2015040600100516,2015년 4월 6일 19시,월요일,강원도 평창군 진부면,경상사고,0,0,1,0,차대차 - 정면충돌,중앙선침범,건조,흐림,단일로 - 기타,승용,남,40세,상해없음,화물,남,52세,경상
2015040600100593,2015년 4월 6일 21시,월요일,강원도 강릉시 연곡면,경상사고,0,0,1,0,차대차 - 측면직각충돌,안전운전불이행,건조,맑음,단일로 - 기타,승용,남,61세,상해없음,승용,여,19세,경상
2015040600100632,2015년 4월 6일 22시,월요일,강원도 춘천시 온의동,경상사고,0,0,1,0,차대차 - 측면직각충돌,차로위반,건조,맑음,단일로 - 기타,승용,남,32세,상해없음,승용,남,60세,경상
2015040600100633,2015년 4월 6일 22시,월요일,강원도 원주시 단계동,경상사고,0,0,2,0,차대차 - 추돌 - 주정차중,안전운전불이행,건조,흐림,교차로 - 교차로부근,승용,남,46세,기타불명,승용,여,41세,경상
2015040700100011,2015년 4월 7일 00시,화요일,강원도 영월군 한반도면,중상사고,0,2,1,0,차대차 - 측면직각충돌,중앙선침범,건조,맑음,단일로 - 기타,승용,여,58세,상해없음,승용,남,54세,경상
2015040700100028,2015년 4월 7일 01시,화요일,강원도 원주시 우산동,경상사고,0,0,2,0,차대차 - 측면직각충돌,교차로운행방법위반,건조,맑음,교차로 - 교차로안,승용,남,25세,상해없음,승용,남,47세,경상
2015040700100123,2015년 4월 7일 08시,화요일,강원도 평창군 봉평면,경상사고,0,0,2,0,차대차 - 측면직각충돌,안전운전불이행,건조,맑음,교차로 - 교차로안,승용,남,68세,경상,건설기계,남,60세,경상
2015040700100195,2015년 4월 7일 10시,화요일,강원도 춘천시 약사동,경상사고,0,0,1,0,차대차 - 측면직각충돌,안전운전불이행,건조,맑음,교차로 - 교차로부근,기타불명,기타불명,기타불명,기타불명,이륜,남,66세,경상
2015040700100196,2015년 4월 7일 10시,화요일,강원도 태백시 하사미동,경상사고,0,0,1,0,차대차 - 정면충돌,안전운전불이행,적설,눈,단일로 - 기타,승용,남,48세,상해없음,승용,남,52세,경상
2015040700100222,2015년 4월 7일 11시,화요일,강원도 동해시 천곡동,경상사고,0,0,2,0,차대차 - 측면직각충돌,교차로운행방법위반,습기,비,교차로 - 교차로안,승용,남,60세,상해없음,화물,남,49세,경상
2015040700100278,2015년 4월 7일 13시,화요일,강원도 강릉시 포남동,경상사고,0,0,1,0,차대차 - 측면직각충돌,신호위반,건조,맑음,교차로 - 교차로안,승용,남,75세,상해없음,이륜,남,45세,경상
2015040700100279,2015년 4월 7일 13시,화요일,강원도 원주시 단계동,경상사고,0,0,3,0,차대차 - 측면직각충돌,안전거리미확보,건조,맑음,단일로 - 기타,승용,여,51세,상해없음,승용,여,39세,경상
2015040700100309,2015년 4월 7일 14시,화요일,강원도 춘천시 석사동,경상사고,0,0,1,1,차대차 - 측면직각충돌,안전운전불이행,건조,맑음,교차로 - 교차로부근,승용,여,44세,상해없음,승용,여,49세,경상
2015040700100331,2015년 4월 7일 15시,화요일,강원도 원주시 단계동,경상사고,0,0,4,0,차대차 - 추돌 - 진행중,교차로운행방법위반,건조,흐림,교차로 - 교차로안,승용,여,37세,상해없음,승용,남,24세,경상
2015040700100332,2015년 4월 7일 15시,화요일,강원도 원주시 원동,경상사고,0,0,1,0,차대사람 - 횡단중,안전운전불이행,습기,흐림,단일로 - 기타,승용,남,66세,상해없음,보행자,남,6세,경상
2015040700100333,2015년 4월 7일 15시,화요일,강원도 삼척시 남양동,경상사고,0,0,1,0,차대차 - 기타,안전운전불이행,습기,비,단일로 - 기타,원동기,남,79세,경상,승용,기타불명,기타불명,기타불명
2015040700100334,2015년 4월 7일 15시,화요일,강원도 고성군 거진읍,경상사고,0,0,1,0,차대차 - 측면직각충돌,교차로운행방법위반,습기,비,교차로 - 교차로안,승용,남,53세,상해없음,화물,남,75세,경상
2015040700100335,2015년 4월 7일 15시,화요일,강원도 철원군 동송읍,경상사고,0,0,2,0,차대차 - 측면직각충돌,교차로운행방법위반,습기,비,교차로 - 교차로안,화물,남,48세,경상,승용,남,49세,상해없음
2015040700100425,2015년 4월 7일 18시,화요일,강원도 강릉시 성남동,경상사고,0,0,1,0,차대차 - 추돌 - 진행중,안전운전불이행,습기,비,교차로 - 교차로안,화물,남,49세,상해없음,이륜,여,39세,경상
2015040700100426,2015년 4월 7일 18시,화요일,강원도 원주시 호저면,경상사고,0,0,2,0,차대차 - 추돌 - 주정차중,교차로운행방법위반,건조,맑음,교차로 - 교차로부근,승용,여,47세,상해없음,승용,남,35세,경상
2015040700100427,2015년 4월 7일 18시,화요일,강원도 원주시 무실동,경상사고,0,0,2,0,차대차 - 추돌 - 주정차중,안전운전불이행,습기,비,교차로 - 교차로부근,승용,여,42세,상해없음,승용,남,45세,경상
2015040700100458,2015년 4월 7일 19시,화요일,강원도 원주시 단계동,경상사고,0,0,1,0,차대차 - 측면직각충돌,교차로운행방법위반,습기,비,교차로 - 교차로부근,원동기,남,34세,경상,승용,여,22세,상해없음
2015040700100494,2015년 4월 7일 20시,화요일,강원도 춘천시 중앙로1가,사망사고,1,0,0,0,차대차 - 측면직각충돌,신호위반,건조,맑음,교차로 - 교차로안,이륜,남,16세,상해없음,승합,여,50세,상해없음
2015040700100495,2015년 4월 7일 20시,화요일,강원도 원주시 태장동,중상사고,0,1,0,0,차대차 - 기타,차로위반,습기,흐림,단일로 - 기타,승용,남,34세,상해없음,이륜,남,57세,중상
2015040700100527,2015년 4월 7일 21시,화요일,강원도 속초시 대포동,경상사고,0,0,1,0,차대차 - 추돌 - 주정차중,안전운전불이행,습기,비,교차로 - 교차로안,화물,남,51세,상해없음,승합,남,41세,경상
2015040800100079,2015년 4월 8일 07시,수요일,강원도 춘천시 퇴계동,경상사고,0,0,1,0,차대차 - 측면직각충돌,안전운전불이행,건조,맑음,단일로 - 기타,승용,여,52세,상해없음,승용,남,59세,경상
2015040800100080,2015년 4월 8일 07시,수요일,강원도 양구군 양구읍,중상사고,0,1,0,0,차대차 - 측면직각충돌,안전운전불이행,건조,맑음,교차로 - 교차로부근,승용,남,37세,상해없음,원동기,남,82세,중상
2015040800100118,2015년 4월 8일 08시,수요일,강원도 삼척시 남양동,경상사고,0,0,1,0,차대사람 - 보도통행중,안전운전불이행,건조,맑음,단일로 - 횡단보도상,화물,남,45세,상해없음,보행자,여,16세,경상
2015040800100149,2015년 4월 8일 09시,수요일,강원도 춘천시 칠전동,경상사고,0,0,1,0,차대차 - 추돌 - 진행중,안전운전불이행,건조,맑음,교차로 - 교차로부근,건설기계,남,39세,상해없음,승용,여,49세,경상
2015040800100171,2015년 4월 8일 10시,수요일,강원도 원주시 우산동,중상사고,0,1,0,0,차대사람 - 기타,보행자보호의무위반,건조,흐림,교차로 - 교차로부근,승용,남,32세,상해없음,보행자,여,55세,중상
2015040800100203,2015년 4월 8일 11시,수요일,강원도 강릉시 포남동,경상사고,0,0,1,0,차대차 - 측면직각충돌,안전운전불이행,건조,맑음,단일로 - 기타,승용,여,46세,상해없음,승용,남,34세,경상
2015040800100204,2015년 4월 8일 11시,수요일,강원도 속초시 조양동,경상사고,0,0,1,0,차대차 - 추돌 - 주정차중,안전운전불이행,건조,맑음,단일로 - 기타,화물,남,32세,상해없음,화물,남,35세,경상
2015040800100295,2015년 4월 8일 14시,수요일,강원도 화천군 상서면,중상사고,0,1,0,0,차대차 - 기타,안전거리미확보,건조,맑음,단일로 - 기타,건설기계,남,44세,상해없음,농기계,남,66세,중상
2015040800100386,2015년 4월 8일 17시,수요일,강원도 원주시 봉산동,경상사고,0,0,1,0,차대차 - 정면충돌,교차로운행방법위반,건조,맑음,교차로 - 교차로안,화물,남,42세,상해없음,승용,남,37세,경상
2015040800100387,2015년 4월 8일 17시,수요일,강원도 동해시 망상동,중상사고,0,1,0,0,차대차 - 측면직각충돌,안전운전불이행,건조,맑음,단일로 - 기타,승용,여,49세,상해없음,승용,여,37세,중상