사고번호,사고일시,요일,시군구,사고내용,사망자수,중상자수,경상자수,부상신고자수,사고유형,법규위반,노면상태,기상상태,도로형태,가해운전자 차종,가해운전자 성별,가해운전자 연령,가해운전자 상해정도,피해운전자 차종,피해운전자 성별,피해운전자 연령,피해운전자 상해정도
2015040800100414,2015년 4월 8일 18시,수요일,강원도 춘천시 석사동,경상사고,0,0,4,0,차대차 - 측면직각충돌,중앙선침범,건조,맑음,단일로 - 기타,승용,여,39세,상해없음,승용,여,44세,경상
2015040800100415,2015년 4월 8일 18시,수요일,강원도 원주시 태장동,경상사고,0,0,2,0,차대차 - 측면직각충돌,안전운전불이행,건조,맑음,기타 - 기타,승용,여,57세,상해없음,건설기계,남,34세,경상
2015040800100444,2015년 4월 8일 19시,수요일,강원도 원주시 명륜동,중상사고,0,1,0,0,차대사람 - 횡단중,안전운전불이행,건조,맑음,교차로 - 교차로부근,승용,남,57세,상해없음,보행자,남,52세,중상
2015040800100588,2015년 4월 8일 23시,수요일,강원도 춘천시 교동,경상사고,0,0,1,1,차대사람 - 차도통행중,안전운전불이행,건조,맑음,교차로 - 교차로부근,승용,남,54세,상해없음,보행자,여,19세,경상
2015040800100589,2015년 4월 8일 23시,수요일,강원도 강릉시 포남동,경상사고,0,0,1,0,차대차 - 추돌 - 주정차중,안전운전불이행,건조,맑음,단일로 - 기타,승용,남,45세,상해없음,승용,여,35세,경상
2015040800100590,2015년 4월 8일 23시,수요일,강원도 양양군 손양면,경상사고,0,0,1,0,차대차 - 정면충돌,중앙선침범,건조,맑음,단일로 - 기타,승용,남,35세,상해없음,화물,남,43세,경상
2015040900100022,2015년 4월 9일 01시,목요일,강원도 강릉시 성남동,경상사고,0,0,1,0,차대차 - 추돌 - 진행중,안전운전불이행,건조,맑음,단일로 - 기타,승용,남,37세,상해없음,원동기,남,13세,경상
2015040900100073,2015년 4월 9일 06시,목요일,강원도 횡성군 둔내면,경상사고,0,0,2,0,차대차 - 측면직각충돌,직진우회전진행방해,건조,흐림,교차로 - 교차로안,승용,남,38세,상해없음,승용,남,79세,경상
2015040900100094,2015년 4월 9일 07시,목요일,강원도 원주시 무실동,경상사고,0,0,1,0,차대차 - 측면직각충돌,신호위반,건조,맑음,교차로 - 교차로안,승용,남,42세,상해없음,승용,남,45세,경상
2015040900100095,2015년 4월 9일 07시,목요일,강원도 원주시 원동,경상사고,0,0,1,0,차대차 - 추돌 - 진행중,안전운전불이행,건조,맑음,기타 - 기타,승용,여,45세,상해없음,승용,남,24세,경상
2015040900100096,2015년 4월 9일 07시,목요일,강원도 정선군 정선읍,경상사고,0,0,3,0,차대차 - 측면직각충돌,안전운전불이행,건조,맑음,단일로 - 기타,화물,남,43세,상해없음,승용,남,54세,경상
2015040900100137,2015년 4월 9일 08시,목요일,강원도 춘천시 효자동,경상사고,0,0,1,0,차대차 - 측면직각충돌,안전운전불이행,건조,맑음,단일로 - 기타,승용,남,67세,상해없음,자전거,남,16세,경상
2015040900100138,2015년 4월 9일 08시,목요일,강원도 강릉시 강문동,경상사고,0,0,1,0,차대사람 - 기타,안전운전불이행,건조,맑음,기타 - 기타,승용,남,57세,상해없음,보행자,여,55세,경상
2015040900100139,2015년 4월 9일 08시,목요일,강원도 동해시 효가동,중상사고,0,1,4,0,차대차 - 추돌 - 주정차중,안전거리미확보,건조,맑음,교차로 - 교차로부근,승용,남,68세,상해없음,승용,남,49세,경상
2015040900100161,2015년 4월 9일 09시,목요일,강원도 삼척시 우지동,경상사고,0,0,3,0,차대차 - 측면직각충돌,중앙선침범,건조,맑음,교차로 - 교차로부근,승용,남,84세,상해없음,화물,남,48세,경상
2015040900100273,2015년 4월 9일 13시,목요일,강원도 춘천시 석사동,경상사고,0,0,2,0,차대차 - 측면직각충돌,안전운전불이행,건조,맑음,교차로 - 교차로안,승용,여,39세,경상,승용,남,44세,경상
2015040900100274,2015년 4월 9일 13시,목요일,강원도 고성군 거진읍,경상사고,0,0,1,0,차대차 - 정면충돌,중앙선침범,건조,맑음,단일로 - 기타,화물,남,54세,상해없음,승용,여,52세,경상
2015040900100299,2015년 4월 9일 14시,목요일,강원도 원주시 단구동,경상사고,0,0,1,0,차대차 - 측면직각충돌,안전거리미확보,건조,맑음,단일로 - 기타,승용,남,27세,상해없음,이륜,남,19세,경상
2015040900100300,2015년 4월 9일 14시,목요일,강원도 원주시 우산동,경상사고,0,0,1,0,차대차 - 추돌 - 진행중,안전운전불이행,건조,맑음,교차로 - 교차로부근,이륜,남,18세,경상,화물,남,55세,상해없음
2015040900100301,2015년 4월 9일 14시,목요일,강원도 원주시 호저면,경상사고,0,0,1,0,차대차 - 기타,안전운전불이행,건조,맑음,교차로 - 교차로부근,기타불명,기타불명,기타불명,기타불명,승용,남,21세,경상
2015040900100329,2015년 4월 9일 15시,목요일,강원도 원주시 무실동,경상사고,0,0,1,0,차대차 - 측면직각충돌,교차로운행방법위반,건조,맑음,교차로 - 교차로안,승용,여,37세,상해없음,승용,남,51세,경상
2015040900100330,2015년 4월 9일 15시,목요일,강원도 영월군 한반도면,경상사고,0,0,1,0,차대차 - 추돌 - 진행중,안전거리미확보,건조,맑음,단일로 - 기타,승용,남,37세,상해없음,화물,여,54세,경상
2015040900100417,2015년 4월 9일 18시,목요일,강원도 원주시 우산동,중상사고,0,1,0,0,차대차 - 측면직각충돌,교차로운행방법위반,건조,맑음,교차로 - 교차로안,화물,남,36세,상해없음,승합,남,51세,중상
2015040900100490,2015년 4월 9일 20시,목요일,강원도 춘천시 효자동,경상사고,0,0,1,0,차대차 - 추돌 - 진행중,기타,건조,맑음,단일로 - 기타,승용,남,29세,상해없음,이륜,남,25세,경상
2015040900100491,2015년 4월 9일 20시,목요일,강원도 동해시 송정동,사망사고,1,2,0,0,차대차 - 측면직각충돌,신호위반,건조,맑음,교차로 - 교차로안,승용,남,47세,사망,승용,남,66세,중상
2015040900100566,2015년 4월 9일 23시,목요일,강원도 원주시 일산동,경상사고,0,0,5,0,차대차 - 정면충돌,중앙선침범,건조,맑음,단일로 - 기타,승용,남,65세,경상,승용,남,51세,경상
2015040900100567,2015년 4월 9일 23시,목요일,강원도 원주시 개운동,중상사고,0,2,0,0,차대차 - 측면직각충돌,신호위반,건조,맑음,교차로 - 교차로안,이륜,남,26세,중상,화물,남,51세,상해없음
2015041000100034,2015년 4월 10일 01시,금요일,강원도 강릉시 내곡동,경상사고,0,0,1,0,차대차 - 기타,안전운전불이행,건조,맑음,교차로 - 교차로안,원동기,남,21세,경상,승용,남,39세,상해없음
2015041000100046,2015년 4월 10일 02시,금요일,강원도 춘천시 조양동,경상사고,0,0,1,0,차대사람 - 길가장자리구역통행중,교차로운행방법위반,건조,맑음,교차로 - 교차로부근,승합,남,35세,상해없음,보행자,남,18세,경상
2015041000100078,2015년 4월 10일 06시,금요일,강원도 춘천시 동면,경상사고,0,0,1,0,차대차 - 측면직각충돌,기타,건조,맑음,교차로 - 교차로안,승용,남,45세,상해없음,승용,여,45세,경상
2015041000100079,2015년 4월 10일 06시,금요일,강원도 홍천군 화촌면,경상사고,0,0,2,0,차대차 - 측면직각충돌,안전운전불이행,건조,맑음,단일로 - 기타,건설기계,남,38세,상해없음,승용,남,57세,경상
2015041000100096,2015년 4월 10일 07시,금요일,강원도 원주시 봉산동,경상사고,0,0,1,0,차대차 - 추돌 - 진행중,안전운전불이행,건조,맑음,단일로 - 기타,건설기계,남,46세,상해없음,승용,남,28세,경상
2015041000100130,2015년 4월 10일 08시,금요일,강원도 원주시 단계동,중상사고,0,1,2,0,차대차 - 추돌 - 진행중,불법유턴,건조,맑음,교차로 - 교차로부근,화물,남,52세,상해없음,승용,여,49세,경상
2015041000100214,2015년 4월 10일 11시,금요일,강원도 춘천시 후평동,중상사고,0,1,0,0,차대사람 - 길가장자리구역통행중,안전운전불이행,건조,맑음,교차로 - 교차로부근,승용,여,57세,상해없음,보행자,남,50세,중상
2015041000100215,2015년 4월 10일 11시,금요일,강원도 동해시 효가동,경상사고,0,0,2,0,차대차 - 측면직각충돌,교차로운행방법위반,건조,맑음,교차로 - 교차로안,승용,남,39세,상해없음,승용,남,55세,경상
2015041000100236,2015년 4월 10일 12시,금요일,강원도 원주시 중앙동,중상사고,0,1,0,0,차대차 - 측면직각충돌,교차로운행방법위반,건조,맑음,교차로 - 교차로안,승용,남,43세,상해없음,자전거,남,79세,중상
2015041000100343,2015년 4월 10일 15시,금요일,강원도 춘천시 석사동,경상사고,0,0,1,0,차대사람 - 횡단중,보행자보호의무위반,건조,맑음,교차로 - 교차로부근,승용,남,52세,상해없음,보행자,남,25세,경상
2015041000100344,2015년 4월 10일 15시,금요일,강원도 춘천시 근화동,경상사고,0,0,2,0,차대차 - 측면직각충돌,안전운전불이행,건조,맑음,교차로 - 교차로부근,승용,남,39세,기타불명,승용,남,57세,경상
2015041000100426,2015년 4월 10일 17시,금요일,강원도 홍천군 서석면,중상사고,0,1,0,0,차대차 - 측면직각충돌,중앙선침범,건조,맑음,단일로 - 기타,이륜,남,64세,상해없음,승합,남,57세,상해없음
2015041000100468,2015년 4월 10일 18시,금요일,강원도 원주시 단계동,경상사고,0,0,1,0,차대차 - 측면직각충돌,차로위반,건조,맑음,단일로 - 기타,승용,남,56세,상해없음,이륜,남,19세,경상
2015041000100469,2015년 4월 10일 18시,금요일,강원도 원주시 단구동,경상사고,0,0,1,0,차대차 - 정면충돌,안전운전불이행,건조,맑음,기타 - 기타,승용,남,44세,상해없음,자전거,남,7세,경상
2015041000100470,2015년 4월 10일 18시,금요일,강원도 화천군 상서면,경상사고,0,0,1,1,차대차 - 기타,안전운전불이행,건조,맑음,단일로 - 기타,승용,남,24세,상해없음,승용,남,44세,부상신고
2015041000100471,2015년 4월 10일 18시,금요일,강원도 동해시 천곡동,경상사고,0,0,1,0,차대차 - 측면직각충돌,안전거리미확보,건조,맑음,교차로 - 교차로안,승용,여,50세,상해없음,화물,여,49세,경상
2015041000100513,2015년 4월 10일 19시,금요일,강원도 동해시 부곡동,경상사고,0,0,3,0,차대차 - 추돌 - 주정차중,안전운전불이행,건조,맑음,교차로 - 교차로부근,승용,남,41세,상해없음,승용,여,40세,경상
2015041000100668,2015년 4월 10일 23시,금요일,강원도 속초시 조양동,경상사고,0,0,1,0,차대차 - 추돌 - 진행중,안전운전불이행,건조,맑음,교차로 - 교차로부근,승용,남,73세,상해없음,승용,여,47세,경상
2015041100100019,2015년 4월 11일 00시,토요일,강원도 강릉시 강문동,경상사고,0,0,3,0,차대차 - 측면직각충돌,기타,건조,맑음,단일로 - 기타,승용,남,75세,상해없음,승용,여,30세,경상
2015041100100058,2015년 4월 11일 02시,토요일,강원도 강릉시 교동,경상사고,0,0,1,0,차대사람 - 기타,안전운전불이행,건조,맑음,단일로 - 기타,원동기,남,22세,상해없음,보행자,남,24세,경상
2015041100100059,2015년 4월 11일 02시,토요일,강원도 원주시 단계동,경상사고,0,0,1,0,차대차 - 추돌 - 주정차중,안전운전불이행,건조,맑음,단일로 - 기타,승용,남,24세,상해없음,승용,남,49세,경상
2015041100100130,2015년 4월 11일 06시,토요일,강원도 춘천시 후평동,경상사고,0,0,2,0,차대차 - 측면직각충돌,직진우회전진행방해,건조,맑음,교차로 - 교차로안,승용,남,74세,상해없음,승용,남,34세,경상
2015041100100214,2015년 4월 11일 10시,토요일,강원도 원주시 명륜동,경상사고,0,0,4,0,차대차 - 추돌 - 진행중,안전거리미확보,건조,맑음,교차로 - 교차로부근,승합,여,43세,경상,승용,여,53세,경상
2015041100100248,2015년 4월 11일 11시,토요일,강원도 춘천시 서면,중상사고,0,1,5,0,차대차 - 추돌 - 주정차중,안전운전불이행,건조,맑음,단일로 - 기타,승용,여,24세,상해없음,승용,남,55세,경상
2015041100100249,2015년 4월 11일 11시,토요일,강원도 강릉시 성내동,경상사고,0,0,1,0,차대사람 - 기타,안전운전불이행,건조,맑음,교차로 - 교차로부근,승용,여,55세,상해없음,보행자,여,61세,경상
2015041100100250,2015년 4월 11일 11시,토요일,강원도 삼척시 신기면,중상사고,0,1,3,0,차대차 - 측면직각충돌,안전운전불이행,건조,맑음,단일로 - 기타,승용,남,42세,상해없음,승용,남,55세,경상
2015041100100297,2015년 4월 11일 12시,토요일,강원도 원주시 문막읍,경상사고,0,0,1,0,차대사람 - 횡단중,안전운전불이행,건조,맑음,단일로 - 기타,승용,남,47세,상해없음,보행자,남,5세,경상
2015041100100356,2015년 4월 11일 14시,토요일,강원도 춘천시 후평동,중상사고,0,1,0,0,차대차 - 측면직각충돌,기타,건조,맑음,교차로 - 교차로안,승용,여,31세,상해없음,이륜,남,51세,중상
2015041100100357,2015년 4월 11일 14시,토요일,강원도 춘천시 신북읍,경상사고,0,0,1,0,차대차 - 측면직각충돌,안전운전불이행,건조,맑음,교차로 - 교차로안,승용,남,30세,상해없음,화물,여,58세,경상
2015041100100358,2015년 4월 11일 14시,토요일,강원도 양양군 강현면,경상사고,0,0,4,0,차대차 - 추돌 - 주정차중,안전운전불이행,건조,맑음,단일로 - 교량,승용,남,71세,상해없음,승용,여,52세,경상
2015041100100406,2015년 4월 11일 15시,토요일,강원도 삼척시 원덕읍,경상사고,0,0,3,0,차대차 - 측면직각충돌,안전거리미확보,건조,맑음,단일로 - 기타,화물,남,72세,상해없음,승용,남,41세,경상
2015041100100446,2015년 4월 11일 16시,토요일,강원도 춘천시 후평동,중상사고,0,1,1,0,차대차 - 측면직각충돌,신호위반,건조,맑음,교차로 - 교차로안,승용,남,49세,상해없음,승용,남,41세,중상
2015041100100447,2015년 4월 11일 16시,토요일,강원도 원주시 단계동,경상사고,0,0,2,0,차대차 - 기타,안전운전불이행,건조,맑음,교차로 - 교차로안,승용,남,30세,기타불명,승용,여,66세,경상
2015041100100448,2015년 4월 11일 16시,토요일,강원도 영월군 영월읍,중상사고,0,6,14,0,차대차 - 추돌 - 진행중,안전거리미확보,건조,맑음,단일로 - 터널,승합,남,53세,상해없음,승용,여,29세,경상
2015041100100449,2015년 4월 11일 16시,토요일,강원도 동해시 대구동,경상사고,0,0,3,0,차대차 - 측면직각충돌,안전운전불이행,건조,맑음,교차로 - 교차로부근,승용,남,63세,상해없음,화물,남,30세,상해없음
2015041100100526,2015년 4월 11일 18시,토요일,강원도 철원군 동송읍,중상사고,0,1,0,0,차대사람 - 횡단중,안전운전불이행,건조,맑음,단일로 - 기타,승용,남,49세,상해없음,보행자,남,82세,중상
2015041100100570,2015년 4월 11일 19시,토요일,강원도 강릉시 교동,경상사고,0,0,1,0,차대사람 - 기타,안전운전불이행,건조,맑음,단일로 - 기타,승용,남,46세,상해없음,보행자,남,30세,경상
2015041100100609,2015년 4월 11일 20시,토요일,강원도 강릉시 옥천동,경상사고,0,0,4,0,차대차 - 측면직각충돌,신호위반,습기,비,교차로 - 교차로안,승용,남,42세,상해없음,승용,남,54세,경상
2015041100100698,2015년 4월 11일 23시,토요일,강원도 춘천시 석사동,경상사고,0,0,2,0,차대차 - 측면직각충돌,신호위반,건조,맑음,교차로 - 교차로안,이륜,남,20세,상해없음,화물,남,52세,경상
2015041100100699,2015년 4월 11일 23시,토요일,강원도 원주시 무실동,경상사고,0,0,2,0,차대차 - 측면직각충돌,차로위반,건조,맑음,교차로 - 교차로부근,승용,남,34세,상해없음,승용,남,54세,경상
2015041100100700,2015년 4월 11일 23시,토요일,강원도 속초시 대포동,경상사고,0,0,1,0,차대차 - 추돌 - 주정차중,안전운전불이행,건조,맑음,단일로 - 기타,승용,남,45세,상해없음,승용,남,48세,경상
2015041200100012,2015년 4월 12일 00시,일요일,강원도 춘천시 효자동,경상사고,0,0,1,0,차대사람 - 길가장자리구역통행중,안전운전불이행,건조,맑음,단일로 - 기타,승용,남,24세,상해없음,보행자,여,24세,경상
2015041200100013,2015년 4월 12일 00시,일요일,강원도 원주시 단구동,경상사고,0,0,3,0,차대차 - 추돌 - 주정차중,안전거리미확보,습기,흐림,교차로 - 교차로부근,승용,남,51세,상해없음,승용,남,59세,경상
2015041200100082,2015년 4월 12일 05시,일요일,강원도 춘천시 석사동,중상사고,0,1,1,0,차대차 - 측면직각충돌,안전운전불이행,건조,맑음,단일로 - 기타,승용,남,33세,상해없음,승용,남,54세,중상
2015041200100083,2015년 4월 12일 05시,일요일,강원도 강릉시 견소동,중상사고,0,1,0,0,차량단독 - 공작물충돌,안전운전불이행,건조,맑음,단일로 - 기타,승용,남,18세,상해없음,,,,
2015041200100117,2015년 4월 12일 08시,일요일,강원도 원주시 우산동,경상사고,0,0,1,0,차대차 - 측면직각충돌,교차로운행방법위반,건조,맑음,교차로 - 교차로안,자전거,남,68세,경상,이륜,남,47세,상해없음
2015041200100118,2015년 4월 12일 08시,일요일,강원도 인제군 기린면,중상사고,0,1,0,0,차대차 - 정면충돌,중앙선침범,건조,맑음,단일로 - 기타,승용,여,60세,상해없음,승용,여,54세,중상
2015041200100201,2015년 4월 12일 12시,일요일,강원도 영월군 영월읍,경상사고,0,0,1,0,차대차 - 추돌 - 진행중,안전거리미확보,건조,맑음,교차로 - 교차로부근,화물,여,48세,상해없음,승용,남,60세,경상
2015041200100227,2015년 4월 12일 13시,일요일,강원도 횡성군 청일면,경상사고,0,0,2,0,차대차 - 측면직각충돌,직진우회전진행방해,건조,맑음,교차로 - 교차로안,화물,남,57세,경상,승합,남,63세,경상
2015041200100332,2015년 4월 12일 16시,일요일,강원도 삼척시 당저동,경상사고,0,0,1,0,차대차 - 측면직각충돌,안전운전불이행,건조,맑음,단일로 - 기타,승용,남,62세,상해없음,원동기,남,19세,경상
2015041200100333,2015년 4월 12일 16시,일요일,강원도 춘천시 동산면,중상사고,0,2,0,0,차대차 - 기타,안전운전불이행,건조,맑음,단일로 - 기타,승용,여,35세,상해없음,승용,여,27세,중상
2015041200100364,2015년 4월 12일 17시,일요일,강원도 인제군 인제읍,경상사고,0,0,1,0,차대차 - 측면직각충돌,안전운전불이행,건조,맑음,단일로 - 기타,승용,남,63세,상해없음,승용,여,32세,경상
2015041200100390,2015년 4월 12일 18시,일요일,강원도 춘천시 약사동,중상사고,0,1,5,0,차대차 - 측면직각충돌,교차로운행방법위반,건조,맑음,교차로 - 교차로안,승용,남,58세,상해없음,승합,여,43세,경상
2015041200100391,2015년 4월 12일 18시,일요일,강원도 춘천시 효자동,경상사고,0,0,1,0,차대사람 - 길가장자리구역통행중,안전운전불이행,건조,맑음,단일로 - 횡단보도부근,화물,남,40세,상해없음,보행자,남,64세,경상
2015041200100460,2015년 4월 12일 20시,일요일,강원도 원주시 무실동,경상사고,0,0,1,0,차대차 - 기타,안전거리미확보,건조,맑음,단일로 - 기타,화물,남,53세,상해없음,이륜,남,21세,경상
2015041200100461,2015년 4월 12일 20시,일요일,강원도 동해시 천곡동,중상사고,0,1,0,0,차대차 - 측면직각충돌,교차로운행방법위반,건조,맑음,단일로 - 기타,승용,남,66세,상해없음,원동기,남,18세,중상
2015041200100487,2015년 4월 12일 21시,일요일,강원도 원주시 명륜동,경상사고,0,0,1,0,차대차 - 측면직각충돌,교차로운행방법위반,건조,맑음,교차로 - 교차로안,승용,남,56세,상해없음,이륜,남,22세,경상
2015041200100517,2015년 4월 12일 22시,일요일,강원도 원주시 단구동,경상사고,0,0,1,0,차대사람 - 횡단중,안전운전불이행,건조,맑음,교차로 - 교차로부근,승용,남,42세,상해없음,보행자,남,25세,경상
2015041200100518,2015년 4월 12일 22시,일요일,강원도 원주시 행구동,경상사고,0,0,2,0,차대차 - 기타,안전운전불이행,건조,맑음,단일로 - 기타,승용,여,48세,상해없음,승용,여,50세,경상
2015041200100535,2015년 4월 12일 23시,일요일,강원도 춘천시 석사동,경상사고,0,0,1,0,차대차 - 측면직각충돌,안전운전불이행,건조,맑음,단일로 - 기타,승용,남,51세,상해없음,승용,여,27세,기타불명
2015041200100536,2015년 4월 12일 23시,일요일,강원도 삼척시 정상동,경상사고,0,0,3,0,차대차 - 추돌 - 진행중,안전운전불이행,건조,맑음,단일로 - 기타,화물,남,51세,상해없음,승용,여,24세,경상
2015041300100013,2015년 4월 13일 00시,월요일,강원도 강릉시 교동,경상사고,0,0,1,0,차량단독 - 공작물충돌,안전운전불이행,건조,맑음,교차로 - 교차로부근,승용,남,27세,상해없음,,,,
2015041300100055,2015년 4월 13일 06시,월요일,강원도 춘천시 교동,경상사고,0,0,1,0,차대차 - 측면직각충돌,교차로운행방법위반,건조,맑음,교차로 - 교차로안,승용,여,50세,상해없음,승용,여,47세,경상
2015041300100098,2015년 4월 13일 08시,월요일,강원도 원주시 무실동,경상사고,0,0,1,0,차대차 - 측면직각충돌,교차로운행방법위반,건조,맑음,교차로 - 교차로안,승용,남,50세,상해없음,승용,여,32세,경상
2015041300100099,2015년 4월 13일 08시,월요일,강원도 원주시 단구동,경상사고,0,0,2,0,차대차 - 측면직각충돌,신호위반,건조,맑음,교차로 - 교차로안,승용,여,43세,상해없음,승용,여,40세,경상
2015041300100100,2015년 4월 13일 08시,월요일,강원도 홍천군 홍천읍,중상사고,0,1,2,0,차대차 - 측면직각충돌,기타,건조,맑음,교차로 - 교차로안,승용,남,54세,경상,화물,남,37세,경상
2015041300100211,2015년 4월 13일 12시,월요일,강원도 동해시 이도동,경상사고,0,0,1,0,차대차 - 측면직각충돌,안전운전불이행,습기,비,단일로 - 기타,승용,남,24세,상해없음,승용,남,39세,경상
2015041300100235,2015년 4월 13일 13시,월요일,강원도 원주시 가현동,경상사고,0,0,1,0,차대차 - 측면직각충돌,교차로운행방법위반,건조,맑음,교차로 - 교차로안,승용,남,40세,상해없음,이륜,남,20세,경상
2015041300100236,2015년 4월 13일 13시,월요일,강원도 원주시 단계동,중상사고,0,1,0,0,차대사람 - 기타,안전운전불이행,건조,맑음,단일로 - 기타,승용,남,65세,상해없음,보행자,여,46세,중상
2015041300100328,2015년 4월 13일 16시,월요일,강원도 양양군 양양읍,경상사고,0,0,1,0,차대사람 - 횡단중,보행자보호의무위반,건조,맑음,단일로 - 횡단보도상,승용,남,49세,상해없음,보행자,남,9세,경상
2015041300100367,2015년 4월 13일 17시,월요일,강원도 춘천시 교동,중상사고,0,1,0,0,차대차 - 측면직각충돌,안전운전불이행,습기,비,교차로 - 교차로안,승용,여,39세,상해없음,자전거,여,65세,중상
2015041300100368,2015년 4월 13일 17시,월요일,강원도 원주시 단구동,경상사고,0,0,1,0,차대차 - 추돌 - 주정차중,안전거리미확보,건조,맑음,단일로 - 기타,승용,여,51세,상해없음,승용,여,43세,경상
2015041300100369,2015년 4월 13일 17시,월요일,강원도 횡성군 횡성읍,중상사고,0,1,0,0,차대사람 - 횡단중,신호위반,건조,맑음,교차로 - 교차로안,화물,남,73세,상해없음,보행자,여,21세,중상
2015041300100370,2015년 4월 13일 17시,월요일,강원도 횡성군 둔내면,중상사고,0,1,0,0,차대사람 - 횡단중,안전운전불이행,건조,맑음,기타 - 기타,승용,여,63세,상해없음,보행자,여,4세,중상
2015041300100371,2015년 4월 13일 17시,월요일,강원도 인제군 인제읍,중상사고,0,1,0,0,차대사람 - 횡단중,안전운전불이행,습기,비,교차로 - 교차로안,승합,여,59세,상해없음,보행자,여,55세,중상
2015041300100457,2015년 4월 13일 19시,월요일,강원도 춘천시 동내면,경상사고,0,0,1,0,차대차 - 측면직각충돌,신호위반,습기,비,교차로 - 교차로안,승용,남,51세,상해없음,승용,남,57세,경상
2015041300100458,2015년 4월 13일 19시,월요일,강원도 강릉시 옥천동,경상사고,0,0,1,0,차대차 - 측면직각충돌,안전운전불이행,건조,맑음,교차로 - 교차로안,승용,남,48세,상해없음,원동기,남,23세,경상
2015041300100459,2015년 4월 13일 19시,월요일,강원도 원주시 호저면,경상사고,0,0,1,0,차대차 - 측면직각충돌,신호위반,건조,맑음,교차로 - 교차로안,화물,남,56세,상해없음,승용,남,41세,경상
2015041300100544,2015년 4월 13일 21시,월요일,강원도 춘천시 석사동,경상사고,0,0,2,0,차대차 - 기타,안전운전불이행,건조,맑음,교차로 - 교차로부근,승용,남,38세,상해없음,화물,남,29세,경상
2015041300100545,2015년 4월 13일 21시,월요일,강원도 원주시 단계동,경상사고,0,0,3,0,차대차 - 추돌 - 주정차중,안전거리미확보,습기,비,교차로 - 교차로안,화물,남,38세,상해없음,승용,남,38세,경상
2015041300100546,2015년 4월 13일 21시,월요일,강원도 속초시 교동,경상사고,0,0,3,0,차대차 - 측면직각충돌,안전운전불이행,건조,맑음,교차로 - 교차로안,승용,남,51세,상해없음,승용,여,27세,경상
2015041300100590,2015년 4월 13일 22시,월요일,강원도 원주시 단계동,경상사고,0,0,2,0,차대차 - 추돌 - 진행중,안전거리미확보,건조,맑음,단일로 - 기타,승용,남,28세,상해없음,승용,남,53세,경상
2015041300100591,2015년 4월 13일 22시,월요일,강원도 철원군 갈말읍,경상사고,0,0,1,0,차대차 - 추돌 - 주정차중,안전운전불이행,건조,흐림,단일로 - 기타,승용,여,54세,상해없음,화물,남,65세,경상
2015041300100623,2015년 4월 13일 23시,월요일,강원도 원주시 단계동,경상사고,0,0,1,0,차대차 - 측면직각충돌,불법유턴,건조,맑음,교차로 - 교차로부근,승용,남,33세,상해없음,승용,남,31세,경상
2015041400100018,2015년 4월 14일 00시,화요일,강원도 춘천시 효자동,경상사고,0,0,1,0,차대차 - 추돌 - 주정차중,안전운전불이행,습기,비,교차로 - 교차로부근,승용,남,23세,상해없음,승용,남,52세,경상
2015041400100085,2015년 4월 14일 04시,화요일,강원도 춘천시 후평동,경상사고,0,0,2,1,차대차 - 측면직각충돌,교차로운행방법위반,건조,맑음,교차로 - 교차로안,승합,남,42세,상해없음,승용,남,60세,경상
2015041400100127,2015년 4월 14일 07시,화요일,강원도 춘천시 후평동,중상사고,0,1,1,0,차대차 - 측면직각충돌,교차로운행방법위반,습기,비,교차로 - 교차로안,승용,남,51세,상해없음,승용,남,49세,중상
2015041400100160,2015년 4월 14일 08시,화요일,강원도 속초시 교동,경상사고,0,0,2,0,차대차 - 정면충돌,교차로운행방법위반,건조,맑음,교차로 - 교차로안,승용,남,46세,상해없음,승용,여,51세,경상
2015041400100200,2015년 4월 14일 09시,화요일,강원도 춘천시 후평동,중상사고,0,1,0,0,차대차 - 측면직각충돌,신호위반,건조,맑음,교차로 - 교차로안,승용,여,26세,상해없음,승용,남,64세,중상
2015041400100201,2015년 4월 14일 09시,화요일,강원도 춘천시 후평동,경상사고,0,0,1,0,차대차 - 측면직각충돌,교차로운행방법위반,습기,비,교차로 - 교차로안,승용,남,51세,상해없음,승용,여,31세,경상
2015041400100202,2015년 4월 14일 09시,화요일,강원도 동해시 천곡동,중상사고,0,1,0,0,차대차 - 측면직각충돌,신호위반,건조,흐림,교차로 - 교차로부근,승용,여,37세,상해없음,이륜,남,46세,중상
2015041400100232,2015년 4월 14일 10시,화요일,강원도 양양군 현남면,경상사고,0,0,1,0,차대차 - 추돌 - 주정차중,안전운전불이행,습기,비,교차로 - 교차로부근,화물,남,61세,상해없음,승용,남,41세,경상
2015041400100233,2015년 4월 14일 10시,화요일,강원도 삼척시 오분동,중상사고,0,2,0,0,차량단독 - 공작물충돌,안전운전불이행,습기,비,단일로 - 기타,승용,남,65세,상해없음,,,,
2015041400100255,2015년 4월 14일 11시,화요일,강원도 강릉시 옥천동,경상사고,0,0,3,0,차대차 - 측면직각충돌,안전운전불이행,습기,비,교차로 - 교차로안,화물,남,33세,상해없음,승용,남,51세,경상
2015041400100285,2015년 4월 14일 12시,화요일,강원도 속초시 중앙동,중상사고,0,1,1,0,차대사람 - 횡단중,보행자보호의무위반,습기,비,교차로 - 교차로안,승용,여,82세,상해없음,보행자,여,25세,경상