사고번호,사고일시,요일,시군구,사고내용,사망자수,중상자수,경상자수,부상신고자수,사고유형,법규위반,노면상태,기상상태,도로형태,가해운전자 차종,가해운전자 성별,가해운전자 연령,가해운전자 상해정도,피해운전자 차종,피해운전자 성별,피해운전자 연령,피해운전자 상해정도
2015041400100310,2015년 4월 14일 13시,화요일,강원도 강릉시 교동,경상사고,0,0,1,0,차대차 - 기타,안전운전불이행,습기,비,단일로 - 기타,승용,여,39세,상해없음,이륜,남,38세,경상
2015041400100311,2015년 4월 14일 13시,화요일,강원도 속초시 조양동,경상사고,0,0,3,0,차대차 - 측면직각충돌,교차로운행방법위반,건조,맑음,교차로 - 교차로안,승용,여,58세,상해없음,승합,남,50세,경상
2015041400100338,2015년 4월 14일 14시,화요일,강원도 속초시 교동,중상사고,0,1,1,0,차대차 - 추돌 - 주정차중,안전운전불이행,습기,비,교차로 - 교차로안,화물,남,53세,상해없음,승용,여,40세,중상
2015041400100404,2015년 4월 14일 17시,화요일,강원도 강릉시 성남동,중상사고,0,1,0,0,차대사람 - 기타,안전운전불이행,건조,맑음,단일로 - 기타,승용,남,53세,상해없음,보행자,남,78세,중상
2015041400100405,2015년 4월 14일 17시,화요일,강원도 평창군 진부면,중상사고,0,1,0,0,차대차 - 측면직각충돌,안전운전불이행,건조,맑음,교차로 - 교차로안,건설기계,남,61세,상해없음,승용,남,37세,중상
2015041400100474,2015년 4월 14일 19시,화요일,강원도 춘천시 효자동,부상신고사고,0,0,0,1,차대사람 - 길가장자리구역통행중,안전운전불이행,습기,비,교차로 - 교차로안,승용,여,39세,상해없음,보행자,남,69세,부상신고
2015041400100557,2015년 4월 14일 21시,화요일,강원도 강릉시 교동,경상사고,0,0,2,0,차대차 - 기타,신호위반,건조,맑음,교차로 - 교차로안,승용,남,49세,상해없음,승용,남,44세,경상
2015041400100558,2015년 4월 14일 21시,화요일,강원도 영월군 영월읍,중상사고,0,2,0,0,차대차 - 정면충돌,중앙선침범,건조,맑음,단일로 - 기타,승용,남,57세,상해없음,화물,남,57세,중상
2015041400100595,2015년 4월 14일 22시,화요일,강원도 인제군 기린면,경상사고,0,0,2,0,차대사람 - 횡단중,안전운전불이행,건조,맑음,단일로 - 기타,승용,남,52세,상해없음,보행자,남,54세,경상
2015041400100596,2015년 4월 14일 22시,화요일,강원도 고성군 토성면,경상사고,0,0,1,0,차대차 - 추돌 - 주정차중,안전운전불이행,습기,비,단일로 - 기타,화물,남,42세,상해없음,승용,남,55세,경상
2015041500100027,2015년 4월 15일 01시,수요일,강원도 강릉시 입암동,경상사고,0,0,1,0,차대사람 - 기타,안전운전불이행,건조,맑음,단일로 - 기타,승용,남,53세,상해없음,보행자,남,21세,경상
2015041500100028,2015년 4월 15일 01시,수요일,강원도 원주시 단계동,경상사고,0,0,1,0,차대차 - 추돌 - 주정차중,안전거리미확보,건조,맑음,교차로 - 교차로안,승용,남,32세,상해없음,승용,남,44세,상해없음
2015041500100121,2015년 4월 15일 07시,수요일,강원도 강릉시 옥천동,중상사고,0,1,0,0,차대사람 - 횡단중,보행자보호의무위반,건조,맑음,단일로 - 기타,승용,여,51세,상해없음,보행자,남,17세,중상
2015041500100122,2015년 4월 15일 07시,수요일,강원도 원주시 호저면,경상사고,0,0,1,0,차대차 - 추돌 - 주정차중,안전거리미확보,건조,맑음,교차로 - 교차로부근,승용,여,43세,상해없음,승용,여,28세,경상
2015041500100123,2015년 4월 15일 07시,수요일,강원도 정선군 여량면,중상사고,0,1,0,0,차대차 - 측면직각충돌,안전운전불이행,건조,맑음,교차로 - 교차로안,화물,남,55세,상해없음,화물,남,56세,중상
2015041500100150,2015년 4월 15일 08시,수요일,강원도 강릉시 주문진읍,경상사고,0,0,1,0,차대차 - 측면직각충돌,안전운전불이행,건조,맑음,미분류 - 미분류,화물,남,60세,상해없음,이륜,남,72세,경상
2015041500100151,2015년 4월 15일 08시,수요일,강원도 평창군 진부면,중상사고,0,1,0,0,차량단독 - 공작물충돌,안전운전불이행,건조,흐림,단일로 - 기타,건설기계,남,53세,중상,,,,
2015041500100192,2015년 4월 15일 09시,수요일,강원도 인제군 북면,중상사고,0,1,0,0,차량단독 - 공작물충돌,안전운전불이행,건조,맑음,단일로 - 기타,승용,여,21세,상해없음,,,,
2015041500100222,2015년 4월 15일 10시,수요일,강원도 춘천시 온의동,경상사고,0,0,1,0,차대사람 - 횡단중,안전운전불이행,건조,맑음,단일로 - 기타,승용,남,57세,상해없음,보행자,여,43세,경상
2015041500100272,2015년 4월 15일 12시,수요일,강원도 원주시 일산동,경상사고,0,0,2,0,차대차 - 추돌 - 진행중,교차로운행방법위반,건조,맑음,교차로 - 교차로부근,승용,여,44세,상해없음,승용,여,49세,경상
2015041500100334,2015년 4월 15일 14시,수요일,강원도 춘천시 우두동,중상사고,0,1,4,0,차대차 - 측면직각충돌,안전거리미확보,건조,맑음,단일로 - 기타,승합,남,43세,상해없음,승용,남,32세,중상
2015041500100335,2015년 4월 15일 14시,수요일,강원도 원주시 단구동,중상사고,0,1,0,0,차대차 - 측면직각충돌,안전운전불이행,건조,맑음,교차로 - 교차로안,승용,여,54세,상해없음,이륜,남,71세,중상
2015041500100336,2015년 4월 15일 14시,수요일,강원도 동해시 이도동,중상사고,0,1,0,0,차대차 - 추돌 - 주정차중,안전거리미확보,건조,맑음,단일로 - 기타,승용,여,30세,상해없음,승용,여,61세,중상
2015041500100411,2015년 4월 15일 16시,수요일,강원도 춘천시 석사동,경상사고,0,0,2,0,차대차 - 추돌 - 주정차중,안전운전불이행,건조,맑음,교차로 - 교차로부근,승용,여,47세,상해없음,승용,남,81세,상해없음
2015041500100412,2015년 4월 15일 16시,수요일,강원도 춘천시 서면,사망사고,1,0,3,0,차대차 - 측면직각충돌,중앙선침범,건조,맑음,단일로 - 터널,화물,남,53세,상해없음,화물,남,20세,사망
2015041500100413,2015년 4월 15일 16시,수요일,강원도 원주시 단구동,부상신고사고,0,0,0,1,차대사람 - 기타,안전운전불이행,건조,맑음,기타 - 기타,기타불명,기타불명,기타불명,기타불명,보행자,여,80세,부상신고
2015041500100414,2015년 4월 15일 16시,수요일,강원도 양양군 양양읍,경상사고,0,0,3,0,차대차 - 측면직각충돌,중앙선침범,건조,맑음,단일로 - 기타,승용,남,41세,상해없음,승용,여,54세,경상
2015041500100415,2015년 4월 15일 16시,수요일,강원도 태백시 황지동,부상신고사고,0,0,0,1,차대사람 - 횡단중,안전운전불이행,건조,맑음,교차로 - 교차로안,승용,남,55세,상해없음,보행자,여,19세,부상신고
2015041500100449,2015년 4월 15일 17시,수요일,강원도 동해시 천곡동,경상사고,0,0,3,0,차대차 - 추돌 - 진행중,안전거리미확보,건조,맑음,교차로 - 교차로부근,승용,여,56세,상해없음,승용,여,54세,경상
2015041500100489,2015년 4월 15일 18시,수요일,강원도 춘천시 중앙로3가,경상사고,0,0,1,0,차대사람 - 길가장자리구역통행중,안전운전불이행,건조,맑음,단일로 - 기타,승용,남,56세,상해없음,보행자,여,22세,경상
2015041500100526,2015년 4월 15일 19시,수요일,강원도 춘천시 사북면,중상사고,0,1,0,0,차대차 - 정면충돌,중앙선침범,건조,맑음,단일로 - 기타,승용,남,26세,상해없음,화물,남,26세,중상
2015041500100551,2015년 4월 15일 20시,수요일,강원도 원주시 우산동,경상사고,0,0,2,0,차대차 - 추돌 - 진행중,안전거리미확보,건조,맑음,교차로 - 교차로부근,승용,남,28세,상해없음,승용,남,41세,경상
2015041500100596,2015년 4월 15일 21시,수요일,강원도 원주시 태장동,경상사고,0,0,1,0,차대사람 - 횡단중,안전운전불이행,건조,맑음,교차로 - 교차로안,승용,남,44세,상해없음,보행자,남,25세,경상
2015041500100597,2015년 4월 15일 21시,수요일,강원도 원주시 단구동,경상사고,0,0,1,0,차대차 - 측면직각충돌,안전운전불이행,건조,맑음,기타 - 기타,승용,남,44세,상해없음,승용,여,62세,경상
2015041500100625,2015년 4월 15일 22시,수요일,강원도 원주시 일산동,경상사고,0,0,1,0,차대차 - 측면직각충돌,신호위반,건조,맑음,교차로 - 교차로안,승용,여,34세,상해없음,승용,남,52세,경상
2015041500100626,2015년 4월 15일 22시,수요일,강원도 원주시 봉산동,경상사고,0,0,2,0,차대차 - 측면직각충돌,신호위반,건조,맑음,교차로 - 교차로안,승용,여,64세,상해없음,승용,남,42세,경상
2015041500100627,2015년 4월 15일 22시,수요일,강원도 횡성군 횡성읍,중상사고,0,1,0,0,차대차 - 추돌 - 진행중,안전운전불이행,건조,맑음,교차로 - 교차로부근,승용,남,39세,상해없음,승용,남,32세,중상
2015041600100008,2015년 4월 16일 00시,목요일,강원도 태백시 황지동,경상사고,0,0,3,0,차대차 - 추돌 - 주정차중,안전거리미확보,건조,맑음,단일로 - 기타,승용,여,42세,상해없음,승용,남,60세,경상
2015041600100021,2015년 4월 16일 01시,목요일,강원도 원주시 단구동,경상사고,0,0,2,0,차대차 - 기타,직진우회전진행방해,건조,맑음,교차로 - 교차로안,승용,남,44세,기타불명,승용,여,30세,경상
2015041600100078,2015년 4월 16일 06시,목요일,강원도 원주시 지정면,중상사고,0,1,0,0,차대차 - 정면충돌,중앙선침범,기타,안개,단일로 - 기타,승용,여,35세,상해없음,승용,남,38세,중상
2015041600100099,2015년 4월 16일 07시,목요일,강원도 동해시 용정동,경상사고,0,0,1,0,차대차 - 측면직각충돌,안전운전불이행,건조,맑음,단일로 - 기타,화물,여,28세,상해없음,승용,남,35세,경상
2015041600100141,2015년 4월 16일 08시,목요일,강원도 강릉시 지변동,경상사고,0,0,1,0,차대차 - 추돌 - 진행중,안전운전불이행,건조,맑음,교차로 - 교차로안,승용,남,52세,상해없음,이륜,여,29세,경상
2015041600100172,2015년 4월 16일 09시,목요일,강원도 홍천군 북방면,중상사고,0,1,1,0,차대차 - 측면직각충돌,중앙선침범,건조,맑음,단일로 - 기타,승용,남,53세,상해없음,승용,여,46세,경상
2015041600100216,2015년 4월 16일 11시,목요일,강원도 인제군 북면,경상사고,0,0,1,0,차대차 - 측면직각충돌,신호위반,건조,맑음,교차로 - 교차로안,승합,여,50세,상해없음,승용,남,47세,경상
2015041600100299,2015년 4월 16일 14시,목요일,강원도 원주시 호저면,경상사고,0,0,1,0,차대사람 - 길가장자리구역통행중,안전운전불이행,건조,맑음,기타 - 기타,승용,남,47세,기타불명,보행자,남,70세,경상
2015041600100333,2015년 4월 16일 15시,목요일,강원도 원주시 우산동,경상사고,0,0,1,0,차대사람 - 기타,안전운전불이행,습기,비,단일로 - 기타,승용,남,62세,상해없음,보행자,여,18세,경상
2015041600100334,2015년 4월 16일 15시,목요일,강원도 동해시 평릉동,중상사고,0,1,0,0,차대차 - 측면직각충돌,중앙선침범,건조,맑음,단일로 - 기타,승용,기타불명,기타불명,기타불명,승용,남,67세,상해없음
2015041600100375,2015년 4월 16일 16시,목요일,강원도 강릉시 주문진읍,중상사고,0,1,0,0,차대사람 - 기타,안전운전불이행,습기,비,교차로 - 교차로부근,승용,남,58세,상해없음,보행자,여,59세,중상
2015041600100376,2015년 4월 16일 16시,목요일,강원도 평창군 진부면,경상사고,0,0,3,0,차대차 - 추돌 - 진행중,안전운전불이행,습기,비,기타 - 기타,승용,남,20세,상해없음,승용,남,33세,경상
2015041600100460,2015년 4월 16일 18시,목요일,강원도 강릉시 내곡동,경상사고,0,0,1,0,차대차 - 기타,안전운전불이행,건조,맑음,교차로 - 교차로부근,승합,남,26세,상해없음,승용,여,39세,경상
2015041600100488,2015년 4월 16일 19시,목요일,강원도 원주시 원동,경상사고,0,0,1,0,차대차 - 추돌 - 진행중,안전운전불이행,건조,맑음,기타 - 기타,승용,남,59세,상해없음,승용,여,34세,경상
2015041600100489,2015년 4월 16일 19시,목요일,강원도 원주시 태장동,경상사고,0,0,2,0,차대차 - 기타,차로위반,건조,흐림,단일로 - 기타,승용,남,39세,상해없음,승용,남,46세,경상
2015041600100518,2015년 4월 16일 20시,목요일,강원도 강릉시 교동,경상사고,0,0,1,0,차대차 - 기타,안전운전불이행,건조,맑음,단일로 - 기타,승용,남,26세,상해없음,원동기,남,21세,경상
2015041600100519,2015년 4월 16일 20시,목요일,강원도 원주시 우산동,경상사고,0,0,3,0,차대차 - 기타,불법유턴,건조,맑음,단일로 - 기타,승용,남,27세,상해없음,승용,남,31세,경상
2015041600100545,2015년 4월 16일 21시,목요일,강원도 원주시 가현동,중상사고,0,1,0,0,차대차 - 측면직각충돌,신호위반,건조,맑음,교차로 - 교차로안,승용,남,52세,상해없음,승용,남,35세,중상
2015041600100576,2015년 4월 16일 22시,목요일,강원도 원주시 단구동,경상사고,0,0,1,0,차대차 - 기타,교차로운행방법위반,건조,맑음,교차로 - 교차로부근,승용,남,53세,상해없음,승용,남,51세,경상
2015041600100604,2015년 4월 16일 23시,목요일,강원도 춘천시 후평동,경상사고,0,0,2,0,차대차 - 추돌 - 주정차중,안전운전불이행,건조,맑음,교차로 - 교차로부근,승용,남,25세,상해없음,승용,남,53세,경상
2015041700100007,2015년 4월 17일 00시,금요일,강원도 춘천시 소양로3가,경상사고,0,0,1,0,차대차 - 측면직각충돌,교차로운행방법위반,건조,맑음,교차로 - 교차로안,승용,남,74세,상해없음,승용,여,53세,경상
2015041700100025,2015년 4월 17일 01시,금요일,강원도 강릉시 교동,중상사고,0,2,0,0,차대차 - 기타,신호위반,건조,맑음,교차로 - 교차로안,승용,남,50세,상해없음,화물,남,55세,중상
2015041700100123,2015년 4월 17일 08시,금요일,강원도 춘천시 석사동,중상사고,0,1,1,5,차대차 - 추돌 - 진행중,안전거리미확보,건조,맑음,단일로 - 기타,승합,남,58세,상해없음,승용,여,56세,중상
2015041700100124,2015년 4월 17일 08시,금요일,강원도 춘천시 서면,경상사고,0,0,1,0,차대사람 - 길가장자리구역통행중,안전운전불이행,건조,맑음,단일로 - 기타,승용,남,61세,상해없음,보행자,남,46세,경상
2015041700100125,2015년 4월 17일 08시,금요일,강원도 원주시 우산동,경상사고,0,0,2,0,차대차 - 측면직각충돌,안전운전불이행,건조,맑음,단일로 - 기타,건설기계,남,51세,상해없음,승용,남,41세,경상
2015041700100229,2015년 4월 17일 10시,금요일,강원도 춘천시 온의동,경상사고,0,0,1,0,차대차 - 측면직각충돌,안전운전불이행,건조,맑음,교차로 - 교차로안,화물,남,53세,상해없음,자전거,남,71세,경상
2015041700100230,2015년 4월 17일 10시,금요일,강원도 춘천시 동내면,경상사고,0,0,2,0,차대차 - 측면직각충돌,중앙선침범,건조,맑음,교차로 - 교차로부근,화물,남,68세,상해없음,승용,남,61세,경상
2015041700100260,2015년 4월 17일 11시,금요일,강원도 춘천시 퇴계동,경상사고,0,0,1,0,차대차 - 측면직각충돌,안전운전불이행,건조,맑음,단일로 - 기타,승용,남,52세,상해없음,승용,남,67세,경상
2015041700100345,2015년 4월 17일 14시,금요일,강원도 원주시 단계동,중상사고,0,1,0,0,차대사람 - 횡단중,보행자보호의무위반,건조,맑음,단일로 - 횡단보도상,승용,남,34세,상해없음,보행자,남,52세,중상
2015041700100382,2015년 4월 17일 15시,금요일,강원도 강릉시 교동,경상사고,0,0,1,0,차대차 - 측면직각충돌,교차로운행방법위반,건조,맑음,교차로 - 교차로안,승용,남,42세,기타불명,화물,남,28세,상해없음
2015041700100383,2015년 4월 17일 15시,금요일,강원도 횡성군 공근면,중상사고,0,2,0,0,차대차 - 측면직각충돌,신호위반,건조,맑음,교차로 - 교차로안,화물,남,71세,상해없음,승용,남,55세,중상
2015041700100430,2015년 4월 17일 16시,금요일,강원도 원주시 중앙동,경상사고,0,0,1,0,차대사람 - 길가장자리구역통행중,안전운전불이행,건조,맑음,단일로 - 기타,승용,여,39세,상해없음,보행자,남,86세,경상
2015041700100473,2015년 4월 17일 17시,금요일,강원도 강릉시 사천면,중상사고,0,1,4,0,차대차 - 추돌 - 진행중,안전거리미확보,건조,맑음,단일로 - 기타,승용,남,25세,기타불명,승용,여,52세,경상
2015041700100474,2015년 4월 17일 17시,금요일,강원도 원주시 학성동,경상사고,0,0,1,0,차대차 - 추돌 - 진행중,중앙선침범,건조,맑음,단일로 - 기타,승용,남,58세,상해없음,승합,남,45세,경상
2015041700100475,2015년 4월 17일 17시,금요일,강원도 원주시 단구동,경상사고,0,0,2,0,차대차 - 측면직각충돌,교차로운행방법위반,건조,맑음,교차로 - 교차로안,승용,남,32세,상해없음,승용,남,59세,경상
2015041700100476,2015년 4월 17일 17시,금요일,강원도 속초시 교동,경상사고,0,0,1,0,차대차 - 측면직각충돌,안전운전불이행,건조,맑음,단일로 - 기타,승용,여,40세,상해없음,승용,여,31세,경상
2015041700100477,2015년 4월 17일 17시,금요일,강원도 횡성군 우천면,중상사고,0,5,7,0,차대차 - 추돌 - 진행중,안전거리미확보,건조,맑음,단일로 - 교량,승합,남,49세,상해없음,승용,여,43세,중상
2015041700100523,2015년 4월 17일 18시,금요일,강원도 강릉시 입암동,중상사고,0,1,0,0,차대차 - 추돌 - 진행중,안전운전불이행,건조,맑음,교차로 - 교차로안,승합,남,54세,상해없음,이륜,여,56세,중상
2015041700100524,2015년 4월 17일 18시,금요일,강원도 속초시 장사동,경상사고,0,0,1,0,차대차 - 측면직각충돌,안전운전불이행,건조,맑음,단일로 - 기타,건설기계,남,48세,상해없음,승용,남,68세,경상
2015041700100525,2015년 4월 17일 18시,금요일,강원도 횡성군 우천면,중상사고,0,1,2,0,차대차 - 측면직각충돌,신호위반,건조,맑음,교차로 - 교차로안,승용,남,34세,상해없음,승용,여,31세,경상
2015041700100526,2015년 4월 17일 18시,금요일,강원도 횡성군 횡성읍,중상사고,0,1,0,0,차대차 - 측면직각충돌,직진우회전진행방해,건조,맑음,교차로 - 교차로안,승용,남,35세,상해없음,원동기,남,26세,중상
2015041700100573,2015년 4월 17일 19시,금요일,강원도 춘천시 남산면,경상사고,0,0,2,0,차대차 - 측면직각충돌,교차로운행방법위반,건조,맑음,교차로 - 교차로안,화물,남,67세,기타불명,승용,남,35세,상해없음
2015041700100608,2015년 4월 17일 20시,금요일,강원도 강릉시 주문진읍,중상사고,0,1,0,0,차대차 - 정면충돌,중앙선침범,건조,맑음,단일로 - 기타,승용,남,36세,상해없음,이륜,남,54세,중상
2015041700100680,2015년 4월 17일 22시,금요일,강원도 철원군 동송읍,경상사고,0,0,1,0,차대차 - 측면직각충돌,안전운전불이행,건조,맑음,교차로 - 교차로안,승용,남,27세,상해없음,승용,남,24세,경상
2015041800100019,2015년 4월 18일 00시,토요일,강원도 춘천시 교동,경상사고,0,0,3,0,차대차 - 측면직각충돌,중앙선침범,건조,맑음,교차로 - 교차로부근,승용,남,31세,경상,승용,남,60세,경상
2015041800100020,2015년 4월 18일 00시,토요일,강원도 정선군 사북읍,경상사고,0,0,1,0,차대사람 - 횡단중,보행자보호의무위반,기타,맑음,단일로 - 횡단보도상,승용,남,31세,상해없음,보행자,남,41세,경상
2015041800100068,2015년 4월 18일 02시,토요일,강원도 원주시 원동,경상사고,0,0,1,0,차대차 - 측면직각충돌,안전거리미확보,건조,맑음,단일로 - 기타,승용,남,26세,경상,승용,여,37세,상해없음
2015041800100113,2015년 4월 18일 05시,토요일,강원도 양양군 강현면,중상사고,0,1,0,0,차량단독 - 공작물충돌,안전운전불이행,건조,맑음,단일로 - 기타,승용,남,17세,상해없음,,,,
2015041800100122,2015년 4월 18일 06시,토요일,강원도 춘천시 근화동,경상사고,0,0,1,0,차대차 - 측면직각충돌,안전운전불이행,건조,맑음,교차로 - 교차로부근,승용,남,64세,상해없음,승용,남,59세,경상
2015041800100123,2015년 4월 18일 06시,토요일,강원도 춘천시 동면,경상사고,0,0,1,0,차대차 - 측면직각충돌,교차로운행방법위반,건조,맑음,교차로 - 교차로안,화물,남,59세,상해없음,승용,남,35세,경상
2015041800100200,2015년 4월 18일 09시,토요일,강원도 원주시 소초면,경상사고,0,0,2,0,차대사람 - 길가장자리구역통행중,기타,건조,맑음,단일로 - 기타,승합,남,54세,상해없음,보행자,여,58세,경상
2015041800100221,2015년 4월 18일 10시,토요일,강원도 춘천시 우두동,경상사고,0,0,1,0,차대차 - 추돌 - 진행중,안전운전불이행,건조,맑음,단일로 - 기타,화물,남,75세,상해없음,이륜,남,61세,경상
2015041800100222,2015년 4월 18일 10시,토요일,강원도 태백시 화전동,경상사고,0,0,1,0,차대차 - 측면직각충돌,중앙선침범,건조,맑음,교차로 - 교차로부근,승용,남,58세,상해없음,화물,남,49세,경상
2015041800100223,2015년 4월 18일 10시,토요일,강원도 고성군 토성면,경상사고,0,0,7,0,차대차 - 추돌 - 진행중,중앙선침범,건조,맑음,단일로 - 기타,승용,여,53세,상해없음,승용,남,49세,경상
2015041800100224,2015년 4월 18일 10시,토요일,강원도 횡성군 둔내면,중상사고,0,1,0,0,차량단독 - 공작물충돌,안전운전불이행,건조,맑음,단일로 - 기타,승용,남,34세,상해없음,,,,
2015041800100253,2015년 4월 18일 11시,토요일,강원도 강릉시 대전동,중상사고,0,1,0,0,차대차 - 정면충돌,중앙선침범,건조,맑음,교차로 - 교차로부근,승용,남,74세,상해없음,이륜,남,52세,중상
2015041800100254,2015년 4월 18일 11시,토요일,강원도 원주시 단구동,경상사고,0,0,4,0,차대차 - 추돌 - 진행중,교차로운행방법위반,건조,맑음,교차로 - 교차로안,승용,남,48세,상해없음,승용,남,27세,경상
2015041800100291,2015년 4월 18일 12시,토요일,강원도 원주시 판부면,경상사고,0,0,1,0,차대차 - 추돌 - 진행중,직진우회전진행방해,건조,맑음,교차로 - 교차로안,승용,남,50세,상해없음,승용,남,80세,상해없음
2015041800100359,2015년 4월 18일 14시,토요일,강원도 춘천시 후평동,경상사고,0,0,7,0,차대차 - 추돌 - 진행중,안전운전불이행,건조,맑음,단일로 - 기타,승용,여,58세,경상,승용,남,47세,경상
2015041800100360,2015년 4월 18일 14시,토요일,강원도 원주시 가현동,경상사고,0,0,1,0,차대차 - 측면직각충돌,안전거리미확보,건조,맑음,단일로 - 기타,승용,남,41세,상해없음,화물,남,61세,경상
2015041800100423,2015년 4월 18일 16시,토요일,강원도 원주시 지정면,부상신고사고,0,0,0,1,차대차 - 기타,안전거리미확보,건조,맑음,단일로 - 기타,화물,남,50세,부상신고,승용,여,32세,상해없음
2015041800100424,2015년 4월 18일 16시,토요일,강원도 평창군 대화면,중상사고,0,1,2,0,차대차 - 측면직각충돌,안전운전불이행,건조,맑음,교차로 - 교차로안,승용,남,44세,상해없음,화물,남,62세,경상
2015041800100458,2015년 4월 18일 17시,토요일,강원도 원주시 무실동,경상사고,0,0,1,0,차대차 - 측면직각충돌,교차로운행방법위반,건조,맑음,교차로 - 교차로부근,이륜,남,54세,경상,승용,남,49세,상해없음
2015041800100500,2015년 4월 18일 18시,토요일,강원도 속초시 교동,경상사고,0,0,1,0,차대차 - 측면직각충돌,교차로운행방법위반,건조,맑음,교차로 - 교차로안,승용,남,47세,상해없음,승용,남,53세,경상
2015041800100607,2015년 4월 18일 21시,토요일,강원도 원주시 단계동,경상사고,0,0,4,0,차대차 - 추돌 - 진행중,직진우회전진행방해,건조,맑음,교차로 - 교차로안,승용,남,51세,경상,승합,남,37세,경상
2015041800100645,2015년 4월 18일 22시,토요일,강원도 춘천시 중앙로2가,경상사고,0,0,1,0,차대차 - 측면직각충돌,안전거리미확보,건조,맑음,단일로 - 기타,승용,남,53세,상해없음,승용,여,60세,상해없음
2015041900100051,2015년 4월 19일 01시,일요일,강원도 원주시 개운동,중상사고,0,1,0,0,차대사람 - 횡단중,보행자보호의무위반,건조,맑음,단일로 - 횡단보도상,승용,남,24세,상해없음,보행자,남,48세,중상
2015041900100123,2015년 4월 19일 05시,일요일,강원도 강릉시 입암동,사망사고,1,0,0,0,차대차 - 추돌 - 주정차중,안전운전불이행,건조,흐림,교차로 - 교차로안,승용,남,73세,사망,승용,남,38세,기타불명
2015041900100195,2015년 4월 19일 10시,일요일,강원도 영월군 영월읍,경상사고,0,0,1,0,차대차 - 정면충돌,중앙선침범,건조,흐림,단일로 - 교량,승용,남,59세,상해없음,승용,남,67세,경상
2015041900100196,2015년 4월 19일 10시,일요일,강원도 화천군 화천읍,중상사고,0,1,1,0,차대차 - 측면직각충돌,중앙선침범,건조,맑음,단일로 - 기타,승용,여,25세,기타불명,이륜,남,74세,중상
2015041900100224,2015년 4월 19일 11시,일요일,강원도 원주시 흥업면,중상사고,0,1,4,0,차대차 - 기타,안전운전불이행,습기,비,단일로 - 기타,승용,남,54세,상해없음,승용,남,47세,중상
2015041900100225,2015년 4월 19일 11시,일요일,강원도 속초시 교동,중상사고,0,1,3,0,차대차 - 측면직각충돌,교차로운행방법위반,건조,맑음,교차로 - 교차로안,승용,여,56세,상해없음,승용,남,40세,중상
2015041900100308,2015년 4월 19일 14시,일요일,강원도 속초시 청호동,경상사고,0,0,3,0,차대차 - 측면직각충돌,교차로운행방법위반,건조,맑음,교차로 - 교차로안,승용,남,56세,상해없음,승용,남,41세,경상
2015041900100309,2015년 4월 19일 14시,일요일,강원도 삼척시 원덕읍,중상사고,0,4,0,0,차대차 - 정면충돌,중앙선침범,습기,비,단일로 - 기타,화물,남,55세,상해없음,승용,남,33세,중상
2015041900100310,2015년 4월 19일 14시,일요일,강원도 고성군 거진읍,경상사고,0,0,1,0,차대차 - 정면충돌,안전거리미확보,건조,맑음,교차로 - 교차로안,화물,남,48세,상해없음,승용,남,50세,경상
2015041900100341,2015년 4월 19일 15시,일요일,강원도 춘천시 근화동,중상사고,0,1,0,0,차대차 - 측면직각충돌,신호위반,습기,비,교차로 - 교차로안,승용,남,59세,상해없음,승용,여,48세,중상
2015041900100342,2015년 4월 19일 15시,일요일,강원도 동해시 대구동,경상사고,0,0,4,0,차대차 - 측면직각충돌,신호위반,건조,맑음,단일로 - 기타,승용,남,48세,상해없음,승용,여,37세,경상
2015041900100382,2015년 4월 19일 16시,일요일,강원도 동해시 북평동,경상사고,0,0,1,0,차대차 - 추돌 - 주정차중,안전운전불이행,습기,비,단일로 - 기타,승용,남,51세,상해없음,승용,남,59세,경상
2015041900100429,2015년 4월 19일 18시,일요일,강원도 춘천시 석사동,중상사고,0,1,2,0,차대차 - 추돌 - 주정차중,안전운전불이행,습기,비,단일로 - 기타,화물,남,55세,상해없음,승용,여,33세,경상
2015041900100471,2015년 4월 19일 19시,일요일,강원도 강릉시 노암동,경상사고,0,0,1,0,차대차 - 기타,교차로운행방법위반,습기,비,교차로 - 교차로안,승용,남,71세,상해없음,승용,남,59세,경상
2015041900100518,2015년 4월 19일 20시,일요일,강원도 강릉시 임당동,경상사고,0,0,1,0,차대사람 - 기타,안전운전불이행,습기,비,단일로 - 기타,원동기,남,17세,상해없음,보행자,여,29세,경상
2015041900100519,2015년 4월 19일 20시,일요일,강원도 원주시 반곡동,경상사고,0,0,4,0,차대차 - 기타,불법유턴,습기,흐림,단일로 - 기타,승용,남,52세,상해없음,승용,남,29세,경상
2015041900100561,2015년 4월 19일 21시,일요일,강원도 춘천시 효자동,경상사고,0,0,3,0,차대차 - 추돌 - 주정차중,안전운전불이행,습기,비,교차로 - 교차로부근,승용,남,36세,상해없음,이륜,남,60세,경상
2015041900100562,2015년 4월 19일 21시,일요일,강원도 원주시 단계동,경상사고,0,0,1,0,차대차 - 측면직각충돌,안전운전불이행,습기,비,단일로 - 기타,원동기,남,32세,경상,승용,남,35세,상해없음
2015041900100618,2015년 4월 19일 23시,일요일,강원도 춘천시 신동,중상사고,0,1,0,1,차대차 - 측면직각충돌,안전운전불이행,습기,비,교차로 - 교차로안,승용,남,47세,중상,승용,남,28세,부상신고