사고번호,사고일시,요일,시군구,사고내용,사망자수,중상자수,경상자수,부상신고자수,사고유형,법규위반,노면상태,기상상태,도로형태,가해운전자 차종,가해운전자 성별,가해운전자 연령,가해운전자 상해정도,피해운전자 차종,피해운전자 성별,피해운전자 연령,피해운전자 상해정도
2015042000100007,2015년 4월 20일 00시,월요일,강원도 동해시 천곡동,경상사고,0,0,1,0,차대차 - 측면직각충돌,안전운전불이행,습기,비,교차로 - 교차로안,승용,남,69세,상해없음,승용,남,39세,경상
2015042000100052,2015년 4월 20일 05시,월요일,강원도 삼척시 교동,경상사고,0,0,2,0,차대차 - 측면직각충돌,안전운전불이행,습기,비,교차로 - 교차로안,승용,남,39세,경상,승용,남,53세,경상
2015042000100053,2015년 4월 20일 05시,월요일,강원도 평창군 대관령면,경상사고,0,0,1,0,차대차 - 추돌 - 진행중,안전거리미확보,습기,비,기타 - 기타,화물,남,42세,상해없음,화물,남,41세,경상
2015042000100116,2015년 4월 20일 08시,월요일,강원도 춘천시 칠전동,경상사고,0,0,1,0,차대차 - 측면직각충돌,안전운전불이행,습기,비,교차로 - 교차로부근,승용,남,60세,상해없음,승용,여,29세,경상
2015042000100186,2015년 4월 20일 10시,월요일,강원도 원주시 단계동,경상사고,0,0,5,0,차대차 - 추돌 - 진행중,안전운전불이행,습기,비,교차로 - 교차로부근,승용,남,47세,상해없음,승용,남,38세,경상
2015042000100187,2015년 4월 20일 10시,월요일,강원도 원주시 무실동,경상사고,0,0,1,0,차대차 - 추돌 - 진행중,안전운전불이행,습기,비,기타 - 기타,승용,여,52세,상해없음,승용,남,38세,경상
2015042000100210,2015년 4월 20일 11시,월요일,강원도 강릉시 성남동,중상사고,0,1,0,0,차대사람 - 차도통행중,안전운전불이행,습기,비,교차로 - 교차로안,화물,남,41세,상해없음,보행자,남,62세,중상
2015042000100228,2015년 4월 20일 12시,월요일,강원도 원주시 무실동,경상사고,0,0,1,0,차대차 - 측면직각충돌,교차로운행방법위반,건조,맑음,교차로 - 교차로부근,승용,남,34세,기타불명,승용,남,50세,경상
2015042000100321,2015년 4월 20일 15시,월요일,강원도 춘천시 신동,경상사고,0,0,1,0,차대사람 - 횡단중,보행자보호의무위반,건조,맑음,단일로 - 횡단보도상,승용,여,40세,상해없음,보행자,남,7세,경상
2015042000100322,2015년 4월 20일 15시,월요일,강원도 강릉시 주문진읍,경상사고,0,0,4,0,차대차 - 정면충돌,안전운전불이행,습기,흐림,교차로 - 교차로안,승합,남,46세,상해없음,화물,남,52세,경상
2015042000100323,2015년 4월 20일 15시,월요일,강원도 홍천군 두촌면,경상사고,0,0,1,0,차대차 - 추돌 - 진행중,안전운전불이행,건조,맑음,교차로 - 교차로부근,승용,여,31세,상해없음,승용,남,66세,경상
2015042000100355,2015년 4월 20일 16시,월요일,강원도 횡성군 둔내면,사망사고,1,0,0,0,차량단독 - 도로외이탈 - 추락,안전운전불이행,습기,맑음,단일로 - 기타,건설기계,남,58세,사망,,,,
2015042000100426,2015년 4월 20일 18시,월요일,강원도 춘천시 온의동,경상사고,0,0,1,0,차대차 - 측면직각충돌,교차로운행방법위반,건조,맑음,교차로 - 교차로안,승용,여,39세,상해없음,이륜,남,26세,경상
2015042000100469,2015년 4월 20일 19시,월요일,강원도 태백시 황지동,경상사고,0,0,3,0,차대차 - 측면직각충돌,교차로운행방법위반,건조,맑음,교차로 - 교차로안,승용,남,58세,상해없음,승용,여,23세,경상
2015042100100014,2015년 4월 21일 00시,화요일,강원도 춘천시 석사동,경상사고,0,0,2,3,차대차 - 측면직각충돌,교차로운행방법위반,건조,맑음,교차로 - 교차로안,승용,남,36세,상해없음,승합,남,45세,상해없음
2015042100100015,2015년 4월 21일 00시,화요일,강원도 강릉시 포남동,경상사고,0,0,2,0,차대차 - 측면직각충돌,안전운전불이행,습기,비,교차로 - 교차로안,승용,남,48세,상해없음,승용,남,59세,경상
2015042100100016,2015년 4월 21일 00시,화요일,강원도 원주시 호저면,중상사고,0,4,1,0,차대차 - 추돌 - 진행중,안전운전불이행,건조,맑음,단일로 - 기타,승용,여,20세,상해없음,승용,남,55세,중상
2015042100100040,2015년 4월 21일 01시,화요일,강원도 춘천시 후평동,경상사고,0,0,1,0,차대차 - 측면직각충돌,교차로운행방법위반,습기,흐림,교차로 - 교차로안,승용,남,58세,상해없음,이륜,남,20세,경상
2015042100100100,2015년 4월 21일 07시,화요일,강원도 춘천시 후평동,경상사고,0,0,1,0,차대차 - 측면직각충돌,안전운전불이행,건조,맑음,교차로 - 교차로안,승용,여,46세,상해없음,자전거,남,16세,경상
2015042100100101,2015년 4월 21일 07시,화요일,강원도 강릉시 옥천동,경상사고,0,0,4,0,차대차 - 측면직각충돌,안전운전불이행,건조,맑음,교차로 - 교차로부근,승용,남,41세,상해없음,승용,남,29세,경상
2015042100100102,2015년 4월 21일 07시,화요일,강원도 속초시 교동,중상사고,0,1,0,0,차대차 - 추돌 - 진행중,안전운전불이행,건조,맑음,단일로 - 기타,승용,남,45세,상해없음,승용,남,50세,중상
2015042100100103,2015년 4월 21일 07시,화요일,강원도 철원군 근남면,사망사고,1,0,0,0,차량단독 - 공작물충돌,안전운전불이행,건조,맑음,단일로 - 기타,승용,남,33세,사망,,,,
2015042100100135,2015년 4월 21일 08시,화요일,강원도 원주시 태장동,경상사고,0,0,2,0,차대차 - 추돌 - 진행중,차로위반,건조,맑음,교차로 - 교차로안,승용,여,33세,경상,승용,남,55세,경상
2015042100100208,2015년 4월 21일 10시,화요일,강원도 원주시 평원동,경상사고,0,0,1,0,차대차 - 측면직각충돌,안전거리미확보,건조,맑음,단일로 - 기타,이륜,남,71세,경상,승용,남,65세,상해없음
2015042100100209,2015년 4월 21일 10시,화요일,강원도 정선군 정선읍,경상사고,0,0,2,0,차대차 - 추돌 - 진행중,안전운전불이행,건조,맑음,교차로 - 교차로부근,화물,남,39세,상해없음,승용,여,51세,경상
2015042100100292,2015년 4월 21일 13시,화요일,강원도 춘천시 소양로1가,경상사고,0,0,2,0,차대차 - 추돌 - 진행중,안전운전불이행,건조,맑음,단일로 - 기타,승용,남,26세,상해없음,화물,남,45세,경상
2015042100100323,2015년 4월 21일 14시,화요일,강원도 강릉시 성남동,경상사고,0,0,1,0,차대사람 - 기타,안전운전불이행,건조,맑음,단일로 - 기타,승용,여,48세,상해없음,보행자,여,52세,경상
2015042100100324,2015년 4월 21일 14시,화요일,강원도 삼척시 근덕면,중상사고,0,2,1,0,차대차 - 측면직각충돌,직진우회전진행방해,건조,맑음,교차로 - 교차로안,승용,여,56세,중상,승용,남,44세,경상
2015042100100362,2015년 4월 21일 15시,화요일,강원도 홍천군 홍천읍,경상사고,0,0,1,0,차대차 - 측면직각충돌,차로위반,건조,맑음,단일로 - 기타,승용,여,49세,상해없음,화물,남,32세,경상
2015042100100407,2015년 4월 21일 16시,화요일,강원도 홍천군 홍천읍,경상사고,0,0,1,0,차대차 - 측면직각충돌,직진우회전진행방해,건조,맑음,교차로 - 교차로안,승용,여,55세,기타불명,자전거,남,35세,경상
2015042100100486,2015년 4월 21일 18시,화요일,강원도 철원군 동송읍,중상사고,0,1,1,0,차대차 - 측면직각충돌,안전운전불이행,건조,맑음,교차로 - 교차로안,원동기,남,60세,상해없음,승용,여,53세,상해없음
2015042100100487,2015년 4월 21일 18시,화요일,강원도 양구군 양구읍,중상사고,0,1,0,0,차대차 - 측면직각충돌,직진우회전진행방해,건조,맑음,교차로 - 교차로안,승용,여,49세,상해없음,자전거,남,74세,중상
2015042100100551,2015년 4월 21일 20시,화요일,강원도 동해시 천곡동,경상사고,0,0,2,0,차대차 - 측면직각충돌,직진우회전진행방해,건조,맑음,교차로 - 교차로안,승용,남,24세,상해없음,승용,남,34세,상해없음
2015042100100594,2015년 4월 21일 21시,화요일,강원도 춘천시 후평동,중상사고,0,4,0,0,차대차 - 측면직각충돌,신호위반,건조,맑음,교차로 - 교차로안,이륜,여,42세,중상,승용,여,54세,중상
2015042100100595,2015년 4월 21일 21시,화요일,강원도 강릉시 포남동,경상사고,0,0,1,0,차대차 - 기타,안전운전불이행,건조,맑음,교차로 - 교차로안,승용,남,62세,상해없음,자전거,남,16세,경상
2015042100100634,2015년 4월 21일 22시,화요일,강원도 춘천시 동면,경상사고,0,0,1,0,차대차 - 측면직각충돌,신호위반,건조,맑음,교차로 - 교차로안,승용,남,26세,상해없음,승용,남,41세,경상
2015042100100657,2015년 4월 21일 23시,화요일,강원도 삼척시 남양동,경상사고,0,0,1,0,차대차 - 측면직각충돌,안전운전불이행,건조,맑음,단일로 - 기타,승용,남,75세,상해없음,자전거,남,64세,경상
2015042200100048,2015년 4월 22일 03시,수요일,강원도 속초시 조양동,중상사고,0,1,0,0,차량단독 - 공작물충돌,안전운전불이행,건조,맑음,단일로 - 기타,원동기,남,20세,중상,,,,
2015042200100108,2015년 4월 22일 08시,수요일,강원도 원주시 중앙동,중상사고,0,1,0,0,차량단독 - 기타,안전운전불이행,건조,맑음,단일로 - 기타,승합,남,58세,상해없음,,,,
2015042200100109,2015년 4월 22일 08시,수요일,강원도 철원군 철원읍,중상사고,0,2,0,0,차대차 - 측면직각충돌,안전운전불이행,건조,맑음,단일로 - 기타,농기계,남,58세,중상,화물,남,62세,중상
2015042200100139,2015년 4월 22일 09시,수요일,강원도 춘천시 동내면,경상사고,0,0,2,0,차대차 - 측면직각충돌,교차로운행방법위반,건조,맑음,교차로 - 교차로안,승용,여,23세,상해없음,승합,여,41세,경상
2015042200100140,2015년 4월 22일 09시,수요일,강원도 원주시 관설동,중상사고,0,1,0,0,차대차 - 측면직각충돌,교차로운행방법위반,건조,맑음,교차로 - 교차로안,승용,남,27세,상해없음,승용,남,43세,중상
2015042200100197,2015년 4월 22일 11시,수요일,강원도 동해시 천곡동,경상사고,0,0,1,0,차대차 - 측면직각충돌,교차로운행방법위반,건조,맑음,교차로 - 교차로안,승용,남,22세,상해없음,승용,여,46세,경상
2015042200100228,2015년 4월 22일 12시,수요일,강원도 원주시 명륜동,경상사고,0,0,2,0,차대차 - 측면직각충돌,직진우회전진행방해,건조,맑음,교차로 - 교차로안,화물,여,38세,상해없음,승용,남,32세,경상
2015042200100260,2015년 4월 22일 13시,수요일,강원도 강릉시 유천동,경상사고,0,0,1,0,차대차 - 측면직각충돌,신호위반,건조,맑음,교차로 - 교차로안,화물,남,38세,상해없음,승용,여,43세,경상
2015042200100261,2015년 4월 22일 13시,수요일,강원도 원주시 태장동,중상사고,0,1,0,0,차대사람 - 기타,안전운전불이행,건조,맑음,교차로 - 교차로부근,화물,남,49세,상해없음,보행자,남,82세,중상
2015042200100277,2015년 4월 22일 14시,수요일,강원도 춘천시 퇴계동,경상사고,0,0,1,0,차대차 - 추돌 - 진행중,안전운전불이행,건조,맑음,교차로 - 교차로부근,승용,남,42세,상해없음,승용,남,25세,경상
2015042200100313,2015년 4월 22일 15시,수요일,강원도 강릉시 입암동,경상사고,0,0,1,0,차대사람 - 횡단중,신호위반,건조,맑음,단일로 - 기타,승용,남,60세,상해없음,보행자,여,10세,경상
2015042200100349,2015년 4월 22일 16시,수요일,강원도 삼척시 교동,경상사고,0,0,1,0,차대차 - 측면직각충돌,안전운전불이행,건조,맑음,단일로 - 기타,승용,남,31세,상해없음,자전거,남,10세,경상
2015042200100385,2015년 4월 22일 17시,수요일,강원도 삼척시 남양동,경상사고,0,0,1,0,차대차 - 추돌 - 주정차중,안전운전불이행,건조,맑음,기타 - 기타,승용,남,48세,상해없음,승용,여,42세,경상
2015042200100386,2015년 4월 22일 17시,수요일,강원도 인제군 남면,사망사고,1,1,0,0,차대차 - 정면충돌,중앙선침범,건조,맑음,단일로 - 기타,이륜,남,63세,사망,화물,여,50세,중상
2015042200100426,2015년 4월 22일 18시,수요일,강원도 강릉시 주문진읍,경상사고,0,0,1,0,차대차 - 측면직각충돌,안전운전불이행,건조,맑음,교차로 - 교차로안,승용,여,46세,상해없음,자전거,남,54세,경상
2015042200100427,2015년 4월 22일 18시,수요일,강원도 원주시 흥업면,중상사고,0,1,0,0,차대차 - 추돌 - 주정차중,안전거리미확보,건조,맑음,교차로 - 교차로부근,건설기계,남,61세,상해없음,승용,남,63세,중상
2015042200100428,2015년 4월 22일 18시,수요일,강원도 원주시 인동,경상사고,0,0,1,0,차대차 - 추돌 - 주정차중,안전운전불이행,건조,맑음,교차로 - 교차로부근,승용,여,49세,상해없음,승용,남,33세,경상
2015042200100429,2015년 4월 22일 18시,수요일,강원도 양양군 양양읍,중상사고,0,1,0,0,차대차 - 측면직각충돌,중앙선침범,건조,맑음,단일로 - 기타,승용,여,36세,상해없음,승용,남,53세,중상
2015042200100430,2015년 4월 22일 18시,수요일,강원도 삼척시 교동,경상사고,0,0,1,0,차대차 - 측면직각충돌,안전운전불이행,건조,맑음,교차로 - 교차로안,승용,남,71세,상해없음,화물,남,66세,경상
2015042200100431,2015년 4월 22일 18시,수요일,강원도 태백시 황지동,중상사고,0,1,4,0,차대차 - 측면직각충돌,교차로운행방법위반,건조,맑음,교차로 - 교차로안,화물,남,58세,상해없음,승용,남,24세,경상
2015042200100432,2015년 4월 22일 18시,수요일,강원도 횡성군 횡성읍,경상사고,0,0,1,0,차대차 - 기타,안전운전불이행,건조,맑음,교차로 - 교차로부근,화물,남,48세,상해없음,승합,남,32세,경상
2015042200100470,2015년 4월 22일 19시,수요일,강원도 강릉시 교동,중상사고,0,1,0,0,차대차 - 측면직각충돌,안전운전불이행,건조,맑음,단일로 - 기타,화물,남,26세,상해없음,승합,남,28세,중상
2015042200100471,2015년 4월 22일 19시,수요일,강원도 원주시 가현동,중상사고,0,1,0,0,차대차 - 측면직각충돌,신호위반,건조,맑음,교차로 - 교차로안,승용,남,61세,상해없음,이륜,남,57세,중상
2015042200100525,2015년 4월 22일 21시,수요일,강원도 강릉시 포남동,경상사고,0,0,1,0,차대차 - 측면직각충돌,안전운전불이행,건조,맑음,교차로 - 교차로안,승용,여,29세,상해없음,자전거,남,51세,경상
2015042200100590,2015년 4월 22일 23시,수요일,강원도 태백시 철암동,부상신고사고,0,0,0,2,차량단독 - 도로외이탈 - 추락,안전운전불이행,건조,맑음,단일로 - 기타,승용,남,34세,상해없음,,,,
2015042300100010,2015년 4월 23일 00시,목요일,강원도 강릉시 강동면,중상사고,0,1,0,0,차량단독 - 공작물충돌,안전운전불이행,건조,맑음,단일로 - 기타,승용,남,22세,상해없음,,,,
2015042300100011,2015년 4월 23일 00시,목요일,강원도 원주시 개운동,경상사고,0,0,1,0,차대사람 - 기타,안전운전불이행,건조,맑음,교차로 - 교차로부근,승용,남,29세,상해없음,보행자,남,45세,경상
2015042300100068,2015년 4월 23일 05시,목요일,강원도 춘천시 서면,경상사고,0,0,3,0,차량단독 - 공작물충돌,안전운전불이행,건조,맑음,단일로 - 기타,승용,남,51세,경상,,,,
2015042300100075,2015년 4월 23일 06시,목요일,강원도 홍천군 서석면,중상사고,0,1,0,0,차대차 - 측면직각충돌,안전운전불이행,건조,맑음,교차로 - 교차로부근,화물,남,75세,상해없음,이륜,여,72세,중상
2015042300100146,2015년 4월 23일 08시,목요일,강원도 원주시 평원동,중상사고,0,1,0,0,차대차 - 기타,교차로운행방법위반,건조,맑음,교차로 - 교차로안,승용,남,52세,상해없음,원동기,남,71세,중상
2015042300100147,2015년 4월 23일 08시,목요일,강원도 동해시 천곡동,경상사고,0,0,1,0,차대차 - 추돌 - 진행중,안전거리미확보,건조,맑음,교차로 - 교차로안,승용,남,21세,상해없음,승용,여,36세,경상
2015042300100218,2015년 4월 23일 10시,목요일,강원도 원주시 가현동,사망사고,2,1,0,0,차대차 - 측면직각충돌,기타,건조,맑음,단일로 - 기타,승합,남,68세,상해없음,자전거,여,59세,사망
2015042300100302,2015년 4월 23일 13시,목요일,강원도 춘천시 근화동,경상사고,0,0,1,0,차대차 - 추돌 - 주정차중,안전거리미확보,건조,맑음,단일로 - 기타,승용,남,59세,상해없음,승용,여,53세,경상
2015042300100303,2015년 4월 23일 13시,목요일,강원도 삼척시 당저동,경상사고,0,0,2,0,차대차 - 측면직각충돌,안전운전불이행,건조,맑음,교차로 - 교차로안,승용,여,39세,상해없음,승용,여,44세,경상
2015042300100363,2015년 4월 23일 15시,목요일,강원도 춘천시 효자동,중상사고,0,1,0,0,차대사람 - 횡단중,안전운전불이행,건조,맑음,단일로 - 기타,승용,여,22세,상해없음,보행자,여,11세,중상
2015042300100364,2015년 4월 23일 15시,목요일,강원도 춘천시 남산면,경상사고,0,0,1,0,차대차 - 측면직각충돌,중앙선침범,건조,맑음,단일로 - 기타,승용,남,27세,상해없음,승용,남,55세,경상
2015042300100365,2015년 4월 23일 15시,목요일,강원도 원주시 원동,경상사고,0,0,1,0,차대차 - 기타,안전운전불이행,건조,맑음,교차로 - 교차로안,승용,남,68세,상해없음,자전거,남,14세,경상
2015042300100366,2015년 4월 23일 15시,목요일,강원도 속초시 조양동,중상사고,0,2,2,0,차대차 - 측면직각충돌,교차로운행방법위반,건조,맑음,교차로 - 교차로안,승용,남,45세,상해없음,승용,여,73세,경상
2015042300100398,2015년 4월 23일 16시,목요일,강원도 춘천시 동산면,중상사고,0,3,11,1,차량단독 - 도로외이탈 - 기타,안전운전불이행,건조,맑음,단일로 - 기타,승합,남,56세,상해없음,,,,
2015042300100399,2015년 4월 23일 16시,목요일,강원도 정선군 여량면,중상사고,0,1,0,0,차대차 - 추돌 - 진행중,안전운전불이행,건조,맑음,교차로 - 교차로안,화물,남,65세,상해없음,자전거,남,77세,중상
2015042300100400,2015년 4월 23일 16시,목요일,강원도 동해시 천곡동,경상사고,0,0,1,0,차대차 - 추돌 - 진행중,안전거리미확보,건조,맑음,교차로 - 교차로부근,승용,여,26세,상해없음,승용,여,34세,경상
2015042300100401,2015년 4월 23일 16시,목요일,강원도 동해시 천곡동,경상사고,0,0,1,0,차대차 - 측면직각충돌,안전운전불이행,건조,맑음,단일로 - 기타,승용,남,45세,상해없음,승용,여,35세,경상
2015042300100447,2015년 4월 23일 17시,목요일,강원도 춘천시 운교동,중상사고,0,1,0,0,차대차 - 측면직각충돌,안전운전불이행,건조,맑음,단일로 - 기타,승용,남,38세,상해없음,이륜,남,74세,중상
2015042300100568,2015년 4월 23일 20시,목요일,강원도 원주시 단구동,경상사고,0,0,2,0,차대차 - 정면충돌,안전운전불이행,건조,맑음,단일로 - 기타,승용,남,52세,경상,승용,남,37세,경상
2015042300100605,2015년 4월 23일 21시,목요일,강원도 원주시 소초면,사망사고,1,0,0,0,차대사람 - 횡단중,안전운전불이행,건조,맑음,교차로 - 교차로부근,승용,여,24세,상해없음,보행자,남,59세,사망
2015042300100606,2015년 4월 23일 21시,목요일,강원도 철원군 김화읍,중상사고,0,1,1,0,차대차 - 측면직각충돌,직진우회전진행방해,건조,맑음,교차로 - 교차로안,승용,남,44세,상해없음,승용,여,71세,경상
2015042300100641,2015년 4월 23일 22시,목요일,강원도 동해시 천곡동,경상사고,0,0,1,0,차대차 - 측면직각충돌,안전운전불이행,건조,맑음,교차로 - 교차로안,승용,남,46세,상해없음,승용,남,46세,경상
2015042300100664,2015년 4월 23일 23시,목요일,강원도 춘천시 석사동,중상사고,0,1,1,0,차대차 - 측면직각충돌,차로위반,건조,맑음,교차로 - 교차로안,화물,남,65세,상해없음,승용,남,56세,경상
2015042300100665,2015년 4월 23일 23시,목요일,강원도 강릉시 교동,경상사고,0,0,1,0,차대차 - 측면직각충돌,안전운전불이행,건조,맑음,단일로 - 기타,화물,남,53세,기타불명,승용,남,53세,경상
2015042300100666,2015년 4월 23일 23시,목요일,강원도 동해시 천곡동,경상사고,0,0,1,0,차대차 - 정면충돌,신호위반,건조,맑음,교차로 - 교차로안,승용,여,41세,상해없음,승용,남,58세,경상
2015042400100090,2015년 4월 24일 07시,금요일,강원도 강릉시 옥계면,경상사고,0,0,2,0,차대차 - 측면직각충돌,중앙선침범,건조,맑음,단일로 - 기타,승용,남,73세,상해없음,승용,남,62세,경상
2015042400100091,2015년 4월 24일 07시,금요일,강원도 원주시 단구동,경상사고,0,0,1,0,차대사람 - 횡단중,보행자보호의무위반,건조,맑음,단일로 - 횡단보도상,승용,남,32세,상해없음,보행자,남,72세,경상
2015042400100116,2015년 4월 24일 08시,금요일,강원도 원주시 신림면,경상사고,0,0,2,0,차대차 - 추돌 - 진행중,안전거리미확보,건조,맑음,단일로 - 기타,화물,남,42세,상해없음,승합,남,44세,상해없음
2015042400100117,2015년 4월 24일 08시,금요일,강원도 원주시 명륜동,중상사고,0,2,0,0,차대차 - 기타,안전거리미확보,건조,맑음,교차로 - 교차로부근,승용,남,24세,상해없음,승용,여,49세,중상
2015042400100118,2015년 4월 24일 08시,금요일,강원도 홍천군 홍천읍,경상사고,0,0,1,0,차대차 - 추돌 - 주정차중,안전운전불이행,건조,맑음,교차로 - 교차로부근,자전거,여,69세,경상,승용,여,35세,상해없음
2015042400100119,2015년 4월 24일 08시,금요일,강원도 철원군 동송읍,경상사고,0,0,3,0,차대차 - 측면직각충돌,교차로운행방법위반,건조,맑음,교차로 - 교차로안,승용,남,29세,경상,화물,남,64세,경상
2015042400100153,2015년 4월 24일 09시,금요일,강원도 속초시 노학동,경상사고,0,0,1,0,차대차 - 측면직각충돌,안전운전불이행,건조,맑음,단일로 - 기타,승용,여,60세,상해없음,승용,여,25세,경상
2015042400100228,2015년 4월 24일 11시,금요일,강원도 강릉시 주문진읍,경상사고,0,0,1,0,차대차 - 추돌 - 진행중,안전운전불이행,건조,맑음,교차로 - 교차로부근,화물,남,22세,상해없음,화물,남,56세,경상
2015042400100270,2015년 4월 24일 12시,금요일,강원도 춘천시 퇴계동,중상사고,0,1,0,1,차대차 - 측면직각충돌,안전운전불이행,건조,맑음,단일로 - 기타,승용,여,68세,부상신고,승용,여,35세,중상
2015042400100297,2015년 4월 24일 13시,금요일,강원도 원주시 단계동,경상사고,0,0,3,0,차대차 - 측면직각충돌,신호위반,건조,맑음,교차로 - 교차로안,승용,남,57세,상해없음,승용,남,59세,경상
2015042400100326,2015년 4월 24일 14시,금요일,강원도 강릉시 내곡동,경상사고,0,0,1,0,차대차 - 측면직각충돌,중앙선침범,건조,맑음,단일로 - 기타,승용,남,77세,상해없음,승용,남,45세,경상
2015042400100445,2015년 4월 24일 17시,금요일,강원도 양양군 현남면,중상사고,0,1,0,0,차대차 - 측면직각충돌,안전운전불이행,건조,맑음,교차로 - 교차로안,화물,남,49세,상해없음,승용,남,59세,중상
2015042400100446,2015년 4월 24일 17시,금요일,강원도 횡성군 갑천면,중상사고,0,1,0,0,차량단독 - 기타,안전운전불이행,건조,맑음,단일로 - 기타,자전거,남,74세,중상,,,,
2015042400100447,2015년 4월 24일 17시,금요일,강원도 동해시 발한동,경상사고,0,0,1,0,차대차 - 측면직각충돌,직진우회전진행방해,건조,맑음,교차로 - 교차로안,승용,여,65세,상해없음,원동기,남,66세,경상
2015042400100501,2015년 4월 24일 18시,금요일,강원도 삼척시 도계읍,중상사고,0,1,0,0,차대사람 - 기타,안전운전불이행,건조,맑음,단일로 - 기타,승용,여,33세,상해없음,보행자,여,55세,중상
2015042400100549,2015년 4월 24일 19시,금요일,강원도 강릉시 주문진읍,경상사고,0,0,1,0,차대사람 - 보도통행중,기타,건조,맑음,단일로 - 기타,승용,남,60세,상해없음,보행자,남,48세,경상
2015042400100550,2015년 4월 24일 19시,금요일,강원도 강릉시 대전동,경상사고,0,0,1,0,차대차 - 추돌 - 주정차중,안전운전불이행,건조,흐림,단일로 - 기타,승용,여,42세,상해없음,화물,남,31세,경상
2015042400100551,2015년 4월 24일 19시,금요일,강원도 원주시 원동,경상사고,0,0,1,0,차대차 - 기타,안전운전불이행,건조,맑음,단일로 - 기타,승용,여,59세,상해없음,승용,남,39세,경상
2015042400100552,2015년 4월 24일 19시,금요일,강원도 횡성군 횡성읍,경상사고,0,0,1,0,차대차 - 정면충돌,안전운전불이행,건조,맑음,단일로 - 기타,승용,여,42세,상해없음,원동기,남,42세,경상
2015042400100553,2015년 4월 24일 19시,금요일,강원도 철원군 김화읍,중상사고,0,2,0,0,차대차 - 추돌 - 진행중,안전운전불이행,건조,맑음,교차로 - 교차로부근,승용,남,57세,상해없음,화물,여,56세,중상
2015042400100554,2015년 4월 24일 19시,금요일,강원도 동해시 천곡동,경상사고,0,0,1,0,차대차 - 추돌 - 주정차중,안전운전불이행,건조,맑음,교차로 - 교차로부근,승용,남,55세,상해없음,화물,남,42세,경상
2015042400100602,2015년 4월 24일 20시,금요일,강원도 강릉시 입암동,중상사고,0,1,0,0,차대차 - 기타,안전운전불이행,건조,맑음,단일로 - 기타,자전거,남,14세,상해없음,자전거,여,56세,중상
2015042400100647,2015년 4월 24일 21시,금요일,강원도 춘천시 남산면,경상사고,0,0,1,0,차대차 - 측면직각충돌,중앙선침범,건조,맑음,단일로 - 기타,기타불명,기타불명,기타불명,기타불명,승용,남,53세,경상
2015042400100648,2015년 4월 24일 21시,금요일,강원도 춘천시 효자동,경상사고,0,0,2,0,차대차 - 측면직각충돌,안전운전불이행,건조,맑음,교차로 - 교차로안,이륜,남,24세,상해없음,승용,남,56세,상해없음
2015042400100685,2015년 4월 24일 22시,금요일,강원도 원주시 문막읍,경상사고,0,0,1,0,차대차 - 기타,안전운전불이행,건조,맑음,교차로 - 교차로부근,승용,여,50세,상해없음,승용,남,29세,경상
2015042400100686,2015년 4월 24일 22시,금요일,강원도 속초시 조양동,경상사고,0,0,2,0,차대차 - 측면직각충돌,안전운전불이행,건조,맑음,교차로 - 교차로부근,승용,여,48세,상해없음,승용,남,29세,경상
2015042400100723,2015년 4월 24일 23시,금요일,강원도 강릉시 교동,경상사고,0,0,1,0,차대차 - 측면직각충돌,신호위반,건조,맑음,교차로 - 교차로안,승용,남,22세,상해없음,승용,여,31세,경상
2015042500100016,2015년 4월 25일 00시,토요일,강원도 춘천시 퇴계동,중상사고,0,2,4,0,차대차 - 추돌 - 진행중,안전운전불이행,건조,맑음,교차로 - 교차로안,승용,남,23세,상해없음,이륜,남,23세,중상
2015042500100017,2015년 4월 25일 00시,토요일,강원도 강릉시 견소동,경상사고,0,0,1,0,차량단독 - 전도전복,안전운전불이행,건조,맑음,교차로 - 교차로부근,승용,남,58세,경상,,,,
2015042500100018,2015년 4월 25일 00시,토요일,강원도 강릉시 옥천동,경상사고,0,0,1,0,차대사람 - 기타,안전운전불이행,건조,맑음,단일로 - 기타,승용,남,60세,상해없음,보행자,여,55세,경상
2015042500100019,2015년 4월 25일 00시,토요일,강원도 원주시 일산동,경상사고,0,0,1,0,차대사람 - 횡단중,보행자보호의무위반,건조,맑음,교차로 - 교차로부근,기타불명,기타불명,기타불명,기타불명,보행자,남,19세,경상
2015042500100046,2015년 4월 25일 01시,토요일,강원도 원주시 무실동,경상사고,0,0,2,0,차대차 - 추돌 - 주정차중,안전운전불이행,건조,맑음,교차로 - 교차로부근,승용,남,33세,상해없음,승용,남,25세,경상
2015042500100064,2015년 4월 25일 02시,토요일,강원도 원주시 단구동,경상사고,0,0,2,0,차대차 - 기타,신호위반,건조,맑음,교차로 - 교차로안,화물,남,65세,상해없음,승용,남,42세,경상
2015042500100086,2015년 4월 25일 04시,토요일,강원도 춘천시 효자동,중상사고,0,1,0,0,차대차 - 측면직각충돌,안전거리미확보,건조,맑음,단일로 - 기타,이륜,남,23세,상해없음,이륜,남,23세,중상
2015042500100125,2015년 4월 25일 07시,토요일,강원도 춘천시 동면,경상사고,0,0,1,0,차대차 - 정면충돌,중앙선침범,건조,맑음,교차로 - 교차로부근,화물,남,41세,상해없음,화물,남,59세,경상