사고번호,사고일시,요일,시군구,사고내용,사망자수,중상자수,경상자수,부상신고자수,사고유형,법규위반,노면상태,기상상태,도로형태,가해운전자 차종,가해운전자 성별,가해운전자 연령,가해운전자 상해정도,피해운전자 차종,피해운전자 성별,피해운전자 연령,피해운전자 상해정도
2015042500100126,2015년 4월 25일 07시,토요일,강원도 춘천시 퇴계동,경상사고,0,0,1,0,차대차 - 측면직각충돌,안전운전불이행,건조,맑음,교차로 - 교차로부근,화물,남,47세,상해없음,승용,남,46세,경상
2015042500100127,2015년 4월 25일 07시,토요일,강원도 강릉시 노암동,중상사고,0,1,0,0,차대차 - 추돌 - 진행중,안전운전불이행,건조,맑음,단일로 - 기타,자전거,남,48세,상해없음,자전거,남,54세,중상
2015042500100128,2015년 4월 25일 07시,토요일,강원도 원주시 태장동,경상사고,0,0,1,0,차대차 - 추돌 - 진행중,안전운전불이행,건조,맑음,기타 - 기타,건설기계,남,60세,상해없음,승용,여,64세,경상
2015042500100149,2015년 4월 25일 08시,토요일,강원도 태백시 화전동,경상사고,0,0,2,2,차량단독 - 공작물충돌,안전운전불이행,건조,맑음,단일로 - 기타,승합,남,34세,상해없음,,,,
2015042500100182,2015년 4월 25일 09시,토요일,강원도 속초시 동명동,중상사고,0,1,0,0,차대사람 - 기타,안전운전불이행,건조,맑음,단일로 - 기타,원동기,남,53세,상해없음,보행자,남,66세,중상
2015042500100223,2015년 4월 25일 10시,토요일,강원도 춘천시 동내면,경상사고,0,0,2,0,차대차 - 측면직각충돌,교차로운행방법위반,건조,맑음,교차로 - 교차로안,승용,남,68세,경상,승용,여,78세,경상
2015042500100224,2015년 4월 25일 10시,토요일,강원도 평창군 대화면,중상사고,0,1,0,0,차대차 - 측면직각충돌,안전운전불이행,건조,맑음,단일로 - 기타,이륜,남,80세,중상,승용,남,40세,상해없음
2015042500100225,2015년 4월 25일 10시,토요일,강원도 평창군 방림면,경상사고,0,0,1,0,차량단독 - 전도전복,안전운전불이행,건조,맑음,단일로 - 기타,이륜,남,79세,경상,,,,
2015042500100226,2015년 4월 25일 10시,토요일,강원도 평창군 봉평면,중상사고,0,2,9,1,차대차 - 추돌 - 진행중,안전거리미확보,건조,맑음,단일로 - 기타,승용,여,31세,경상,승용,남,36세,경상
2015042500100267,2015년 4월 25일 11시,토요일,강원도 춘천시 퇴계동,사망사고,1,0,0,0,차대사람 - 횡단중,보행자보호의무위반,건조,맑음,단일로 - 기타,승용,남,19세,상해없음,보행자,여,78세,사망
2015042500100268,2015년 4월 25일 11시,토요일,강원도 속초시 조양동,경상사고,0,0,1,0,차대사람 - 길가장자리구역통행중,안전운전불이행,건조,맑음,교차로 - 교차로부근,승용,남,48세,상해없음,보행자,여,56세,경상
2015042500100269,2015년 4월 25일 11시,토요일,강원도 횡성군 우천면,사망사고,2,3,1,0,차대차 - 측면직각충돌,직진우회전진행방해,건조,맑음,교차로 - 교차로안,승용,남,73세,상해없음,승용,남,54세,경상
2015042500100308,2015년 4월 25일 12시,토요일,강원도 속초시 영랑동,부상신고사고,0,0,0,1,차대사람 - 길가장자리구역통행중,안전운전불이행,건조,맑음,단일로 - 기타,승용,남,42세,상해없음,보행자,남,68세,부상신고
2015042500100309,2015년 4월 25일 12시,토요일,강원도 영월군 영월읍,경상사고,0,0,2,0,차대차 - 추돌 - 진행중,안전거리미확보,건조,맑음,단일로 - 기타,승용,남,52세,상해없음,승용,남,23세,경상
2015042500100351,2015년 4월 25일 13시,토요일,강원도 원주시 무실동,경상사고,0,0,1,0,차대사람 - 차도통행중,안전운전불이행,건조,맑음,단일로 - 기타,승용,여,21세,상해없음,보행자,여,74세,경상
2015042500100352,2015년 4월 25일 13시,토요일,강원도 철원군 갈말읍,중상사고,0,2,0,0,차대차 - 측면직각충돌,차로위반,건조,맑음,단일로 - 기타,승용,여,57세,상해없음,승용,여,26세,중상
2015042500100383,2015년 4월 25일 14시,토요일,강원도 춘천시 퇴계동,경상사고,0,0,4,0,차대차 - 추돌 - 진행중,안전운전불이행,건조,맑음,교차로 - 교차로안,화물,남,43세,상해없음,승용,여,34세,경상
2015042500100384,2015년 4월 25일 14시,토요일,강원도 평창군 용평면,중상사고,0,2,2,0,차대차 - 측면직각충돌,안전운전불이행,건조,맑음,단일로 - 기타,이륜,남,54세,상해없음,건설기계,남,50세,상해없음
2015042500100385,2015년 4월 25일 14시,토요일,강원도 횡성군 횡성읍,경상사고,0,0,2,0,차대차 - 추돌 - 진행중,안전운전불이행,건조,맑음,단일로 - 기타,승용,남,30세,상해없음,승합,남,58세,경상
2015042500100429,2015년 4월 25일 15시,토요일,강원도 춘천시 사북면,중상사고,0,1,3,0,차대차 - 측면직각충돌,중앙선침범,건조,맑음,단일로 - 기타,승용,여,54세,상해없음,화물,남,64세,중상
2015042500100430,2015년 4월 25일 15시,토요일,강원도 동해시 천곡동,경상사고,0,0,4,0,차대차 - 측면직각충돌,직진우회전진행방해,건조,맑음,교차로 - 교차로안,승용,남,65세,상해없음,승용,남,49세,경상
2015042500100463,2015년 4월 25일 16시,토요일,강원도 춘천시 남산면,경상사고,0,0,1,5,차대차 - 추돌 - 진행중,안전거리미확보,건조,맑음,교차로 - 교차로안,승용,남,42세,상해없음,승합,남,23세,부상신고
2015042500100514,2015년 4월 25일 17시,토요일,강원도 춘천시 삼천동,중상사고,0,1,0,0,차대사람 - 기타,안전운전불이행,건조,맑음,기타 - 기타,자전거,남,11세,상해없음,보행자,남,41세,중상
2015042500100568,2015년 4월 25일 18시,토요일,강원도 춘천시 남산면,중상사고,0,1,0,0,차대사람 - 길가장자리구역통행중,안전운전불이행,건조,맑음,단일로 - 기타,승합,남,52세,상해없음,보행자,남,79세,중상
2015042500100569,2015년 4월 25일 18시,토요일,강원도 강릉시 교동,경상사고,0,0,5,0,차대차 - 기타,안전운전불이행,건조,맑음,교차로 - 교차로부근,승용,남,55세,상해없음,승용,여,34세,경상
2015042500100570,2015년 4월 25일 18시,토요일,강원도 원주시 개운동,경상사고,0,0,1,0,차대차 - 측면직각충돌,신호위반,건조,맑음,교차로 - 교차로안,이륜,남,74세,경상,승용,남,73세,상해없음
2015042500100571,2015년 4월 25일 18시,토요일,강원도 원주시 명륜동,경상사고,0,0,1,0,차대차 - 정면충돌,안전운전불이행,건조,맑음,단일로 - 기타,승용,남,75세,상해없음,승용,여,27세,경상
2015042500100572,2015년 4월 25일 18시,토요일,강원도 태백시 장성동,사망사고,1,0,0,0,차대사람 - 기타,안전운전불이행,건조,맑음,단일로 - 기타,승용,여,42세,상해없음,보행자,남,50세,사망
2015042500100613,2015년 4월 25일 19시,토요일,강원도 원주시 단계동,경상사고,0,0,1,0,차대차 - 기타,안전운전불이행,건조,맑음,단일로 - 기타,승용,남,26세,상해없음,승용,여,29세,경상
2015042500100658,2015년 4월 25일 20시,토요일,강원도 원주시 명륜동,경상사고,0,0,1,0,차대사람 - 기타,안전운전불이행,건조,맑음,단일로 - 기타,자전거,남,14세,상해없음,보행자,남,10세,경상
2015042500100659,2015년 4월 25일 20시,토요일,강원도 영월군 영월읍,중상사고,0,1,0,0,차대사람 - 횡단중,안전운전불이행,건조,맑음,단일로 - 횡단보도부근,승용,남,28세,상해없음,보행자,여,57세,중상
2015042500100660,2015년 4월 25일 20시,토요일,강원도 철원군 서면,사망사고,1,0,0,0,차대사람 - 횡단중,과속,건조,맑음,단일로 - 기타,승용,남,29세,상해없음,보행자,여,66세,사망
2015042500100694,2015년 4월 25일 21시,토요일,강원도 원주시 단계동,중상사고,0,3,1,0,차대차 - 정면충돌,중앙선침범,건조,맑음,교차로 - 교차로안,화물,남,63세,상해없음,승용,남,46세,중상
2015042500100735,2015년 4월 25일 22시,토요일,강원도 춘천시 퇴계동,경상사고,0,0,5,0,차대차 - 측면직각충돌,안전운전불이행,건조,맑음,교차로 - 교차로안,승용,남,48세,상해없음,승용,남,31세,경상
2015042500100736,2015년 4월 25일 22시,토요일,강원도 동해시 동회동,경상사고,0,0,4,0,차대차 - 측면직각충돌,신호위반,건조,맑음,교차로 - 교차로안,승용,여,30세,상해없음,승용,여,48세,경상
2015042500100772,2015년 4월 25일 23시,토요일,강원도 강릉시 안현동,경상사고,0,0,2,0,차대차 - 측면직각충돌,안전운전불이행,건조,맑음,단일로 - 기타,승용,남,42세,상해없음,승용,여,67세,경상
2015042500100773,2015년 4월 25일 23시,토요일,강원도 원주시 단구동,사망사고,1,0,0,0,차대사람 - 횡단중,안전운전불이행,건조,맑음,단일로 - 기타,승용,남,34세,상해없음,보행자,남,46세,사망
2015042600100044,2015년 4월 26일 02시,일요일,강원도 원주시 단계동,경상사고,0,0,1,0,차대사람 - 횡단중,불법유턴,건조,맑음,단일로 - 기타,승용,남,31세,상해없음,보행자,여,35세,경상
2015042600100045,2015년 4월 26일 02시,일요일,강원도 원주시 소초면,경상사고,0,0,1,0,차대차 - 추돌 - 진행중,안전거리미확보,건조,맑음,단일로 - 기타,승용,남,50세,경상,건설기계,남,44세,상해없음
2015042600100065,2015년 4월 26일 03시,일요일,강원도 원주시 원동,사망사고,1,0,0,0,차대사람 - 횡단중,안전운전불이행,건조,맑음,단일로 - 기타,승용,남,42세,상해없음,보행자,여,82세,사망
2015042600100122,2015년 4월 26일 08시,일요일,강원도 원주시 관설동,경상사고,0,0,3,0,차대차 - 추돌 - 진행중,직진우회전진행방해,건조,맑음,교차로 - 교차로안,승용,여,62세,경상,승용,남,28세,경상
2015042600100139,2015년 4월 26일 09시,일요일,강원도 춘천시 퇴계동,경상사고,0,0,1,0,차대차 - 측면직각충돌,안전운전불이행,건조,맑음,교차로 - 교차로안,승용,여,25세,상해없음,자전거,남,46세,경상
2015042600100140,2015년 4월 26일 09시,일요일,강원도 원주시 단계동,중상사고,0,2,2,0,차대차 - 기타,교차로운행방법위반,건조,맑음,교차로 - 교차로안,승용,남,21세,중상,승용,남,56세,경상
2015042600100141,2015년 4월 26일 09시,일요일,강원도 원주시 단계동,경상사고,0,0,1,0,차대차 - 추돌 - 주정차중,안전운전불이행,건조,맑음,교차로 - 교차로부근,승용,남,53세,상해없음,승용,남,58세,경상
2015042600100178,2015년 4월 26일 11시,일요일,강원도 춘천시 후평동,경상사고,0,0,1,0,차대차 - 측면직각충돌,안전운전불이행,건조,맑음,단일로 - 기타,승용,남,60세,상해없음,승용,남,57세,경상
2015042600100179,2015년 4월 26일 11시,일요일,강원도 평창군 용평면,중상사고,0,2,0,0,차대차 - 추돌 - 진행중,안전운전불이행,건조,맑음,단일로 - 기타,승용,남,63세,중상,승합,남,59세,상해없음
2015042600100209,2015년 4월 26일 12시,일요일,강원도 춘천시 석사동,경상사고,0,0,1,0,차대차 - 추돌 - 주정차중,안전운전불이행,건조,맑음,교차로 - 교차로부근,승용,남,51세,상해없음,승용,남,45세,경상
2015042600100240,2015년 4월 26일 13시,일요일,강원도 삼척시 남양동,경상사고,0,0,1,0,차대차 - 측면직각충돌,안전운전불이행,건조,맑음,교차로 - 교차로안,승용,남,50세,상해없음,자전거,남,10세,경상
2015042600100241,2015년 4월 26일 13시,일요일,강원도 태백시 황지동,경상사고,0,0,1,0,차대차 - 추돌 - 주정차중,안전거리미확보,건조,맑음,교차로 - 교차로부근,화물,남,51세,상해없음,승용,남,78세,경상
2015042600100265,2015년 4월 26일 14시,일요일,강원도 삼척시 자원동,중상사고,0,1,0,0,차대차 - 측면직각충돌,안전운전불이행,건조,맑음,단일로 - 기타,건설기계,남,46세,상해없음,화물,남,36세,중상
2015042600100302,2015년 4월 26일 15시,일요일,강원도 춘천시 남산면,경상사고,0,0,1,0,차대차 - 추돌 - 진행중,교차로운행방법위반,건조,맑음,교차로 - 교차로안,승용,남,39세,상해없음,원동기,여,42세,경상
2015042600100303,2015년 4월 26일 15시,일요일,강원도 원주시 단계동,경상사고,0,0,4,0,차대차 - 측면직각충돌,신호위반,건조,맑음,교차로 - 교차로부근,승용,여,28세,상해없음,승용,남,31세,경상
2015042600100304,2015년 4월 26일 15시,일요일,강원도 원주시 부론면,중상사고,0,3,2,0,차대차 - 추돌 - 진행중,안전거리미확보,건조,맑음,단일로 - 기타,승합,남,37세,중상,승용,남,65세,상해없음
2015042600100349,2015년 4월 26일 16시,일요일,강원도 춘천시 온의동,경상사고,0,0,2,0,차대차 - 측면직각충돌,안전운전불이행,건조,맑음,교차로 - 교차로안,승용,여,24세,상해없음,승용,여,23세,경상
2015042600100350,2015년 4월 26일 16시,일요일,강원도 춘천시 효자동,경상사고,0,0,1,0,차대차 - 측면직각충돌,안전운전불이행,건조,맑음,교차로 - 교차로안,승용,남,54세,상해없음,이륜,남,20세,경상
2015042600100351,2015년 4월 26일 16시,일요일,강원도 원주시 호저면,경상사고,0,0,1,0,차대차 - 추돌 - 주정차중,불법유턴,건조,맑음,단일로 - 기타,특수,남,52세,상해없음,화물,남,58세,경상
2015042600100352,2015년 4월 26일 16시,일요일,강원도 영월군 영월읍,중상사고,0,1,1,0,차대차 - 정면충돌,교차로운행방법위반,건조,맑음,교차로 - 교차로안,승용,여,58세,상해없음,화물,남,51세,경상
2015042600100353,2015년 4월 26일 16시,일요일,강원도 횡성군 서원면,중상사고,0,1,1,0,차대차 - 추돌 - 진행중,안전운전불이행,건조,맑음,단일로 - 기타,이륜,남,32세,중상,승용,남,30세,상해없음
2015042600100424,2015년 4월 26일 18시,일요일,강원도 홍천군 홍천읍,중상사고,0,1,0,0,차대사람 - 횡단중,안전운전불이행,건조,맑음,단일로 - 기타,화물,남,58세,상해없음,보행자,남,4세,중상
2015042600100455,2015년 4월 26일 19시,일요일,강원도 원주시 단구동,중상사고,0,1,0,0,차대차 - 정면충돌,중앙선침범,건조,맑음,단일로 - 기타,승용,남,76세,상해없음,이륜,남,25세,중상
2015042600100456,2015년 4월 26일 19시,일요일,강원도 속초시 노학동,사망사고,1,0,0,0,차량단독 - 전도전복,안전운전불이행,건조,맑음,단일로 - 기타,원동기,남,21세,사망,,,,
2015042600100457,2015년 4월 26일 19시,일요일,강원도 양양군 양양읍,사망사고,1,0,0,0,차대사람 - 횡단중,과속,건조,맑음,교차로 - 교차로부근,화물,남,43세,상해없음,보행자,여,60세,사망
2015042600100458,2015년 4월 26일 19시,일요일,강원도 동해시 평릉동,경상사고,0,0,1,0,차대차 - 측면직각충돌,안전운전불이행,건조,맑음,교차로 - 교차로부근,승용,남,56세,상해없음,승용,남,64세,경상
2015042700100011,2015년 4월 27일 00시,월요일,강원도 원주시 흥업면,중상사고,0,1,0,0,차량단독 - 공작물충돌,안전운전불이행,건조,맑음,단일로 - 기타,승용,여,24세,상해없음,,,,
2015042700100032,2015년 4월 27일 03시,월요일,강원도 원주시 단계동,경상사고,0,0,1,0,차량단독 - 공작물충돌,안전운전불이행,건조,맑음,단일로 - 기타,승용,남,29세,경상,,,,
2015042700100067,2015년 4월 27일 07시,월요일,강원도 원주시 문막읍,경상사고,0,0,1,0,차대차 - 측면직각충돌,안전거리미확보,건조,맑음,단일로 - 기타,승용,남,54세,상해없음,승용,남,35세,경상
2015042700100151,2015년 4월 27일 09시,월요일,강원도 원주시 단구동,경상사고,0,0,1,0,차대차 - 측면직각충돌,교차로운행방법위반,건조,맑음,교차로 - 교차로안,승용,남,88세,상해없음,승용,남,40세,경상
2015042700100152,2015년 4월 27일 09시,월요일,강원도 동해시 부곡동,경상사고,0,0,2,0,차대차 - 측면직각충돌,교차로운행방법위반,건조,맑음,교차로 - 교차로부근,원동기,남,32세,경상,승용,여,42세,경상
2015042700100178,2015년 4월 27일 10시,월요일,강원도 양양군 강현면,경상사고,0,0,2,0,차대차 - 추돌 - 진행중,안전운전불이행,건조,맑음,단일로 - 기타,승용,남,69세,상해없음,승용,여,33세,경상
2015042700100179,2015년 4월 27일 10시,월요일,강원도 정선군 임계면,중상사고,0,1,0,0,차대사람 - 횡단중,안전운전불이행,건조,맑음,단일로 - 기타,화물,여,54세,상해없음,보행자,여,74세,중상
2015042700100180,2015년 4월 27일 10시,월요일,강원도 횡성군 횡성읍,중상사고,0,1,0,0,차대사람 - 횡단중,보행자보호의무위반,건조,맑음,교차로 - 교차로부근,화물,남,53세,상해없음,보행자,여,87세,중상
2015042700100239,2015년 4월 27일 12시,월요일,강원도 강릉시 주문진읍,경상사고,0,0,1,0,차대차 - 측면직각충돌,교차로운행방법위반,건조,맑음,교차로 - 교차로안,승용,여,50세,상해없음,승용,남,74세,경상
2015042700100240,2015년 4월 27일 12시,월요일,강원도 원주시 흥업면,경상사고,0,0,1,0,차대차 - 측면직각충돌,안전거리미확보,건조,맑음,단일로 - 기타,승용,남,74세,상해없음,화물,남,27세,경상
2015042700100280,2015년 4월 27일 13시,월요일,강원도 강릉시 주문진읍,중상사고,0,1,0,0,차대차 - 추돌 - 진행중,안전운전불이행,건조,맑음,교차로 - 교차로안,승용,남,53세,상해없음,자전거,남,77세,중상
2015042700100281,2015년 4월 27일 13시,월요일,강원도 원주시 우산동,경상사고,0,0,1,0,차대차 - 추돌 - 진행중,안전거리미확보,건조,맑음,교차로 - 교차로부근,화물,여,47세,상해없음,승용,남,55세,경상
2015042700100282,2015년 4월 27일 13시,월요일,강원도 삼척시 당저동,중상사고,0,1,1,0,차대차 - 추돌 - 진행중,안전운전불이행,건조,맑음,교차로 - 교차로부근,원동기,남,78세,중상,승용,여,51세,경상
2015042700100322,2015년 4월 27일 14시,월요일,강원도 춘천시 효자동,중상사고,0,2,0,0,차대차 - 추돌 - 주정차중,안전거리미확보,건조,맑음,교차로 - 교차로부근,승용,남,72세,상해없음,원동기,남,35세,중상
2015042700100323,2015년 4월 27일 14시,월요일,강원도 원주시 관설동,중상사고,0,1,0,0,차대사람 - 횡단중,안전운전불이행,건조,맑음,교차로 - 교차로부근,승용,여,45세,상해없음,보행자,남,15세,중상
2015042700100324,2015년 4월 27일 14시,월요일,강원도 고성군 간성읍,경상사고,0,0,1,0,차대차 - 기타,중앙선침범,건조,맑음,단일로 - 기타,화물,남,48세,상해없음,화물,남,81세,경상
2015042700100398,2015년 4월 27일 16시,월요일,강원도 강릉시 포남동,경상사고,0,0,1,0,차대사람 - 횡단중,보행자보호의무위반,건조,맑음,단일로 - 횡단보도상,승용,여,30세,상해없음,보행자,남,77세,경상
2015042700100399,2015년 4월 27일 16시,월요일,강원도 평창군 진부면,사망사고,1,1,1,0,차대사람 - 기타,안전운전불이행,건조,맑음,단일로 - 기타,승합,여,53세,상해없음,보행자,남,42세,사망
2015042700100446,2015년 4월 27일 17시,월요일,강원도 춘천시 효자동,경상사고,0,0,1,0,차대사람 - 길가장자리구역통행중,안전운전불이행,건조,맑음,교차로 - 교차로부근,승용,남,42세,상해없음,보행자,여,52세,경상
2015042700100447,2015년 4월 27일 17시,월요일,강원도 원주시 개운동,경상사고,0,0,1,0,차대차 - 측면직각충돌,교차로운행방법위반,건조,맑음,교차로 - 교차로안,승용,남,37세,상해없음,승용,남,57세,경상
2015042700100448,2015년 4월 27일 17시,월요일,강원도 속초시 교동,경상사고,0,0,2,0,차대차 - 측면직각충돌,직진우회전진행방해,건조,맑음,교차로 - 교차로안,승용,남,34세,상해없음,승용,남,52세,경상
2015042700100493,2015년 4월 27일 18시,월요일,강원도 춘천시 후평동,중상사고,0,1,1,0,차대차 - 측면직각충돌,직진우회전진행방해,건조,맑음,교차로 - 교차로안,승용,남,48세,상해없음,승용,남,56세,중상
2015042700100494,2015년 4월 27일 18시,월요일,강원도 춘천시 중앙로3가,중상사고,0,1,1,0,차대차 - 추돌 - 주정차중,안전운전불이행,건조,맑음,단일로 - 기타,화물,남,39세,상해없음,승용,남,56세,중상
2015042700100535,2015년 4월 27일 19시,월요일,강원도 동해시 발한동,경상사고,0,0,4,0,차대차 - 추돌 - 진행중,안전거리미확보,건조,맑음,단일로 - 기타,승용,남,41세,상해없음,승용,남,28세,경상
2015042700100576,2015년 4월 27일 20시,월요일,강원도 원주시 봉산동,경상사고,0,0,2,0,차대차 - 측면직각충돌,신호위반,건조,맑음,교차로 - 교차로안,승합,남,35세,상해없음,승용,남,49세,경상
2015042700100577,2015년 4월 27일 20시,월요일,강원도 원주시 명륜동,중상사고,0,1,0,0,차대차 - 기타,안전운전불이행,건조,맑음,단일로 - 기타,자전거,남,20세,상해없음,자전거,남,14세,중상
2015042700100616,2015년 4월 27일 21시,월요일,강원도 춘천시 효자동,경상사고,0,0,1,0,차대차 - 추돌 - 주정차중,안전운전불이행,건조,맑음,교차로 - 교차로부근,승용,남,27세,상해없음,승용,여,38세,경상
2015042700100617,2015년 4월 27일 21시,월요일,강원도 강릉시 입암동,경상사고,0,0,1,0,차대사람 - 차도통행중,안전운전불이행,건조,맑음,교차로 - 교차로부근,승용,남,35세,상해없음,보행자,남,31세,경상
2015042700100618,2015년 4월 27일 21시,월요일,강원도 평창군 평창읍,중상사고,0,1,0,0,차대차 - 측면직각충돌,안전운전불이행,건조,맑음,단일로 - 기타,화물,여,50세,상해없음,원동기,여,61세,중상
2015042700100644,2015년 4월 27일 22시,월요일,강원도 춘천시 동면,사망사고,2,0,0,0,차대차 - 추돌 - 진행중,과속,건조,맑음,단일로 - 기타,승용,남,57세,사망,승용,남,29세,상해없음
2015042800100027,2015년 4월 28일 01시,화요일,강원도 강릉시 포남동,경상사고,0,0,1,0,차대차 - 측면직각충돌,안전운전불이행,건조,맑음,교차로 - 교차로안,승용,남,53세,상해없음,승용,남,49세,상해없음
2015042800100069,2015년 4월 28일 05시,화요일,강원도 강릉시 노암동,경상사고,0,0,1,0,차대차 - 측면직각충돌,신호위반,건조,맑음,교차로 - 교차로안,승용,남,29세,상해없음,승용,남,62세,경상
2015042800100070,2015년 4월 28일 05시,화요일,강원도 영월군 남면,부상신고사고,0,0,0,1,차량단독 - 공작물충돌,안전운전불이행,건조,맑음,단일로 - 기타,승용,여,23세,부상신고,,,,
2015042800100106,2015년 4월 28일 07시,화요일,강원도 춘천시 약사동,부상신고사고,0,0,0,1,차대차 - 측면직각충돌,안전거리미확보,건조,맑음,단일로 - 기타,승합,기타불명,기타불명,기타불명,승용,남,48세,부상신고
2015042800100107,2015년 4월 28일 07시,화요일,강원도 원주시 반곡동,경상사고,0,0,1,0,차대차 - 기타,중앙선침범,건조,맑음,단일로 - 기타,승용,남,50세,상해없음,승용,남,39세,경상
2015042800100108,2015년 4월 28일 07시,화요일,강원도 속초시 노학동,중상사고,0,1,1,0,차대차 - 측면직각충돌,안전거리미확보,건조,맑음,교차로 - 교차로부근,승용,남,70세,상해없음,승용,남,28세,경상
2015042800100152,2015년 4월 28일 08시,화요일,강원도 원주시 단계동,경상사고,0,0,1,0,차대차 - 기타,교차로운행방법위반,건조,맑음,교차로 - 교차로안,승용,남,60세,상해없음,승용,여,36세,경상
2015042800100153,2015년 4월 28일 08시,화요일,강원도 속초시 대포동,중상사고,0,1,0,0,차대차 - 측면직각충돌,안전운전불이행,건조,맑음,교차로 - 교차로안,승용,여,52세,상해없음,원동기,남,77세,중상
2015042800100154,2015년 4월 28일 08시,화요일,강원도 동해시 발한동,경상사고,0,0,1,0,차대차 - 추돌 - 주정차중,안전거리미확보,건조,맑음,교차로 - 교차로부근,승용,남,54세,상해없음,승용,여,41세,경상
2015042800100315,2015년 4월 28일 13시,화요일,강원도 강릉시 노암동,경상사고,0,0,1,0,차대차 - 측면직각충돌,안전운전불이행,건조,맑음,교차로 - 교차로안,승용,여,51세,상해없음,승용,남,62세,경상
2015042800100316,2015년 4월 28일 13시,화요일,강원도 원주시 관설동,경상사고,0,0,1,0,차대차 - 측면직각충돌,안전운전불이행,건조,맑음,교차로 - 교차로안,승용,여,49세,상해없음,원동기,남,46세,경상
2015042800100317,2015년 4월 28일 13시,화요일,강원도 영월군 남면,중상사고,0,4,0,0,차대차 - 측면직각충돌,중앙선침범,건조,맑음,단일로 - 기타,승합,남,50세,상해없음,승용,남,73세,중상
2015042800100398,2015년 4월 28일 15시,화요일,강원도 원주시 신림면,중상사고,0,1,0,0,차대차 - 기타,기타,건조,맑음,단일로 - 기타,화물,남,59세,상해없음,승용,여,61세,중상
2015042800100475,2015년 4월 28일 17시,화요일,강원도 원주시 태장동,중상사고,0,1,0,0,차대차 - 측면직각충돌,안전운전불이행,건조,맑음,교차로 - 교차로안,승용,여,40세,상해없음,이륜,남,43세,중상
2015042800100476,2015년 4월 28일 17시,화요일,강원도 고성군 거진읍,경상사고,0,0,1,0,차대차 - 추돌 - 진행중,안전운전불이행,건조,맑음,교차로 - 교차로안,승용,여,57세,상해없음,이륜,남,62세,경상
2015042800100613,2015년 4월 28일 21시,화요일,강원도 원주시 개운동,경상사고,0,0,1,0,차대차 - 기타,안전운전불이행,건조,맑음,단일로 - 기타,화물,남,46세,상해없음,승용,여,53세,경상
2015042800100614,2015년 4월 28일 21시,화요일,강원도 원주시 단계동,중상사고,0,1,0,0,차대차 - 기타,안전운전불이행,건조,맑음,단일로 - 기타,승용,남,60세,상해없음,승용,남,26세,중상
2015042800100679,2015년 4월 28일 23시,화요일,강원도 원주시 문막읍,중상사고,0,3,0,0,차대차 - 정면충돌,중앙선침범,건조,맑음,단일로 - 기타,승용,남,39세,상해없음,승용,남,28세,중상
2015042900100079,2015년 4월 29일 06시,수요일,강원도 철원군 김화읍,경상사고,0,0,1,0,차대차 - 정면충돌,중앙선침범,건조,맑음,단일로 - 기타,승용,남,43세,상해없음,건설기계,남,46세,경상
2015042900100137,2015년 4월 29일 08시,수요일,강원도 강릉시 연곡면,경상사고,0,0,1,0,차대차 - 측면직각충돌,중앙선침범,건조,맑음,단일로 - 기타,화물,남,56세,상해없음,승용,여,46세,경상
2015042900100174,2015년 4월 29일 09시,수요일,강원도 원주시 단구동,경상사고,0,0,2,0,차대차 - 측면직각충돌,신호위반,건조,맑음,교차로 - 교차로안,승용,여,56세,상해없음,승용,남,58세,경상
2015042900100175,2015년 4월 29일 09시,수요일,강원도 속초시 교동,경상사고,0,0,2,0,차대차 - 측면직각충돌,교차로운행방법위반,건조,맑음,교차로 - 교차로안,승용,여,39세,상해없음,승용,여,53세,경상
2015042900100176,2015년 4월 29일 09시,수요일,강원도 속초시 노학동,경상사고,0,0,1,0,차대차 - 측면직각충돌,안전운전불이행,건조,맑음,교차로 - 교차로부근,승용,여,57세,상해없음,자전거,여,70세,경상
2015042900100213,2015년 4월 29일 10시,수요일,강원도 속초시 대포동,부상신고사고,0,0,0,1,차대차 - 측면직각충돌,안전운전불이행,건조,맑음,단일로 - 기타,농기계,남,72세,상해없음,화물,남,73세,부상신고
2015042900100251,2015년 4월 29일 11시,수요일,강원도 춘천시 효자동,중상사고,0,2,0,0,차대차 - 측면직각충돌,신호위반,건조,맑음,교차로 - 교차로안,승용,남,73세,상해없음,승용,여,52세,중상
2015042900100252,2015년 4월 29일 11시,수요일,강원도 원주시 태장동,중상사고,0,1,1,0,차대차 - 측면직각충돌,중앙선침범,습기,비,단일로 - 기타,화물,남,47세,상해없음,승용,남,59세,경상
2015042900100253,2015년 4월 29일 11시,수요일,강원도 홍천군 홍천읍,경상사고,0,0,1,0,차대차 - 측면직각충돌,안전운전불이행,건조,맑음,단일로 - 기타,화물,남,57세,상해없음,원동기,여,56세,경상
2015042900100284,2015년 4월 29일 12시,수요일,강원도 춘천시 동내면,중상사고,0,1,0,0,차대차 - 측면직각충돌,안전운전불이행,건조,맑음,단일로 - 기타,화물,남,59세,상해없음,자전거,남,60세,중상
2015042900100285,2015년 4월 29일 12시,수요일,강원도 원주시 단구동,경상사고,0,0,1,0,차대차 - 추돌 - 주정차중,안전운전불이행,습기,비,교차로 - 교차로부근,승용,여,33세,상해없음,승용,여,51세,경상