사고번호,사고일시,요일,시군구,사고내용,사망자수,중상자수,경상자수,부상신고자수,사고유형,법규위반,노면상태,기상상태,도로형태,가해운전자 차종,가해운전자 성별,가해운전자 연령,가해운전자 상해정도,피해운전자 차종,피해운전자 성별,피해운전자 연령,피해운전자 상해정도
2015050800100322,2015년 5월 8일 14시,금요일,강원도 태백시 황지동,중상사고,0,1,1,0,차대차 - 측면직각충돌,교차로운행방법위반,건조,맑음,교차로 - 교차로안,화물,남,68세,상해없음,승용,남,62세,경상
2015050800100323,2015년 5월 8일 14시,금요일,강원도 동해시 천곡동,중상사고,0,1,0,0,차대사람 - 길가장자리구역통행중,안전운전불이행,건조,맑음,단일로 - 기타,승용,남,54세,상해없음,보행자,남,48세,중상
2015050800100353,2015년 5월 8일 15시,금요일,강원도 원주시 가현동,경상사고,0,0,1,0,차대차 - 추돌 - 주정차중,안전거리미확보,건조,맑음,단일로 - 기타,승용,여,27세,상해없음,승용,남,40세,경상
2015050800100395,2015년 5월 8일 16시,금요일,강원도 춘천시 동면,중상사고,0,1,0,0,차대차 - 추돌 - 진행중,안전거리미확보,건조,맑음,교차로 - 교차로부근,이륜,남,63세,기타불명,승용,남,72세,상해없음
2015050800100396,2015년 5월 8일 16시,금요일,강원도 춘천시 효자동,경상사고,0,0,1,0,차대차 - 측면직각충돌,안전운전불이행,건조,맑음,교차로 - 교차로안,승용,남,49세,상해없음,승용,여,59세,경상
2015050800100397,2015년 5월 8일 16시,금요일,강원도 춘천시 근화동,경상사고,0,0,1,1,차대차 - 측면직각충돌,안전운전불이행,건조,맑음,교차로 - 교차로안,승용,남,48세,상해없음,승용,남,24세,경상
2015050800100398,2015년 5월 8일 16시,금요일,강원도 원주시 일산동,중상사고,0,1,0,0,차대차 - 기타,차로위반,건조,맑음,단일로 - 기타,승용,남,72세,기타불명,승용,남,39세,중상
2015050800100399,2015년 5월 8일 16시,금요일,강원도 동해시 송정동,중상사고,0,1,0,0,차대차 - 측면직각충돌,안전운전불이행,건조,맑음,단일로 - 기타,승용,남,66세,상해없음,이륜,남,75세,중상
2015050800100442,2015년 5월 8일 17시,금요일,강원도 홍천군 내면,중상사고,0,1,0,0,차대차 - 기타,중앙선침범,건조,맑음,단일로 - 기타,승용,남,35세,상해없음,화물,남,47세,중상
2015050800100475,2015년 5월 8일 18시,금요일,강원도 춘천시 후평동,중상사고,0,1,0,0,차대사람 - 횡단중,보행자보호의무위반,건조,맑음,교차로 - 교차로안,승용,남,71세,상해없음,보행자,여,75세,중상
2015050800100476,2015년 5월 8일 18시,금요일,강원도 춘천시 석사동,경상사고,0,0,1,0,차대차 - 추돌 - 진행중,안전거리미확보,건조,맑음,단일로 - 기타,승용,남,53세,상해없음,승용,남,59세,경상
2015050800100529,2015년 5월 8일 19시,금요일,강원도 원주시 단계동,경상사고,0,0,1,0,차대차 - 측면직각충돌,안전거리미확보,건조,맑음,단일로 - 기타,승용,남,69세,상해없음,승용,남,34세,경상
2015050800100577,2015년 5월 8일 20시,금요일,강원도 춘천시 동내면,경상사고,0,0,3,0,차대차 - 측면직각충돌,안전운전불이행,건조,맑음,교차로 - 교차로안,승용,남,52세,상해없음,승합,남,42세,경상
2015050800100578,2015년 5월 8일 20시,금요일,강원도 원주시 학성동,경상사고,0,0,3,0,차대차 - 추돌 - 주정차중,안전운전불이행,건조,맑음,교차로 - 교차로부근,승용,남,49세,상해없음,승용,남,37세,경상
2015050800100579,2015년 5월 8일 20시,금요일,강원도 동해시 평릉동,경상사고,0,0,1,0,차대차 - 추돌 - 주정차중,안전운전불이행,건조,맑음,단일로 - 기타,이륜,남,19세,경상,승용,여,48세,상해없음
2015050800100620,2015년 5월 8일 21시,금요일,강원도 춘천시 석사동,부상신고사고,0,0,0,1,차대사람 - 횡단중,안전운전불이행,건조,맑음,단일로 - 기타,승용,여,30세,상해없음,보행자,여,17세,부상신고
2015050800100621,2015년 5월 8일 21시,금요일,강원도 원주시 단계동,경상사고,0,0,1,0,차대차 - 측면직각충돌,안전운전불이행,건조,맑음,단일로 - 기타,승용,남,23세,상해없음,자전거,남,39세,경상
2015050800100622,2015년 5월 8일 21시,금요일,강원도 홍천군 홍천읍,경상사고,0,0,1,0,차대차 - 정면충돌,안전운전불이행,건조,맑음,단일로 - 기타,승용,여,36세,상해없음,화물,남,55세,경상
2015050800100642,2015년 5월 8일 22시,금요일,강원도 원주시 평원동,경상사고,0,0,3,0,차대차 - 측면직각충돌,신호위반,건조,맑음,교차로 - 교차로안,승용,여,35세,상해없음,승용,남,48세,경상
2015050800100676,2015년 5월 8일 23시,금요일,강원도 원주시 명륜동,부상신고사고,0,0,0,1,차대차 - 추돌 - 진행중,안전운전불이행,건조,맑음,교차로 - 교차로부근,기타불명,기타불명,기타불명,기타불명,승용,여,30세,부상신고
2015050900100010,2015년 5월 9일 00시,토요일,강원도 원주시 단계동,경상사고,0,0,1,0,차대사람 - 기타,안전운전불이행,건조,맑음,단일로 - 기타,승용,남,35세,상해없음,보행자,여,29세,경상
2015050900100011,2015년 5월 9일 00시,토요일,강원도 원주시 명륜동,중상사고,0,1,1,0,차대차 - 측면직각충돌,직진우회전진행방해,건조,맑음,교차로 - 교차로안,승용,남,50세,상해없음,승용,남,57세,중상
2015050900100039,2015년 5월 9일 01시,토요일,강원도 강릉시 노암동,경상사고,0,0,4,0,차대차 - 기타,안전운전불이행,건조,맑음,교차로 - 교차로부근,승용,남,39세,상해없음,승용,남,53세,경상
2015050900100040,2015년 5월 9일 01시,토요일,강원도 원주시 일산동,경상사고,0,0,2,0,차대차 - 기타,안전거리미확보,건조,맑음,교차로 - 교차로부근,기타불명,기타불명,기타불명,기타불명,승용,남,58세,경상
2015050900100067,2015년 5월 9일 04시,토요일,강원도 춘천시 신북읍,경상사고,0,0,1,0,차대차 - 추돌 - 주정차중,안전운전불이행,건조,맑음,단일로 - 기타,승용,남,45세,상해없음,승용,남,25세,경상
2015050900100192,2015년 5월 9일 10시,토요일,강원도 춘천시 근화동,경상사고,0,0,1,0,차대차 - 측면직각충돌,기타,건조,맑음,단일로 - 기타,화물,남,45세,상해없음,승용,여,37세,경상
2015050900100193,2015년 5월 9일 10시,토요일,강원도 원주시 소초면,경상사고,0,0,1,0,차대차 - 측면직각충돌,안전거리미확보,건조,맑음,교차로 - 교차로안,건설기계,남,28세,상해없음,화물,남,54세,경상
2015050900100194,2015년 5월 9일 10시,토요일,강원도 태백시 화전동,중상사고,0,1,0,0,차대차 - 측면직각충돌,중앙선침범,건조,맑음,단일로 - 기타,화물,남,61세,상해없음,승용,남,57세,중상
2015050900100224,2015년 5월 9일 11시,토요일,강원도 강릉시 노암동,경상사고,0,0,2,0,차대차 - 측면직각충돌,신호위반,건조,맑음,교차로 - 교차로안,승용,남,50세,상해없음,승용,여,42세,경상
2015050900100225,2015년 5월 9일 11시,토요일,강원도 원주시 단구동,경상사고,0,0,2,1,차대차 - 측면직각충돌,안전운전불이행,건조,맑음,교차로 - 교차로부근,승용,남,61세,상해없음,승합,남,60세,경상
2015050900100226,2015년 5월 9일 11시,토요일,강원도 양양군 양양읍,경상사고,0,0,4,0,차대차 - 측면직각충돌,안전거리미확보,건조,맑음,교차로 - 교차로부근,화물,남,40세,상해없음,승합,남,34세,경상
2015050900100227,2015년 5월 9일 11시,토요일,강원도 삼척시 도계읍,중상사고,0,2,0,0,차대차 - 측면직각충돌,안전운전불이행,건조,맑음,교차로 - 교차로안,승합,남,27세,상해없음,원동기,남,71세,중상
2015050900100228,2015년 5월 9일 11시,토요일,강원도 동해시 부곡동,경상사고,0,0,1,0,차대차 - 측면직각충돌,신호위반,건조,맑음,교차로 - 교차로안,승용,남,67세,상해없음,승용,남,70세,경상
2015050900100229,2015년 5월 9일 11시,토요일,강원도 동해시 효가동,경상사고,0,0,1,0,차대차 - 추돌 - 진행중,안전운전불이행,건조,맑음,단일로 - 기타,승용,여,36세,상해없음,승용,남,46세,경상
2015050900100315,2015년 5월 9일 13시,토요일,강원도 춘천시 서면,중상사고,0,1,0,0,차대차 - 측면직각충돌,중앙선침범,건조,맑음,단일로 - 기타,승용,남,63세,상해없음,이륜,남,43세,중상
2015050900100316,2015년 5월 9일 13시,토요일,강원도 강릉시 노암동,중상사고,0,1,0,0,차대차 - 측면직각충돌,안전운전불이행,건조,맑음,교차로 - 교차로안,승용,여,62세,상해없음,이륜,남,43세,중상
2015050900100317,2015년 5월 9일 13시,토요일,강원도 강릉시 입암동,경상사고,0,0,1,0,차대차 - 측면직각충돌,안전운전불이행,건조,맑음,교차로 - 교차로안,기타불명,기타불명,기타불명,기타불명,자전거,남,25세,경상
2015050900100437,2015년 5월 9일 16시,토요일,강원도 원주시 명륜동,경상사고,0,0,1,0,차대사람 - 기타,안전운전불이행,건조,맑음,단일로 - 기타,자전거,남,15세,상해없음,보행자,남,2세,경상
2015050900100438,2015년 5월 9일 16시,토요일,강원도 고성군 거진읍,경상사고,0,0,1,0,차대차 - 추돌 - 진행중,교차로운행방법위반,건조,맑음,교차로 - 교차로안,화물,남,42세,상해없음,승용,여,35세,경상
2015050900100439,2015년 5월 9일 16시,토요일,강원도 강릉시 성산면,중상사고,0,1,0,0,차량단독 - 공작물충돌,안전운전불이행,건조,흐림,단일로 - 기타,승용,남,25세,상해없음,,,,
2015050900100490,2015년 5월 9일 17시,토요일,강원도 평창군 방림면,중상사고,0,1,0,0,차대차 - 기타,차로위반,건조,맑음,단일로 - 기타,승용,여,49세,상해없음,승합,남,47세,상해없음
2015050900100532,2015년 5월 9일 18시,토요일,강원도 강릉시 교동,경상사고,0,0,3,0,차대차 - 기타,안전운전불이행,건조,맑음,교차로 - 교차로안,승용,여,26세,상해없음,화물,남,62세,경상
2015050900100533,2015년 5월 9일 18시,토요일,강원도 속초시 교동,경상사고,0,0,1,0,차대차 - 측면직각충돌,교차로운행방법위반,건조,맑음,교차로 - 교차로부근,승용,남,23세,상해없음,이륜,남,48세,경상
2015050900100534,2015년 5월 9일 18시,토요일,강원도 양양군 서면,사망사고,1,0,0,0,차량단독 - 공작물충돌,과속,건조,맑음,단일로 - 기타,이륜,남,57세,사망,,,,
2015050900100599,2015년 5월 9일 20시,토요일,강원도 속초시 동명동,경상사고,0,0,2,0,차대차 - 추돌 - 진행중,안전운전불이행,건조,맑음,단일로 - 기타,승용,남,28세,상해없음,승용,남,45세,경상
2015050900100600,2015년 5월 9일 20시,토요일,강원도 동해시 효가동,경상사고,0,0,1,0,차대차 - 측면직각충돌,차로위반,건조,맑음,단일로 - 기타,승용,여,56세,상해없음,승용,남,42세,경상
2015050900100647,2015년 5월 9일 21시,토요일,강원도 춘천시 운교동,경상사고,0,0,1,0,차대사람 - 길가장자리구역통행중,보행자보호의무위반,건조,맑음,단일로 - 기타,승용,여,30세,상해없음,보행자,남,57세,경상
2015050900100648,2015년 5월 9일 21시,토요일,강원도 정선군 고한읍,경상사고,0,0,1,0,차대차 - 측면직각충돌,안전거리미확보,건조,맑음,단일로 - 기타,승용,남,67세,상해없음,승용,남,37세,경상
2015050900100713,2015년 5월 9일 23시,토요일,강원도 원주시 단계동,경상사고,0,0,1,0,차대차 - 측면직각충돌,안전거리미확보,건조,맑음,단일로 - 기타,승용,남,29세,상해없음,승용,남,72세,경상
2015050900100714,2015년 5월 9일 23시,토요일,강원도 횡성군 횡성읍,경상사고,0,0,1,0,차대차 - 측면직각충돌,직진우회전진행방해,건조,맑음,교차로 - 교차로안,승용,여,56세,상해없음,승용,남,26세,상해없음
2015051000100048,2015년 5월 10일 02시,일요일,강원도 춘천시 교동,경상사고,0,0,1,0,차대차 - 측면직각충돌,안전운전불이행,건조,맑음,단일로 - 기타,승용,남,28세,상해없음,승용,남,54세,경상
2015051000100049,2015년 5월 10일 02시,일요일,강원도 춘천시 중앙로2가,경상사고,0,0,1,0,차대차 - 측면직각충돌,안전운전불이행,건조,맑음,교차로 - 교차로안,승용,남,23세,상해없음,승용,남,34세,상해없음
2015051000100050,2015년 5월 10일 02시,일요일,강원도 원주시 단계동,중상사고,0,3,1,0,차대차 - 측면직각충돌,신호위반,건조,맑음,교차로 - 교차로안,승용,남,23세,상해없음,승용,남,28세,중상
2015051000100074,2015년 5월 10일 04시,일요일,강원도 원주시 단계동,경상사고,0,0,4,0,차대차 - 측면직각충돌,교차로운행방법위반,건조,맑음,교차로 - 교차로안,승용,여,22세,경상,승용,남,22세,경상
2015051000100144,2015년 5월 10일 09시,일요일,강원도 평창군 평창읍,경상사고,0,0,2,0,차대차 - 추돌 - 진행중,안전운전불이행,건조,맑음,단일로 - 기타,승용,남,44세,상해없음,승용,여,56세,경상
2015051000100165,2015년 5월 10일 10시,일요일,강원도 고성군 토성면,중상사고,0,1,1,0,차대차 - 추돌 - 진행중,안전운전불이행,건조,맑음,단일로 - 터널,승용,여,32세,상해없음,승용,남,35세,경상
2015051000100201,2015년 5월 10일 11시,일요일,강원도 홍천군 홍천읍,중상사고,0,1,0,0,차대사람 - 횡단중,안전운전불이행,건조,맑음,단일로 - 기타,화물,남,55세,상해없음,보행자,남,3세,중상
2015051000100229,2015년 5월 10일 12시,일요일,강원도 속초시 조양동,경상사고,0,0,1,0,차대차 - 측면직각충돌,안전운전불이행,건조,맑음,단일로 - 기타,승용,남,78세,상해없음,승용,남,54세,상해없음
2015051000100230,2015년 5월 10일 12시,일요일,강원도 화천군 사내면,중상사고,0,1,1,0,차대사람 - 기타,안전운전불이행,건조,맑음,단일로 - 기타,이륜,남,29세,경상,보행자,남,25세,중상
2015051000100253,2015년 5월 10일 13시,일요일,강원도 원주시 단계동,경상사고,0,0,1,0,차대차 - 측면직각충돌,신호위반,건조,맑음,교차로 - 교차로안,화물,남,60세,상해없음,승용,여,48세,경상
2015051000100297,2015년 5월 10일 14시,일요일,강원도 양구군 해안면,중상사고,0,1,0,0,차대차 - 추돌 - 진행중,기타,건조,맑음,단일로 - 기타,화물,남,47세,상해없음,농기계,남,81세,중상
2015051000100335,2015년 5월 10일 15시,일요일,강원도 원주시 신림면,중상사고,0,2,1,0,차대차 - 기타,안전거리미확보,건조,맑음,교차로 - 교차로부근,승용,남,40세,상해없음,승용,여,52세,중상
2015051000100336,2015년 5월 10일 15시,일요일,강원도 철원군 김화읍,경상사고,0,0,1,0,차량단독 - 전도전복,안전운전불이행,건조,맑음,단일로 - 기타,화물,남,43세,경상,,,,
2015051000100406,2015년 5월 10일 17시,일요일,강원도 원주시 단구동,경상사고,0,0,1,0,차대사람 - 길가장자리구역통행중,안전운전불이행,건조,맑음,기타 - 기타,자전거,여,66세,상해없음,보행자,남,83세,경상
2015051000100407,2015년 5월 10일 17시,일요일,강원도 태백시 통동,부상신고사고,0,0,0,5,차대차 - 추돌 - 주정차중,안전거리미확보,건조,맑음,단일로 - 기타,화물,남,71세,상해없음,승용,남,39세,부상신고
2015051000100487,2015년 5월 10일 19시,일요일,강원도 원주시 관설동,경상사고,0,0,2,0,차대차 - 추돌 - 진행중,안전거리미확보,건조,맑음,교차로 - 교차로부근,승용,남,27세,상해없음,승용,여,45세,경상
2015051000100488,2015년 5월 10일 19시,일요일,강원도 태백시 황지동,경상사고,0,0,1,0,차대사람 - 횡단중,안전운전불이행,건조,맑음,단일로 - 기타,승용,남,48세,상해없음,보행자,남,27세,경상
2015051000100516,2015년 5월 10일 20시,일요일,강원도 춘천시 사농동,경상사고,0,0,3,0,차대차 - 측면직각충돌,안전운전불이행,건조,맑음,교차로 - 교차로안,승용,여,48세,상해없음,승용,여,46세,경상
2015051000100545,2015년 5월 10일 21시,일요일,강원도 원주시 우산동,부상신고사고,0,0,0,1,차대차 - 기타,안전운전불이행,건조,맑음,교차로 - 교차로안,기타불명,기타불명,기타불명,기타불명,자전거,남,16세,부상신고
2015051100100020,2015년 5월 11일 01시,월요일,강원도 원주시 단계동,경상사고,0,0,2,0,차대차 - 측면직각충돌,교차로운행방법위반,건조,맑음,교차로 - 교차로안,승용,남,31세,상해없음,승용,남,48세,경상
2015051100100058,2015년 5월 11일 05시,월요일,강원도 삼척시 남양동,경상사고,0,0,3,0,차대차 - 측면직각충돌,안전운전불이행,건조,맑음,교차로 - 교차로안,승용,여,34세,상해없음,승합,남,50세,경상
2015051100100165,2015년 5월 11일 09시,월요일,강원도 춘천시 후평동,경상사고,0,0,1,0,차대차 - 측면직각충돌,안전운전불이행,건조,맑음,교차로 - 교차로안,승용,남,68세,상해없음,자전거,남,90세 이상,경상
2015051100100166,2015년 5월 11일 09시,월요일,강원도 동해시 천곡동,경상사고,0,0,1,0,차대차 - 측면직각충돌,안전운전불이행,건조,맑음,교차로 - 교차로부근,승용,남,52세,상해없음,승용,남,70세,경상
2015051100100203,2015년 5월 11일 10시,월요일,강원도 원주시 명륜동,부상신고사고,0,0,0,1,차대차 - 측면직각충돌,안전운전불이행,건조,맑음,단일로 - 기타,화물,남,51세,상해없음,승용,여,31세,부상신고
2015051100100204,2015년 5월 11일 10시,월요일,강원도 태백시 황지동,중상사고,0,1,1,0,차대사람 - 보도통행중,안전운전불이행,건조,맑음,단일로 - 교량,화물,남,45세,중상,보행자,여,74세,경상
2015051100100239,2015년 5월 11일 11시,월요일,강원도 원주시 호저면,경상사고,0,0,1,0,차대차 - 추돌 - 진행중,안전거리미확보,건조,맑음,단일로 - 기타,화물,남,29세,상해없음,화물,남,53세,경상
2015051100100273,2015년 5월 11일 12시,월요일,강원도 원주시 소초면,중상사고,0,1,4,0,차대차 - 추돌 - 주정차중,안전운전불이행,건조,맑음,단일로 - 기타,승합,남,52세,상해없음,승용,여,57세,중상
2015051100100274,2015년 5월 11일 12시,월요일,강원도 속초시 대포동,경상사고,0,0,2,0,차대차 - 측면직각충돌,안전운전불이행,건조,맑음,교차로 - 교차로부근,승용,남,50세,상해없음,화물,남,72세,경상
2015051100100297,2015년 5월 11일 13시,월요일,강원도 원주시 지정면,중상사고,0,1,0,0,차대차 - 측면직각충돌,중앙선침범,건조,맑음,단일로 - 기타,승용,남,35세,상해없음,이륜,남,55세,중상
2015051100100298,2015년 5월 11일 13시,월요일,강원도 원주시 우산동,경상사고,0,0,1,0,차대차 - 정면충돌,안전운전불이행,건조,맑음,단일로 - 기타,이륜,남,23세,경상,승용,남,57세,상해없음
2015051100100299,2015년 5월 11일 13시,월요일,강원도 동해시 평릉동,경상사고,0,0,1,0,차대차 - 측면직각충돌,안전운전불이행,건조,맑음,단일로 - 기타,승용,남,70세,상해없음,원동기,남,77세,경상
2015051100100344,2015년 5월 11일 14시,월요일,강원도 횡성군 둔내면,사망사고,1,1,1,0,차대차 - 추돌 - 진행중,안전운전불이행,건조,흐림,단일로 - 기타,화물,남,56세,상해없음,화물,남,63세,경상
2015051100100380,2015년 5월 11일 15시,월요일,강원도 원주시 태장동,경상사고,0,0,1,0,차대차 - 측면직각충돌,안전운전불이행,건조,맑음,단일로 - 기타,화물,남,51세,상해없음,승용,남,43세,경상
2015051100100381,2015년 5월 11일 15시,월요일,강원도 고성군 토성면,경상사고,0,0,2,0,차대차 - 추돌 - 진행중,안전운전불이행,건조,맑음,교차로 - 교차로안,승용,여,47세,상해없음,화물,남,20세,경상
2015051100100457,2015년 5월 11일 17시,월요일,강원도 춘천시 효자동,경상사고,0,0,4,0,차대차 - 측면직각충돌,교차로운행방법위반,건조,맑음,교차로 - 교차로안,화물,남,75세,상해없음,승용,여,29세,경상
2015051100100507,2015년 5월 11일 18시,월요일,강원도 춘천시 퇴계동,경상사고,0,0,1,0,차대사람 - 보도통행중,안전운전불이행,건조,맑음,단일로 - 기타,이륜,남,29세,상해없음,보행자,남,13세,경상
2015051100100508,2015년 5월 11일 18시,월요일,강원도 원주시 우산동,경상사고,0,0,1,0,차대차 - 측면직각충돌,안전운전불이행,건조,맑음,교차로 - 교차로안,승용,여,50세,상해없음,승용,남,39세,경상
2015051100100509,2015년 5월 11일 18시,월요일,강원도 원주시 행구동,중상사고,0,1,3,0,차대차 - 측면직각충돌,신호위반,건조,맑음,교차로 - 교차로안,승용,여,31세,경상,화물,남,60세,경상
2015051100100560,2015년 5월 11일 19시,월요일,강원도 춘천시 중앙로3가,중상사고,0,1,0,0,차대사람 - 길가장자리구역통행중,기타,건조,맑음,단일로 - 기타,승합,남,63세,상해없음,보행자,여,53세,중상
2015051100100561,2015년 5월 11일 19시,월요일,강원도 철원군 근남면,부상신고사고,0,0,0,1,차량단독 - 전도전복,안전운전불이행,건조,맑음,단일로 - 기타,화물,남,36세,상해없음,,,,
2015051100100631,2015년 5월 11일 20시,월요일,강원도 원주시 흥업면,경상사고,0,0,2,0,차대차 - 추돌 - 진행중,안전거리미확보,습기,비,교차로 - 교차로부근,승용,남,26세,상해없음,승용,남,25세,경상
2015051100100632,2015년 5월 11일 20시,월요일,강원도 원주시 관설동,경상사고,0,0,1,0,차대차 - 측면직각충돌,안전운전불이행,습기,비,단일로 - 기타,승용,남,36세,상해없음,이륜,남,20세,경상
2015051100100633,2015년 5월 11일 20시,월요일,강원도 홍천군 화촌면,경상사고,0,0,1,0,차대차 - 기타,중앙선침범,습기,비,단일로 - 기타,화물,남,24세,상해없음,승용,남,61세,경상
2015051100100689,2015년 5월 11일 21시,월요일,강원도 춘천시 중앙로3가,경상사고,0,0,1,0,차대차 - 측면직각충돌,안전운전불이행,습기,비,교차로 - 교차로안,승용,남,39세,상해없음,승용,남,41세,경상
2015051100100690,2015년 5월 11일 21시,월요일,강원도 춘천시 석사동,경상사고,0,0,1,0,차대차 - 측면직각충돌,안전운전불이행,습기,비,단일로 - 기타,승용,여,55세,상해없음,승용,남,45세,상해없음
2015051100100691,2015년 5월 11일 21시,월요일,강원도 강릉시 노암동,중상사고,0,1,0,0,차대사람 - 기타,안전운전불이행,건조,맑음,교차로 - 교차로부근,승용,여,34세,상해없음,보행자,남,50세,중상
2015051100100692,2015년 5월 11일 21시,월요일,강원도 원주시 명륜동,중상사고,0,1,0,0,차대사람 - 횡단중,보행자보호의무위반,건조,맑음,단일로 - 횡단보도상,이륜,남,27세,상해없음,보행자,여,26세,중상
2015051100100693,2015년 5월 11일 21시,월요일,강원도 홍천군 서면,경상사고,0,0,1,0,차대차 - 측면직각충돌,차로위반,습기,비,단일로 - 기타,승용,남,58세,상해없음,승용,남,25세,경상
2015051100100755,2015년 5월 11일 22시,월요일,강원도 원주시 단계동,중상사고,0,1,1,0,차대차 - 측면직각충돌,안전운전불이행,습기,비,단일로 - 기타,화물,남,58세,상해없음,승용,남,37세,경상
2015051100100756,2015년 5월 11일 22시,월요일,강원도 원주시 개운동,경상사고,0,0,2,0,차대차 - 추돌 - 주정차중,안전거리미확보,건조,맑음,교차로 - 교차로부근,승용,남,47세,상해없음,승용,남,57세,경상
2015051100100811,2015년 5월 11일 23시,월요일,강원도 속초시 조양동,중상사고,0,1,0,0,차대사람 - 횡단중,보행자보호의무위반,습기,비,교차로 - 교차로부근,화물,남,32세,상해없음,보행자,여,22세,중상
2015051200100022,2015년 5월 12일 00시,화요일,강원도 강릉시 왕산면,경상사고,0,0,2,0,차대차 - 추돌 - 진행중,안전운전불이행,습기,비,단일로 - 터널,승용,남,23세,상해없음,화물,남,46세,경상
2015051200100064,2015년 5월 12일 02시,화요일,강원도 원주시 단계동,경상사고,0,0,2,0,차대차 - 기타,안전운전불이행,습기,비,단일로 - 기타,화물,남,43세,상해없음,승용,여,44세,경상
2015051200100080,2015년 5월 12일 03시,화요일,강원도 철원군 갈말읍,경상사고,0,0,1,0,차량단독 - 도로외이탈 - 추락,안전운전불이행,습기,비,단일로 - 기타,화물,남,69세,경상,,,,
2015051200100096,2015년 5월 12일 04시,화요일,강원도 원주시 단계동,중상사고,0,1,1,0,차대차 - 측면직각충돌,교차로운행방법위반,건조,맑음,교차로 - 교차로안,승용,남,31세,상해없음,승용,남,50세,경상
2015051200100097,2015년 5월 12일 04시,화요일,강원도 동해시 천곡동,중상사고,0,3,2,0,차대차 - 측면직각충돌,신호위반,습기,비,교차로 - 교차로안,승용,여,53세,상해없음,승용,남,57세,경상
2015051200100310,2015년 5월 12일 12시,화요일,강원도 원주시 평원동,경상사고,0,0,1,0,차대사람 - 길가장자리구역통행중,안전운전불이행,건조,맑음,교차로 - 교차로안,승용,남,40세,상해없음,보행자,남,70세,경상
2015051200100311,2015년 5월 12일 12시,화요일,강원도 원주시 중앙동,중상사고,0,1,0,0,차대사람 - 기타,안전운전불이행,건조,맑음,교차로 - 교차로안,화물,여,50세,상해없음,보행자,남,54세,중상
2015051200100341,2015년 5월 12일 13시,화요일,강원도 춘천시 우두동,경상사고,0,0,1,0,차대사람 - 길가장자리구역통행중,안전운전불이행,건조,맑음,단일로 - 기타,화물,남,60세,상해없음,보행자,남,45세,경상
2015051200100374,2015년 5월 12일 14시,화요일,강원도 춘천시 신동면,중상사고,0,2,1,0,차대차 - 측면직각충돌,안전운전불이행,건조,맑음,단일로 - 기타,승용,남,18세,중상,승용,여,33세,경상
2015051200100395,2015년 5월 12일 15시,화요일,강원도 원주시 봉산동,경상사고,0,0,2,0,차대차 - 추돌 - 주정차중,안전운전불이행,건조,맑음,교차로 - 교차로부근,승용,남,51세,상해없음,승용,여,62세,경상
2015051200100430,2015년 5월 12일 16시,화요일,강원도 춘천시 약사동,경상사고,0,0,1,0,차대사람 - 횡단중,보행자보호의무위반,습기,비,교차로 - 교차로부근,승용,남,64세,상해없음,보행자,여,9세,경상
2015051200100461,2015년 5월 12일 17시,화요일,강원도 강릉시 포남동,경상사고,0,0,1,0,차대사람 - 기타,안전운전불이행,건조,맑음,단일로 - 기타,자전거,남,9세,상해없음,보행자,여,6세,경상
2015051200100462,2015년 5월 12일 17시,화요일,강원도 동해시 천곡동,경상사고,0,0,1,0,차대차 - 측면직각충돌,교차로운행방법위반,건조,맑음,교차로 - 교차로안,승용,남,54세,상해없음,승용,남,50세,상해없음
2015051200100499,2015년 5월 12일 18시,화요일,강원도 강릉시 노암동,경상사고,0,0,2,0,차대차 - 측면직각충돌,안전운전불이행,건조,맑음,단일로 - 기타,승용,여,68세,경상,승용,여,35세,경상
2015051200100500,2015년 5월 12일 18시,화요일,강원도 정선군 사북읍,경상사고,0,0,1,0,차대사람 - 횡단중,보행자보호의무위반,건조,맑음,단일로 - 기타,승용,남,47세,상해없음,보행자,여,43세,경상
2015051200100537,2015년 5월 12일 19시,화요일,강원도 원주시 단계동,경상사고,0,0,1,0,차대사람 - 횡단중,보행자보호의무위반,습기,비,단일로 - 횡단보도상,승용,남,28세,상해없음,보행자,여,22세,경상
2015051200100608,2015년 5월 12일 21시,화요일,강원도 춘천시 석사동,경상사고,0,0,1,0,차대사람 - 횡단중,안전운전불이행,건조,맑음,교차로 - 교차로안,승용,여,47세,상해없음,보행자,여,16세,경상
2015051200100609,2015년 5월 12일 21시,화요일,강원도 강릉시 주문진읍,경상사고,0,0,1,0,차대차 - 추돌 - 진행중,안전운전불이행,건조,맑음,단일로 - 기타,승용,남,76세,상해없음,이륜,남,17세,경상
2015051200100610,2015년 5월 12일 21시,화요일,강원도 강릉시 노암동,경상사고,0,0,1,0,차대차 - 추돌 - 진행중,안전운전불이행,건조,맑음,교차로 - 교차로안,승용,남,59세,상해없음,승용,남,19세,경상
2015051300100077,2015년 5월 13일 06시,수요일,강원도 강릉시 포남동,경상사고,0,0,1,0,차대차 - 기타,직진우회전진행방해,건조,맑음,교차로 - 교차로안,승용,여,50세,상해없음,승합,남,39세,경상
2015051300100078,2015년 5월 13일 06시,수요일,강원도 삼척시 성남동,중상사고,0,1,0,0,차대차 - 측면직각충돌,안전운전불이행,건조,맑음,단일로 - 기타,건설기계,남,63세,상해없음,이륜,남,62세,중상