사고번호,사고일시,요일,시군구,사고내용,사망자수,중상자수,경상자수,부상신고자수,사고유형,법규위반,노면상태,기상상태,도로형태,가해운전자 차종,가해운전자 성별,가해운전자 연령,가해운전자 상해정도,피해운전자 차종,피해운전자 성별,피해운전자 연령,피해운전자 상해정도
2015051300100106,2015년 5월 13일 07시,수요일,강원도 원주시 문막읍,경상사고,0,0,4,0,차대차 - 측면직각충돌,직진우회전진행방해,건조,맑음,교차로 - 교차로안,승용,남,31세,상해없음,화물,남,59세,경상
2015051300100149,2015년 5월 13일 08시,수요일,강원도 삼척시 도계읍,중상사고,0,2,0,0,차량단독 - 도로외이탈 - 기타,안전운전불이행,건조,맑음,단일로 - 기타,승용,남,73세,중상,,,,
2015051300100213,2015년 5월 13일 09시,수요일,강원도 양양군 현남면,경상사고,0,0,1,0,차대차 - 정면충돌,중앙선침범,건조,맑음,단일로 - 기타,자전거,남,80세,경상,승용,여,62세,상해없음
2015051300100243,2015년 5월 13일 10시,수요일,강원도 강릉시 옥천동,중상사고,0,1,1,0,차대차 - 추돌 - 주정차중,안전운전불이행,건조,맑음,교차로 - 교차로안,승용,여,52세,상해없음,승용,여,55세,경상
2015051300100284,2015년 5월 13일 11시,수요일,강원도 원주시 단계동,경상사고,0,0,1,0,차대차 - 측면직각충돌,안전운전불이행,건조,맑음,교차로 - 교차로안,승합,남,47세,상해없음,승용,남,44세,경상
2015051300100285,2015년 5월 13일 11시,수요일,강원도 원주시 단구동,경상사고,0,0,1,0,차대차 - 측면직각충돌,안전운전불이행,건조,맑음,교차로 - 교차로안,승합,남,38세,상해없음,이륜,남,25세,경상
2015051300100286,2015년 5월 13일 11시,수요일,강원도 속초시 교동,경상사고,0,0,1,0,차대차 - 정면충돌,교차로운행방법위반,건조,맑음,교차로 - 교차로부근,승용,남,43세,상해없음,승용,남,80세,상해없음
2015051300100334,2015년 5월 13일 13시,수요일,강원도 원주시 봉산동,경상사고,0,0,1,0,차대차 - 기타,교차로운행방법위반,건조,맑음,교차로 - 교차로안,원동기,남,69세,경상,승용,남,55세,상해없음
2015051300100365,2015년 5월 13일 14시,수요일,강원도 강릉시 옥천동,경상사고,0,0,1,0,차대차 - 추돌 - 진행중,안전운전불이행,건조,맑음,단일로 - 기타,승용,여,63세,상해없음,승용,남,47세,경상
2015051300100366,2015년 5월 13일 14시,수요일,강원도 동해시 천곡동,경상사고,0,0,1,0,차대차 - 측면직각충돌,신호위반,건조,맑음,교차로 - 교차로안,승용,남,65세,상해없음,승용,남,44세,경상
2015051300100412,2015년 5월 13일 15시,수요일,강원도 철원군 동송읍,경상사고,0,0,1,0,차대차 - 기타,안전운전불이행,건조,맑음,단일로 - 기타,화물,남,51세,상해없음,승용,여,57세,경상
2015051300100496,2015년 5월 13일 17시,수요일,강원도 삼척시 남양동,경상사고,0,0,2,0,차대차 - 측면직각충돌,안전운전불이행,건조,맑음,교차로 - 교차로안,승용,남,42세,상해없음,승용,남,23세,경상
2015051300100538,2015년 5월 13일 18시,수요일,강원도 춘천시 효자동,중상사고,0,1,0,0,차대사람 - 횡단중,안전운전불이행,건조,맑음,단일로 - 횡단보도상,승용,기타불명,기타불명,기타불명,보행자,남,63세,중상
2015051300100539,2015년 5월 13일 18시,수요일,강원도 속초시 대포동,경상사고,0,0,2,0,차대차 - 측면직각충돌,교차로운행방법위반,건조,맑음,교차로 - 교차로부근,승용,여,48세,상해없음,원동기,남,67세,경상
2015051300100587,2015년 5월 13일 19시,수요일,강원도 춘천시 석사동,경상사고,0,0,1,0,차대차 - 측면직각충돌,안전운전불이행,건조,맑음,단일로 - 기타,승용,남,51세,상해없음,이륜,남,21세,경상
2015051300100588,2015년 5월 13일 19시,수요일,강원도 원주시 개운동,경상사고,0,0,3,0,차대차 - 추돌 - 주정차중,안전운전불이행,건조,맑음,교차로 - 교차로부근,승용,남,61세,상해없음,승용,남,31세,경상
2015051300100613,2015년 5월 13일 20시,수요일,강원도 강릉시 성남동,중상사고,0,1,0,0,차대차 - 측면직각충돌,안전운전불이행,건조,맑음,교차로 - 교차로부근,승용,남,68세,상해없음,이륜,남,78세,중상
2015051300100653,2015년 5월 13일 21시,수요일,강원도 춘천시 퇴계동,중상사고,0,1,0,0,차대사람 - 기타,안전운전불이행,건조,맑음,기타 - 기타,승용,여,48세,상해없음,보행자,여,39세,중상
2015051300100700,2015년 5월 13일 23시,수요일,강원도 원주시 단계동,경상사고,0,0,4,0,차대차 - 추돌 - 주정차중,안전거리미확보,건조,맑음,교차로 - 교차로부근,승용,남,41세,상해없음,승용,여,45세,경상
2015051400100083,2015년 5월 14일 07시,목요일,강원도 원주시 관설동,경상사고,0,0,2,0,차대차 - 기타,교차로운행방법위반,건조,맑음,교차로 - 교차로안,승용,남,43세,상해없음,승용,남,48세,경상
2015051400100084,2015년 5월 14일 07시,목요일,강원도 홍천군 동면,경상사고,0,0,2,0,차대차 - 추돌 - 진행중,안전운전불이행,건조,맑음,단일로 - 터널,승용,남,23세,경상,승용,남,45세,상해없음
2015051400100125,2015년 5월 14일 08시,목요일,강원도 화천군 사내면,중상사고,0,1,3,0,차대차 - 기타,안전운전불이행,건조,맑음,교차로 - 교차로안,승용,여,44세,중상,승용,여,31세,경상
2015051400100199,2015년 5월 14일 10시,목요일,강원도 원주시 학성동,경상사고,0,0,1,0,차대차 - 측면직각충돌,안전거리미확보,건조,맑음,단일로 - 기타,승용,남,71세,상해없음,승용,남,45세,경상
2015051400100219,2015년 5월 14일 11시,목요일,강원도 평창군 진부면,경상사고,0,0,1,0,차대사람 - 횡단중,안전운전불이행,건조,맑음,기타 - 기타,이륜,남,77세,상해없음,보행자,여,77세,경상
2015051400100236,2015년 5월 14일 12시,목요일,강원도 춘천시 온의동,경상사고,0,0,1,0,차대차 - 측면직각충돌,안전운전불이행,건조,맑음,교차로 - 교차로부근,이륜,남,47세,상해없음,승용,여,42세,경상
2015051400100268,2015년 5월 14일 13시,목요일,강원도 영월군 남면,중상사고,0,12,2,0,차량단독 - 공작물충돌,안전운전불이행,건조,맑음,단일로 - 기타,승합,남,40세,상해없음,,,,
2015051400100298,2015년 5월 14일 14시,목요일,강원도 춘천시 칠전동,중상사고,0,2,5,0,차대차 - 추돌 - 진행중,안전운전불이행,건조,맑음,단일로 - 기타,승용,남,54세,상해없음,승용,남,60세,경상
2015051400100299,2015년 5월 14일 14시,목요일,강원도 강릉시 교동,경상사고,0,0,1,0,차대사람 - 기타,안전운전불이행,건조,맑음,단일로 - 기타,승용,남,62세,상해없음,보행자,여,19세,경상
2015051400100300,2015년 5월 14일 14시,목요일,강원도 영월군 영월읍,중상사고,0,1,1,0,차대차 - 추돌 - 진행중,안전운전불이행,건조,맑음,단일로 - 교량,승용,남,55세,상해없음,화물,남,72세,경상
2015051400100395,2015년 5월 14일 17시,목요일,강원도 춘천시 동내면,경상사고,0,0,1,0,차대차 - 측면직각충돌,신호위반,건조,맑음,교차로 - 교차로안,승용,남,23세,상해없음,승용,여,56세,경상
2015051400100396,2015년 5월 14일 17시,목요일,강원도 원주시 흥업면,경상사고,0,0,1,0,차량단독 - 공작물충돌,안전운전불이행,건조,맑음,기타 - 기타,화물,남,63세,상해없음,,,,
2015051400100432,2015년 5월 14일 18시,목요일,강원도 강릉시 청량동,경상사고,0,0,1,0,차대차 - 기타,안전운전불이행,건조,맑음,교차로 - 교차로안,승용,여,42세,상해없음,화물,남,41세,경상
2015051400100433,2015년 5월 14일 18시,목요일,강원도 원주시 문막읍,경상사고,0,0,1,0,차대차 - 기타,신호위반,건조,맑음,교차로 - 교차로안,승용,남,31세,상해없음,승용,남,26세,경상
2015051400100487,2015년 5월 14일 19시,목요일,강원도 속초시 동명동,중상사고,0,1,0,0,차대사람 - 기타,안전운전불이행,건조,맑음,단일로 - 기타,자전거,남,16세,상해없음,보행자,여,54세,중상
2015051400100488,2015년 5월 14일 19시,목요일,강원도 삼척시 당저동,경상사고,0,0,2,0,차대사람 - 횡단중,보행자보호의무위반,건조,맑음,단일로 - 횡단보도상,승용,남,47세,상해없음,보행자,여,18세,경상
2015051400100515,2015년 5월 14일 20시,목요일,강원도 춘천시 동면,경상사고,0,0,1,1,차대차 - 추돌 - 진행중,안전운전불이행,건조,맑음,단일로 - 교량,승용,남,50세,부상신고,승용,남,38세,경상
2015051400100516,2015년 5월 14일 20시,목요일,강원도 원주시 명륜동,경상사고,0,0,1,0,차대사람 - 횡단중,안전운전불이행,건조,맑음,단일로 - 기타,자전거,남,73세,기타불명,보행자,여,18세,경상
2015051400100557,2015년 5월 14일 21시,목요일,강원도 속초시 중앙동,중상사고,0,1,0,0,차대차 - 추돌 - 진행중,안전운전불이행,건조,맑음,교차로 - 교차로안,승용,남,59세,상해없음,자전거,남,23세,중상
2015051400100619,2015년 5월 14일 23시,목요일,강원도 강릉시 남문동,경상사고,0,0,1,0,차량단독 - 전도전복,안전운전불이행,건조,맑음,단일로 - 기타,원동기,남,17세,상해없음,,,,
2015051500100011,2015년 5월 15일 00시,금요일,강원도 춘천시 효자동,경상사고,0,0,1,0,차대사람 - 길가장자리구역통행중,안전운전불이행,건조,맑음,단일로 - 기타,승용,남,24세,상해없음,보행자,남,49세,경상
2015051500100036,2015년 5월 15일 01시,금요일,강원도 원주시 단구동,부상신고사고,0,0,0,1,차대차 - 기타,안전운전불이행,건조,맑음,단일로 - 기타,기타불명,기타불명,기타불명,기타불명,이륜,남,21세,부상신고
2015051500100093,2015년 5월 15일 06시,금요일,강원도 동해시 묵호진동,경상사고,0,0,1,0,차대사람 - 횡단중,안전운전불이행,건조,맑음,단일로 - 기타,승용,남,62세,상해없음,보행자,여,74세,경상
2015051500100116,2015년 5월 15일 07시,금요일,강원도 춘천시 남산면,중상사고,0,1,0,0,차량단독 - 공작물충돌,안전운전불이행,건조,맑음,교차로 - 교차로부근,승용,남,44세,중상,,,,
2015051500100152,2015년 5월 15일 08시,금요일,강원도 춘천시 후평동,경상사고,0,0,1,0,차대차 - 측면직각충돌,안전운전불이행,건조,맑음,교차로 - 교차로부근,승용,남,69세,상해없음,승용,남,31세,경상
2015051500100153,2015년 5월 15일 08시,금요일,강원도 양양군 강현면,경상사고,0,0,1,0,차대차 - 추돌 - 진행중,안전운전불이행,건조,맑음,단일로 - 기타,승용,여,70세,상해없음,원동기,남,38세,경상
2015051500100251,2015년 5월 15일 11시,금요일,강원도 원주시 지정면,경상사고,0,0,1,0,차대차 - 측면직각충돌,교차로운행방법위반,건조,맑음,교차로 - 교차로안,승용,여,39세,상해없음,특수,남,64세,경상
2015051500100252,2015년 5월 15일 11시,금요일,강원도 원주시 평원동,중상사고,0,1,2,0,차대차 - 측면직각충돌,안전운전불이행,건조,맑음,단일로 - 기타,승용,남,78세,경상,화물,남,49세,경상
2015051500100253,2015년 5월 15일 11시,금요일,강원도 태백시 황지동,중상사고,0,1,0,0,차대사람 - 길가장자리구역통행중,안전운전불이행,건조,맑음,교차로 - 교차로부근,승용,남,49세,상해없음,보행자,남,43세,중상
2015051500100254,2015년 5월 15일 11시,금요일,강원도 횡성군 청일면,경상사고,0,0,1,0,차량단독 - 도로외이탈 - 추락,안전운전불이행,건조,맑음,단일로 - 기타,승용,남,23세,상해없음,,,,
2015051500100296,2015년 5월 15일 12시,금요일,강원도 춘천시 칠전동,경상사고,0,0,1,0,차대차 - 추돌 - 주정차중,안전운전불이행,건조,맑음,교차로 - 교차로부근,승용,남,79세,상해없음,승용,여,48세,경상
2015051500100297,2015년 5월 15일 12시,금요일,강원도 평창군 대화면,경상사고,0,0,1,0,차대차 - 측면직각충돌,안전운전불이행,건조,맑음,단일로 - 기타,승합,남,52세,상해없음,승용,여,61세,상해없음
2015051500100298,2015년 5월 15일 12시,금요일,강원도 태백시 통동,중상사고,0,1,0,1,차대사람 - 횡단중,보행자보호의무위반,건조,흐림,교차로 - 교차로안,이륜,남,71세,부상신고,보행자,여,58세,중상
2015051500100323,2015년 5월 15일 13시,금요일,강원도 원주시 흥업면,부상신고사고,0,0,0,1,차대차 - 측면직각충돌,교차로운행방법위반,건조,맑음,교차로 - 교차로안,화물,남,61세,부상신고,화물,남,57세,상해없음
2015051500100324,2015년 5월 15일 13시,금요일,강원도 양양군 양양읍,경상사고,0,0,1,0,차대사람 - 횡단중,보행자보호의무위반,건조,맑음,단일로 - 기타,승용,여,67세,상해없음,보행자,여,15세,경상
2015051500100325,2015년 5월 15일 13시,금요일,강원도 철원군 철원읍,경상사고,0,0,2,0,차대차 - 측면직각충돌,안전운전불이행,건조,맑음,교차로 - 교차로안,원동기,남,15세,상해없음,승용,여,26세,경상
2015051500100326,2015년 5월 15일 13시,금요일,강원도 동해시 부곡동,중상사고,0,1,0,0,차대차 - 측면직각충돌,안전운전불이행,건조,맑음,교차로 - 교차로안,승용,남,52세,상해없음,자전거,남,17세,중상
2015051500100351,2015년 5월 15일 14시,금요일,강원도 강릉시 입암동,경상사고,0,0,1,0,차대차 - 기타,기타,건조,맑음,단일로 - 기타,승용,남,49세,상해없음,자전거,남,80세,경상
2015051500100352,2015년 5월 15일 14시,금요일,강원도 삼척시 오분동,경상사고,0,0,3,0,차대차 - 측면직각충돌,안전운전불이행,건조,맑음,단일로 - 기타,승용,남,73세,상해없음,승용,남,58세,경상
2015051500100394,2015년 5월 15일 15시,금요일,강원도 춘천시 온의동,경상사고,0,0,1,0,차대사람 - 길가장자리구역통행중,보행자보호의무위반,건조,맑음,단일로 - 횡단보도상,승용,남,56세,상해없음,보행자,남,48세,경상
2015051500100422,2015년 5월 15일 16시,금요일,강원도 춘천시 동내면,중상사고,0,1,2,0,차대차 - 측면직각충돌,안전운전불이행,건조,맑음,단일로 - 기타,승용,남,50세,상해없음,승용,남,29세,중상
2015051500100424,2015년 5월 15일 16시,금요일,강원도 동해시 천곡동,중상사고,0,1,0,0,차대사람 - 횡단중,신호위반,건조,맑음,교차로 - 교차로부근,승용,여,54세,상해없음,보행자,남,7세,중상
2015051500100464,2015년 5월 15일 17시,금요일,강원도 원주시 단구동,경상사고,0,0,1,0,차대사람 - 횡단중,신호위반,건조,맑음,단일로 - 기타,승용,여,68세,상해없음,보행자,남,11세,경상
2015051500100465,2015년 5월 15일 17시,금요일,강원도 동해시 천곡동,중상사고,0,1,0,0,차대차 - 추돌 - 진행중,안전거리미확보,건조,맑음,교차로 - 교차로부근,승용,여,37세,상해없음,승용,여,48세,중상
2015051500100511,2015년 5월 15일 18시,금요일,강원도 원주시 명륜동,부상신고사고,0,0,0,1,차대차 - 측면직각충돌,교차로운행방법위반,건조,맑음,교차로 - 교차로안,이륜,남,22세,부상신고,승용,남,38세,상해없음
2015051500100512,2015년 5월 15일 18시,금요일,강원도 횡성군 우천면,경상사고,0,0,1,0,차량단독 - 도로외이탈 - 추락,안전운전불이행,건조,맑음,교차로 - 교차로안,승용,남,71세,경상,,,,
2015051500100563,2015년 5월 15일 19시,금요일,강원도 철원군 갈말읍,중상사고,0,1,0,0,차대사람 - 횡단중,안전운전불이행,건조,맑음,교차로 - 교차로부근,승용,남,31세,상해없음,보행자,여,13세,중상
2015051500100644,2015년 5월 15일 21시,금요일,강원도 강릉시 입암동,경상사고,0,0,1,0,차대사람 - 기타,안전운전불이행,건조,맑음,단일로 - 기타,자전거,남,24세,상해없음,보행자,여,31세,경상
2015051500100645,2015년 5월 15일 21시,금요일,강원도 동해시 천곡동,경상사고,0,0,5,0,차대차 - 측면직각충돌,신호위반,건조,흐림,교차로 - 교차로안,승용,남,37세,상해없음,승용,남,43세,경상
2015051500100706,2015년 5월 15일 22시,금요일,강원도 춘천시 후평동,부상신고사고,0,0,0,1,차대차 - 측면직각충돌,안전운전불이행,건조,맑음,교차로 - 교차로부근,승용,여,55세,상해없음,승용,남,33세,부상신고
2015051500100750,2015년 5월 15일 23시,금요일,강원도 인제군 인제읍,중상사고,0,2,0,0,차대차 - 측면직각충돌,중앙선침범,건조,맑음,단일로 - 기타,승용,남,32세,상해없음,승용,남,24세,중상
2015051500100751,2015년 5월 15일 23시,금요일,강원도 동해시 부곡동,경상사고,0,0,5,0,차대차 - 정면충돌,신호위반,건조,맑음,교차로 - 교차로안,승용,여,54세,상해없음,승용,여,47세,경상
2015051600100115,2015년 5월 16일 05시,토요일,강원도 원주시 단계동,경상사고,0,0,1,0,차대차 - 추돌 - 진행중,기타,건조,맑음,단일로 - 기타,화물,여,52세,상해없음,승용,여,40세,경상
2015051600100148,2015년 5월 16일 07시,토요일,강원도 속초시 조양동,경상사고,0,0,1,0,차대차 - 측면직각충돌,신호위반,건조,맑음,교차로 - 교차로안,화물,남,60세,상해없음,승용,남,30세,경상
2015051600100149,2015년 5월 16일 07시,토요일,강원도 횡성군 청일면,중상사고,0,1,0,0,차대차 - 측면직각충돌,안전운전불이행,건조,맑음,교차로 - 교차로안,농기계,남,64세,상해없음,화물,여,46세,중상
2015051600100178,2015년 5월 16일 08시,토요일,강원도 강릉시 교동,중상사고,0,1,0,0,차대차 - 기타,안전운전불이행,건조,맑음,단일로 - 기타,승합,남,51세,상해없음,승용,여,38세,상해없음
2015051600100236,2015년 5월 16일 10시,토요일,강원도 영월군 영월읍,사망사고,1,0,0,0,차대사람 - 횡단중,보행자보호의무위반,건조,맑음,단일로 - 횡단보도상,승용,남,49세,상해없음,보행자,남,7세,사망
2015051600100268,2015년 5월 16일 11시,토요일,강원도 원주시 문막읍,경상사고,0,0,4,0,차대차 - 기타,중앙선침범,건조,맑음,단일로 - 기타,화물,남,63세,기타불명,승용,남,26세,경상
2015051600100269,2015년 5월 16일 11시,토요일,강원도 횡성군 횡성읍,중상사고,0,1,0,0,차량단독 - 도로외이탈 - 추락,안전운전불이행,건조,맑음,단일로 - 기타,농기계,남,70세,중상,,,,
2015051600100357,2015년 5월 16일 13시,토요일,강원도 횡성군 횡성읍,중상사고,0,1,0,0,차대사람 - 횡단중,안전운전불이행,건조,맑음,단일로 - 교량,승용,남,41세,상해없음,보행자,여,46세,중상
2015051600100399,2015년 5월 16일 14시,토요일,강원도 원주시 일산동,경상사고,0,0,1,0,차대차 - 추돌 - 진행중,안전운전불이행,건조,맑음,단일로 - 기타,승합,남,56세,상해없음,승용,남,54세,상해없음
2015051600100400,2015년 5월 16일 14시,토요일,강원도 태백시 하사미동,중상사고,0,1,1,0,차대차 - 측면직각충돌,교차로운행방법위반,건조,맑음,교차로 - 교차로안,화물,남,48세,상해없음,승용,남,60세,경상
2015051600100486,2015년 5월 16일 16시,토요일,강원도 강릉시 옥천동,경상사고,0,0,1,0,차대차 - 기타,안전운전불이행,건조,맑음,단일로 - 기타,승용,여,63세,상해없음,승용,남,35세,상해없음
2015051600100487,2015년 5월 16일 16시,토요일,강원도 삼척시 당저동,중상사고,0,1,0,0,차대차 - 측면직각충돌,안전운전불이행,건조,맑음,교차로 - 교차로안,승용,남,62세,상해없음,원동기,남,59세,중상
2015051600100488,2015년 5월 16일 16시,토요일,강원도 홍천군 화촌면,중상사고,0,2,0,0,차대차 - 추돌 - 진행중,안전운전불이행,건조,맑음,단일로 - 기타,승용,여,41세,상해없음,승용,남,57세,중상
2015051600100489,2015년 5월 16일 16시,토요일,강원도 고성군 토성면,경상사고,0,0,1,0,차대차 - 추돌 - 진행중,중앙선침범,건조,맑음,단일로 - 기타,자전거,남,71세,상해없음,승용,남,62세,경상
2015051600100490,2015년 5월 16일 16시,토요일,강원도 동해시 쇄운동,경상사고,0,0,1,0,차대사람 - 길가장자리구역통행중,안전운전불이행,건조,맑음,단일로 - 기타,승용,남,37세,상해없음,보행자,남,10세,경상
2015051600100540,2015년 5월 16일 17시,토요일,강원도 원주시 태장동,경상사고,0,0,1,0,차대차 - 추돌 - 주정차중,불법유턴,건조,맑음,단일로 - 기타,승용,남,49세,상해없음,이륜,남,23세,경상
2015051600100541,2015년 5월 16일 17시,토요일,강원도 속초시 교동,부상신고사고,0,0,0,1,차대차 - 추돌 - 진행중,안전운전불이행,건조,맑음,교차로 - 교차로부근,자전거,남,10세,부상신고,승용,여,39세,상해없음
2015051600100542,2015년 5월 16일 17시,토요일,강원도 홍천군 서석면,경상사고,0,0,1,0,차대차 - 측면직각충돌,중앙선침범,건조,맑음,단일로 - 기타,승용,남,64세,상해없음,승합,남,43세,상해없음
2015051600100607,2015년 5월 16일 18시,토요일,강원도 삼척시 당저동,경상사고,0,0,1,0,차대차 - 측면직각충돌,안전운전불이행,건조,맑음,교차로 - 교차로안,원동기,남,36세,상해없음,승용,남,54세,경상
2015051600100608,2015년 5월 16일 18시,토요일,강원도 동해시 천곡동,중상사고,0,1,2,0,차대차 - 측면직각충돌,신호위반,건조,맑음,교차로 - 교차로안,승용,남,51세,경상,승용,여,52세,중상
2015051600100645,2015년 5월 16일 19시,토요일,강원도 영월군 남면,부상신고사고,0,0,0,1,차대차 - 추돌 - 진행중,안전운전불이행,건조,맑음,단일로 - 기타,승용,남,41세,상해없음,화물,남,49세,상해없음
2015051600100717,2015년 5월 16일 21시,토요일,강원도 강릉시 성남동,경상사고,0,0,1,0,차대사람 - 횡단중,보행자보호의무위반,건조,맑음,단일로 - 횡단보도상,승용,남,52세,상해없음,보행자,여,24세,경상
2015051600100763,2015년 5월 16일 23시,토요일,강원도 양양군 양양읍,부상신고사고,0,0,0,1,차대사람 - 길가장자리구역통행중,안전운전불이행,건조,맑음,교차로 - 교차로부근,승용,남,48세,상해없음,보행자,남,21세,부상신고
2015051700100017,2015년 5월 17일 00시,일요일,강원도 춘천시 옥천동,경상사고,0,0,1,0,차대차 - 측면직각충돌,안전운전불이행,건조,맑음,단일로 - 기타,승용,남,51세,상해없음,자전거,남,22세,경상
2015051700100041,2015년 5월 17일 01시,일요일,강원도 춘천시 삼천동,경상사고,0,0,3,0,차대차 - 측면직각충돌,직진우회전진행방해,건조,맑음,교차로 - 교차로안,승용,남,40세,상해없음,승용,남,54세,경상
2015051700100052,2015년 5월 17일 02시,일요일,강원도 원주시 학성동,경상사고,0,0,1,0,차대차 - 추돌 - 주정차중,안전운전불이행,건조,맑음,단일로 - 기타,승용,남,36세,상해없음,승용,남,53세,경상
2015051700100070,2015년 5월 17일 03시,일요일,강원도 원주시 무실동,경상사고,0,0,2,0,차대차 - 추돌 - 진행중,신호위반,건조,맑음,단일로 - 기타,승용,남,21세,상해없음,승용,여,51세,경상
2015051700100107,2015년 5월 17일 06시,일요일,강원도 춘천시 효자동,경상사고,0,0,2,0,차대차 - 측면직각충돌,직진우회전진행방해,건조,맑음,교차로 - 교차로안,승용,여,53세,상해없음,승용,남,74세,경상
2015051700100108,2015년 5월 17일 06시,일요일,강원도 원주시 단계동,중상사고,0,3,2,0,차대차 - 추돌 - 주정차중,안전거리미확보,건조,맑음,단일로 - 기타,승용,남,47세,상해없음,화물,남,39세,중상
2015051700100143,2015년 5월 17일 08시,일요일,강원도 원주시 단구동,중상사고,0,2,3,0,차대차 - 기타,신호위반,건조,맑음,교차로 - 교차로안,승용,남,78세,중상,승용,남,56세,중상
2015051700100193,2015년 5월 17일 10시,일요일,강원도 속초시 동명동,경상사고,0,0,2,0,차대차 - 측면직각충돌,중앙선침범,건조,맑음,단일로 - 기타,승합,남,68세,상해없음,승용,남,46세,경상
2015051700100225,2015년 5월 17일 11시,일요일,강원도 강릉시 사천면,경상사고,0,0,1,0,차량단독 - 전도전복,안전운전불이행,건조,맑음,단일로 - 기타,이륜,남,27세,경상,,,,
2015051700100226,2015년 5월 17일 11시,일요일,강원도 양양군 서면,중상사고,0,1,3,0,차대차 - 추돌 - 진행중,기타,건조,맑음,교차로 - 교차로안,이륜,남,24세,상해없음,승용,남,54세,중상
2015051700100253,2015년 5월 17일 12시,일요일,강원도 삼척시 미로면,경상사고,0,0,1,0,차대차 - 기타,안전운전불이행,건조,맑음,단일로 - 기타,이륜,남,48세,기타불명,이륜,남,27세,기타불명
2015051700100280,2015년 5월 17일 13시,일요일,강원도 태백시 황지동,중상사고,0,1,0,0,차대사람 - 길가장자리구역통행중,안전운전불이행,건조,맑음,기타 - 기타,화물,남,65세,상해없음,보행자,남,9세,중상
2015051700100313,2015년 5월 17일 14시,일요일,강원도 춘천시 후평동,중상사고,0,1,0,0,차대차 - 측면직각충돌,교차로운행방법위반,건조,맑음,교차로 - 교차로안,승용,남,22세,상해없음,자전거,남,51세,중상
2015051700100314,2015년 5월 17일 14시,일요일,강원도 춘천시 칠전동,중상사고,0,1,6,0,차대차 - 측면직각충돌,안전거리미확보,건조,맑음,단일로 - 기타,승용,남,65세,상해없음,승합,여,33세,경상
2015051700100315,2015년 5월 17일 14시,일요일,강원도 삼척시 도계읍,중상사고,0,4,0,0,차대차 - 정면충돌,중앙선침범,건조,맑음,단일로 - 기타,승용,남,72세,중상,건설기계,남,55세,중상
2015051700100347,2015년 5월 17일 15시,일요일,강원도 정선군 정선읍,경상사고,0,0,2,0,차대차 - 측면직각충돌,신호위반,건조,맑음,교차로 - 교차로안,승합,남,47세,상해없음,승용,남,72세,경상
2015051700100381,2015년 5월 17일 16시,일요일,강원도 홍천군 홍천읍,경상사고,0,0,1,0,차대차 - 추돌 - 진행중,안전거리미확보,건조,맑음,단일로 - 기타,승용,남,66세,상해없음,이륜,남,30세,경상
2015051700100429,2015년 5월 17일 17시,일요일,강원도 강릉시 성산면,경상사고,0,0,4,0,차대차 - 추돌 - 진행중,중앙선침범,건조,맑음,단일로 - 기타,승합,여,66세,상해없음,승용,남,42세,경상
2015051700100502,2015년 5월 17일 19시,일요일,강원도 원주시 문막읍,경상사고,0,0,1,0,차대사람 - 횡단중,안전운전불이행,건조,맑음,기타 - 기타,승용,남,75세,상해없음,보행자,여,71세,경상
2015051700100528,2015년 5월 17일 20시,일요일,강원도 철원군 동송읍,경상사고,0,0,1,0,차대차 - 추돌 - 진행중,안전운전불이행,건조,맑음,단일로 - 기타,특수,남,39세,상해없음,승용,여,37세,경상
2015051700100565,2015년 5월 17일 21시,일요일,강원도 원주시 소초면,경상사고,0,0,1,0,차대차 - 측면직각충돌,신호위반,건조,맑음,교차로 - 교차로안,승용,남,52세,상해없음,승용,남,48세,경상
2015051700100566,2015년 5월 17일 21시,일요일,강원도 원주시 단구동,부상신고사고,0,0,0,1,차대사람 - 횡단중,보행자보호의무위반,건조,맑음,단일로 - 횡단보도상,기타불명,기타불명,기타불명,기타불명,보행자,남,46세,부상신고
2015051700100567,2015년 5월 17일 21시,일요일,강원도 동해시 천곡동,중상사고,0,1,0,0,차대차 - 추돌 - 주정차중,안전운전불이행,건조,맑음,단일로 - 기타,승합,남,41세,상해없음,원동기,여,57세,중상
2015051700100606,2015년 5월 17일 23시,일요일,강원도 춘천시 후평동,경상사고,0,0,4,0,차대차 - 추돌 - 주정차중,안전운전불이행,건조,맑음,단일로 - 기타,승용,남,34세,상해없음,승용,남,61세,경상
2015051800100046,2015년 5월 18일 05시,월요일,강원도 삼척시 남양동,경상사고,0,0,1,0,차대차 - 측면직각충돌,안전운전불이행,건조,맑음,교차로 - 교차로안,승용,남,55세,상해없음,승용,여,51세,경상
2015051800100116,2015년 5월 18일 08시,월요일,강원도 춘천시 석사동,경상사고,0,0,1,0,차대차 - 측면직각충돌,안전운전불이행,건조,맑음,단일로 - 기타,승용,여,54세,상해없음,승용,남,46세,상해없음
2015051800100156,2015년 5월 18일 09시,월요일,강원도 속초시 중앙동,경상사고,0,0,1,0,차대사람 - 길가장자리구역통행중,안전운전불이행,건조,맑음,단일로 - 기타,승합,남,59세,상해없음,보행자,여,55세,경상
2015051800100157,2015년 5월 18일 09시,월요일,강원도 평창군 진부면,중상사고,0,1,2,0,차대차 - 측면직각충돌,안전운전불이행,건조,맑음,단일로 - 기타,화물,남,56세,상해없음,승용,여,35세,중상