사고번호,사고일시,요일,시군구,사고내용,사망자수,중상자수,경상자수,부상신고자수,사고유형,법규위반,노면상태,기상상태,도로형태,가해운전자 차종,가해운전자 성별,가해운전자 연령,가해운전자 상해정도,피해운전자 차종,피해운전자 성별,피해운전자 연령,피해운전자 상해정도
2015051800100189,2015년 5월 18일 10시,월요일,강원도 춘천시 신북읍,경상사고,0,0,1,0,차대차 - 추돌 - 주정차중,안전운전불이행,건조,맑음,교차로 - 교차로안,승용,남,56세,상해없음,승합,남,38세,상해없음
2015051800100190,2015년 5월 18일 10시,월요일,강원도 춘천시 후평동,중상사고,0,1,0,0,차대차 - 추돌 - 진행중,안전운전불이행,건조,맑음,교차로 - 교차로부근,승용,남,57세,상해없음,화물,남,50세,중상
2015051800100191,2015년 5월 18일 10시,월요일,강원도 춘천시 동내면,중상사고,0,1,0,0,차대차 - 추돌 - 진행중,안전거리미확보,건조,맑음,단일로 - 기타,화물,남,54세,상해없음,화물,남,39세,중상
2015051800100250,2015년 5월 18일 12시,월요일,강원도 동해시 송정동,중상사고,0,1,1,0,차대차 - 측면직각충돌,신호위반,건조,맑음,교차로 - 교차로부근,승용,남,58세,상해없음,화물,남,50세,경상
2015051800100321,2015년 5월 18일 14시,월요일,강원도 원주시 단계동,경상사고,0,0,1,1,차대차 - 추돌 - 진행중,교차로운행방법위반,건조,맑음,교차로 - 교차로안,승용,여,40세,상해없음,승용,여,28세,경상
2015051800100322,2015년 5월 18일 14시,월요일,강원도 원주시 학성동,경상사고,0,0,1,0,차대차 - 측면직각충돌,교차로운행방법위반,건조,흐림,교차로 - 교차로안,승용,남,56세,상해없음,승용,남,63세,경상
2015051800100358,2015년 5월 18일 15시,월요일,강원도 춘천시 석사동,경상사고,0,0,2,0,차대차 - 측면직각충돌,차로위반,건조,맑음,단일로 - 기타,승용,여,44세,상해없음,승용,여,39세,경상
2015051800100359,2015년 5월 18일 15시,월요일,강원도 원주시 관설동,중상사고,0,1,0,0,차대차 - 측면직각충돌,안전운전불이행,건조,맑음,교차로 - 교차로안,승용,여,45세,상해없음,자전거,남,10세,중상
2015051800100409,2015년 5월 18일 16시,월요일,강원도 철원군 갈말읍,중상사고,0,1,0,0,차대사람 - 횡단중,신호위반,건조,맑음,단일로 - 기타,원동기,여,77세,상해없음,보행자,여,15세,중상
2015051800100495,2015년 5월 18일 18시,월요일,강원도 춘천시 퇴계동,경상사고,0,0,1,0,차대차 - 측면직각충돌,안전운전불이행,건조,맑음,미분류 - 미분류,이륜,남,79세,상해없음,승용,여,45세,경상
2015051800100496,2015년 5월 18일 18시,월요일,강원도 춘천시 효자동,경상사고,0,0,1,0,차대차 - 추돌 - 주정차중,안전운전불이행,건조,맑음,교차로 - 교차로부근,승용,남,49세,기타불명,승용,남,48세,상해없음
2015051800100497,2015년 5월 18일 18시,월요일,강원도 철원군 철원읍,경상사고,0,0,1,0,차대차 - 측면직각충돌,안전운전불이행,건조,맑음,단일로 - 횡단보도상,승용,여,32세,상해없음,자전거,남,10세,경상
2015051800100531,2015년 5월 18일 19시,월요일,강원도 춘천시 후평동,중상사고,0,1,0,0,차대사람 - 보도통행중,안전운전불이행,건조,맑음,단일로 - 기타,승용,남,49세,상해없음,보행자,여,7세,중상
2015051800100532,2015년 5월 18일 19시,월요일,강원도 평창군 대관령면,경상사고,0,0,1,0,차대사람 - 차도통행중,안전운전불이행,건조,맑음,교차로 - 교차로안,승용,여,47세,상해없음,보행자,남,51세,경상
2015051800100533,2015년 5월 18일 19시,월요일,강원도 동해시 천곡동,경상사고,0,0,2,0,차대차 - 추돌 - 주정차중,안전거리미확보,건조,맑음,교차로 - 교차로부근,승용,남,64세,상해없음,승용,여,35세,경상
2015051800100572,2015년 5월 18일 20시,월요일,강원도 강릉시 내곡동,경상사고,0,0,1,0,차대차 - 기타,안전운전불이행,건조,맑음,교차로 - 교차로부근,화물,남,55세,상해없음,승용,남,25세,경상
2015051800100604,2015년 5월 18일 21시,월요일,강원도 춘천시 석사동,경상사고,0,0,2,0,차대차 - 측면직각충돌,교차로운행방법위반,건조,맑음,교차로 - 교차로안,승용,남,55세,기타불명,승합,남,39세,경상
2015051800100605,2015년 5월 18일 21시,월요일,강원도 원주시 단계동,경상사고,0,0,3,0,차대차 - 측면직각충돌,신호위반,건조,맑음,교차로 - 교차로안,승용,여,35세,기타불명,승용,남,31세,경상
2015051800100639,2015년 5월 18일 22시,월요일,강원도 동해시 부곡동,경상사고,0,0,1,0,차대차 - 추돌 - 주정차중,안전운전불이행,건조,맑음,단일로 - 기타,승용,남,48세,상해없음,승용,남,31세,상해없음
2015051900100007,2015년 5월 19일 00시,화요일,강원도 춘천시 효자동,경상사고,0,0,1,0,차대차 - 측면직각충돌,교차로운행방법위반,건조,맑음,교차로 - 교차로안,승용,남,71세,상해없음,승용,여,56세,상해없음
2015051900100031,2015년 5월 19일 01시,화요일,강원도 춘천시 동면,중상사고,0,1,0,0,차대차 - 추돌 - 진행중,안전운전불이행,건조,맑음,단일로 - 기타,이륜,남,43세,상해없음,자전거,남,58세,중상
2015051900100087,2015년 5월 19일 06시,화요일,강원도 춘천시 효자동,경상사고,0,0,1,0,차대차 - 측면직각충돌,안전운전불이행,건조,맑음,단일로 - 기타,승용,남,40세,상해없음,승용,남,66세,경상
2015051900100102,2015년 5월 19일 07시,화요일,강원도 원주시 단계동,경상사고,0,0,2,0,차대차 - 측면직각충돌,교차로운행방법위반,건조,맑음,교차로 - 교차로안,승용,남,35세,상해없음,승용,남,58세,경상
2015051900100141,2015년 5월 19일 08시,화요일,강원도 춘천시 근화동,경상사고,0,0,1,0,차대차 - 측면직각충돌,신호위반,건조,맑음,교차로 - 교차로안,승용,남,48세,상해없음,승용,남,58세,경상
2015051900100189,2015년 5월 19일 09시,화요일,강원도 강릉시 성남동,중상사고,0,1,0,0,차대사람 - 차도통행중,중앙선침범,건조,맑음,단일로 - 횡단보도부근,승용,남,50세,상해없음,보행자,여,75세,중상
2015051900100190,2015년 5월 19일 09시,화요일,강원도 철원군 근남면,사망사고,1,0,0,0,차량단독 - 전도전복,안전운전불이행,건조,맑음,단일로 - 기타,승용,여,32세,사망,,,,
2015051900100217,2015년 5월 19일 10시,화요일,강원도 강릉시 노암동,경상사고,0,0,2,0,차대차 - 측면직각충돌,안전운전불이행,건조,맑음,단일로 - 기타,건설기계,남,56세,상해없음,승용,남,63세,경상
2015051900100241,2015년 5월 19일 11시,화요일,강원도 강릉시 왕산면,경상사고,0,0,2,0,차대차 - 측면직각충돌,안전운전불이행,건조,맑음,단일로 - 기타,승용,여,63세,상해없음,화물,남,53세,경상
2015051900100344,2015년 5월 19일 14시,화요일,강원도 강릉시 대전동,경상사고,0,0,3,0,차대차 - 측면직각충돌,신호위반,건조,맑음,교차로 - 교차로안,승용,남,34세,상해없음,승용,남,57세,경상
2015051900100345,2015년 5월 19일 14시,화요일,강원도 양양군 현북면,중상사고,0,1,0,0,차대차 - 측면직각충돌,안전운전불이행,건조,맑음,단일로 - 기타,승용,남,61세,상해없음,이륜,남,78세,중상
2015051900100371,2015년 5월 19일 15시,화요일,강원도 원주시 문막읍,경상사고,0,0,2,0,차대차 - 정면충돌,교차로운행방법위반,건조,맑음,교차로 - 교차로부근,이륜,남,76세,경상,화물,남,61세,경상
2015051900100491,2015년 5월 19일 18시,화요일,강원도 강릉시 성산면,경상사고,0,0,2,0,차대차 - 추돌 - 진행중,안전운전불이행,습기,비,단일로 - 기타,승용,남,52세,상해없음,승용,남,50세,경상
2015051900100519,2015년 5월 19일 19시,화요일,강원도 춘천시 석사동,경상사고,0,0,1,0,차대차 - 측면직각충돌,중앙선침범,건조,맑음,단일로 - 기타,승용,남,57세,상해없음,이륜,남,19세,경상
2015051900100520,2015년 5월 19일 19시,화요일,강원도 원주시 명륜동,경상사고,0,0,2,0,차대차 - 측면직각충돌,기타,습기,비,단일로 - 기타,이륜,남,18세,경상,승용,여,44세,경상
2015051900100521,2015년 5월 19일 19시,화요일,강원도 동해시 부곡동,경상사고,0,0,3,0,차대차 - 측면직각충돌,신호위반,건조,맑음,교차로 - 교차로안,승용,남,32세,상해없음,승용,남,37세,경상
2015051900100586,2015년 5월 19일 21시,화요일,강원도 원주시 단계동,중상사고,0,1,0,0,차대차 - 추돌 - 진행중,안전운전불이행,건조,맑음,단일로 - 기타,승용,남,30세,상해없음,승용,여,38세,중상
2015051900100587,2015년 5월 19일 21시,화요일,강원도 원주시 문막읍,중상사고,0,1,0,0,차대차 - 측면직각충돌,교차로운행방법위반,건조,맑음,교차로 - 교차로안,승용,남,59세,상해없음,이륜,남,23세,중상
2015051900100641,2015년 5월 19일 23시,화요일,강원도 원주시 판부면,경상사고,0,0,1,0,차대차 - 기타,안전운전불이행,건조,흐림,단일로 - 기타,화물,남,52세,상해없음,승용,남,51세,경상
2015051900100642,2015년 5월 19일 23시,화요일,강원도 삼척시 남양동,경상사고,0,0,1,0,차대차 - 측면직각충돌,중앙선침범,건조,맑음,교차로 - 교차로부근,승용,남,49세,상해없음,승용,남,36세,경상
2015052000100058,2015년 5월 20일 05시,수요일,강원도 강릉시 교동,중상사고,0,1,0,0,차량단독 - 기타,안전운전불이행,건조,맑음,교차로 - 교차로안,원동기,남,19세,상해없음,,,,
2015052000100139,2015년 5월 20일 08시,수요일,강원도 춘천시 중앙로1가,경상사고,0,0,2,0,차대차 - 측면직각충돌,교차로운행방법위반,건조,맑음,교차로 - 교차로안,승용,여,35세,상해없음,승용,남,29세,경상
2015052000100140,2015년 5월 20일 08시,수요일,강원도 춘천시 우두동,중상사고,0,1,0,0,차대차 - 추돌 - 주정차중,안전거리미확보,건조,맑음,교차로 - 교차로부근,승용,여,38세,상해없음,승용,남,44세,중상
2015052000100141,2015년 5월 20일 08시,수요일,강원도 원주시 단계동,경상사고,0,0,2,0,차대차 - 측면직각충돌,직진우회전진행방해,건조,맑음,교차로 - 교차로안,승용,여,31세,경상,승용,여,52세,경상
2015052000100142,2015년 5월 20일 08시,수요일,강원도 태백시 황지동,경상사고,0,0,1,0,차대차 - 측면직각충돌,교차로운행방법위반,건조,맑음,교차로 - 교차로안,승용,여,26세,상해없음,승용,남,34세,경상
2015052000100143,2015년 5월 20일 08시,수요일,강원도 고성군 죽왕면,경상사고,0,0,1,0,차대차 - 측면직각충돌,신호위반,건조,맑음,교차로 - 교차로안,승용,남,66세,상해없음,원동기,남,83세,경상
2015052000100231,2015년 5월 20일 11시,수요일,강원도 강릉시 유천동,경상사고,0,0,5,0,차대차 - 측면직각충돌,안전운전불이행,건조,맑음,교차로 - 교차로안,승합,여,55세,상해없음,승용,남,56세,경상
2015052000100232,2015년 5월 20일 11시,수요일,강원도 양양군 양양읍,경상사고,0,0,1,0,차대차 - 측면직각충돌,교차로운행방법위반,건조,맑음,교차로 - 교차로안,승용,남,66세,상해없음,이륜,남,67세,경상
2015052000100264,2015년 5월 20일 12시,수요일,강원도 춘천시 운교동,중상사고,0,1,0,0,차대사람 - 차도통행중,안전운전불이행,건조,맑음,교차로 - 교차로부근,승용,남,49세,상해없음,보행자,남,77세,중상
2015052000100265,2015년 5월 20일 12시,수요일,강원도 삼척시 남양동,중상사고,0,1,0,0,차대사람 - 횡단중,보행자보호의무위반,건조,맑음,교차로 - 교차로안,화물,남,47세,상해없음,보행자,남,51세,중상
2015052000100324,2015년 5월 20일 14시,수요일,강원도 철원군 김화읍,중상사고,0,2,0,0,차대차 - 측면직각충돌,직진우회전진행방해,건조,맑음,교차로 - 교차로안,화물,남,40세,상해없음,화물,남,67세,중상
2015052000100371,2015년 5월 20일 15시,수요일,강원도 원주시 소초면,경상사고,0,0,3,0,차대차 - 추돌 - 진행중,안전거리미확보,건조,맑음,단일로 - 기타,승용,여,67세,상해없음,승용,여,46세,경상
2015052000100411,2015년 5월 20일 16시,수요일,강원도 춘천시 동산면,경상사고,0,0,1,0,차대차 - 측면직각충돌,안전운전불이행,건조,맑음,단일로 - 기타,승용,여,45세,상해없음,승용,여,43세,경상
2015052000100412,2015년 5월 20일 16시,수요일,강원도 속초시 청학동,중상사고,0,1,0,0,차대사람 - 횡단중,안전운전불이행,건조,맑음,교차로 - 교차로부근,승용,남,55세,상해없음,보행자,남,10세,중상
2015052000100413,2015년 5월 20일 16시,수요일,강원도 삼척시 남양동,사망사고,1,0,0,0,차대사람 - 횡단중,보행자보호의무위반,건조,맑음,교차로 - 교차로안,승용,남,49세,상해없음,보행자,남,86세,사망
2015052000100414,2015년 5월 20일 16시,수요일,강원도 인제군 기린면,중상사고,0,1,0,0,차대차 - 측면직각충돌,안전운전불이행,건조,맑음,교차로 - 교차로안,승용,여,33세,상해없음,승용,여,41세,중상
2015052000100415,2015년 5월 20일 16시,수요일,강원도 홍천군 홍천읍,중상사고,0,1,1,1,차대차 - 측면직각충돌,안전거리미확보,건조,맑음,기타 - 기타,승용,여,24세,부상신고,승용,남,60세,상해없음
2015052000100463,2015년 5월 20일 17시,수요일,강원도 강릉시 용강동,경상사고,0,0,1,0,차대사람 - 횡단중,보행자보호의무위반,건조,맑음,교차로 - 교차로부근,승용,남,46세,상해없음,보행자,여,30세,경상
2015052000100508,2015년 5월 20일 18시,수요일,강원도 원주시 명륜동,중상사고,0,1,0,0,차대차 - 추돌 - 진행중,안전거리미확보,건조,맑음,단일로 - 기타,승용,남,25세,상해없음,이륜,남,58세,중상
2015052000100509,2015년 5월 20일 18시,수요일,강원도 철원군 동송읍,중상사고,0,1,0,0,차대차 - 측면직각충돌,안전운전불이행,건조,맑음,단일로 - 기타,승용,남,25세,상해없음,자전거,여,53세,중상
2015052000100553,2015년 5월 20일 19시,수요일,강원도 강릉시 유천동,중상사고,0,2,1,0,차대차 - 측면직각충돌,직진우회전진행방해,건조,맑음,교차로 - 교차로안,승용,남,51세,상해없음,승용,남,28세,중상
2015052000100626,2015년 5월 20일 21시,수요일,강원도 춘천시 퇴계동,중상사고,0,1,0,0,차대사람 - 횡단중,안전운전불이행,건조,맑음,단일로 - 기타,승용,여,47세,상해없음,보행자,남,55세,중상
2015052000100627,2015년 5월 20일 21시,수요일,강원도 철원군 동송읍,중상사고,0,1,0,0,차대차 - 측면직각충돌,안전운전불이행,건조,맑음,단일로 - 교량,농기계,남,73세,중상,화물,남,46세,상해없음
2015052000100662,2015년 5월 20일 22시,수요일,강원도 춘천시 서면,중상사고,0,1,0,0,차량단독 - 공작물충돌,안전운전불이행,건조,맑음,단일로 - 기타,승용,남,43세,상해없음,,,,
2015052100100014,2015년 5월 21일 00시,목요일,강원도 강릉시 교동,경상사고,0,0,1,0,차대사람 - 횡단중,보행자보호의무위반,건조,맑음,교차로 - 교차로부근,승용,남,19세,상해없음,보행자,여,22세,경상
2015052100100015,2015년 5월 21일 00시,목요일,강원도 원주시 판부면,중상사고,0,1,0,0,차량단독 - 전도전복,안전운전불이행,건조,맑음,단일로 - 기타,화물,여,56세,상해없음,,,,
2015052100100033,2015년 5월 21일 01시,목요일,강원도 강릉시 옥천동,경상사고,0,0,1,0,차대차 - 기타,안전운전불이행,건조,맑음,교차로 - 교차로안,승용,남,29세,상해없음,승용,여,48세,경상
2015052100100063,2015년 5월 21일 04시,목요일,강원도 속초시 조양동,중상사고,0,1,1,1,차대차 - 측면직각충돌,직진우회전진행방해,건조,맑음,교차로 - 교차로안,승용,남,48세,상해없음,승용,남,54세,중상
2015052100100082,2015년 5월 21일 06시,목요일,강원도 춘천시 석사동,중상사고,0,1,1,2,차대차 - 측면직각충돌,신호위반,건조,맑음,교차로 - 교차로안,화물,남,69세,상해없음,승용,남,59세,상해없음
2015052100100083,2015년 5월 21일 06시,목요일,강원도 원주시 가현동,중상사고,0,2,0,0,차대차 - 측면직각충돌,신호위반,건조,맑음,교차로 - 교차로안,승용,남,67세,중상,승용,남,36세,중상
2015052100100099,2015년 5월 21일 07시,목요일,강원도 춘천시 동내면,사망사고,1,0,0,0,차대차 - 측면직각충돌,신호위반,건조,맑음,교차로 - 교차로안,화물,남,49세,상해없음,이륜,남,79세,사망
2015052100100139,2015년 5월 21일 08시,목요일,강원도 춘천시 석사동,부상신고사고,0,0,0,2,차대차 - 측면직각충돌,교차로운행방법위반,건조,맑음,교차로 - 교차로안,승용,여,30세,부상신고,화물,남,39세,부상신고
2015052100100140,2015년 5월 21일 08시,목요일,강원도 춘천시 석사동,경상사고,0,0,1,0,차대사람 - 길가장자리구역통행중,안전운전불이행,건조,맑음,단일로 - 기타,화물,남,48세,상해없음,보행자,남,17세,경상
2015052100100188,2015년 5월 21일 09시,목요일,강원도 동해시 효가동,경상사고,0,0,2,0,차대차 - 측면직각충돌,교차로운행방법위반,건조,맑음,교차로 - 교차로안,원동기,남,18세,경상,승용,여,61세,경상
2015052100100215,2015년 5월 21일 10시,목요일,강원도 춘천시 퇴계동,경상사고,0,0,2,0,차대차 - 측면직각충돌,안전거리미확보,건조,맑음,단일로 - 기타,화물,남,56세,상해없음,승용,여,37세,경상
2015052100100251,2015년 5월 21일 11시,목요일,강원도 원주시 단계동,경상사고,0,0,1,0,차대사람 - 기타,불법유턴,건조,맑음,단일로 - 기타,승용,남,42세,기타불명,보행자,여,21세,경상
2015052100100318,2015년 5월 21일 13시,목요일,강원도 삼척시 교동,경상사고,0,0,1,0,차대차 - 측면직각충돌,안전운전불이행,건조,맑음,교차로 - 교차로안,승용,여,55세,상해없음,승용,여,46세,경상
2015052100100463,2015년 5월 21일 17시,목요일,강원도 강릉시 초당동,중상사고,0,1,1,0,차대차 - 측면직각충돌,안전운전불이행,건조,맑음,단일로 - 기타,화물,남,61세,상해없음,승용,남,34세,경상
2015052100100464,2015년 5월 21일 17시,목요일,강원도 원주시 흥업면,경상사고,0,0,2,0,차대차 - 측면직각충돌,안전운전불이행,건조,맑음,교차로 - 교차로안,승용,남,28세,상해없음,승용,남,53세,경상
2015052100100465,2015년 5월 21일 17시,목요일,강원도 원주시 단계동,경상사고,0,0,1,0,차대차 - 측면직각충돌,안전운전불이행,건조,맑음,교차로 - 교차로안,이륜,남,31세,경상,승용,여,59세,상해없음
2015052100100507,2015년 5월 21일 18시,목요일,강원도 원주시 명륜동,경상사고,0,0,1,0,차대사람 - 기타,안전운전불이행,건조,맑음,교차로 - 교차로부근,승용,여,52세,상해없음,보행자,남,17세,경상
2015052100100508,2015년 5월 21일 18시,목요일,강원도 속초시 대포동,경상사고,0,0,2,0,차대사람 - 기타,안전운전불이행,건조,맑음,교차로 - 교차로안,승용,남,29세,상해없음,보행자,남,21세,경상
2015052100100548,2015년 5월 21일 19시,목요일,강원도 강릉시 회산동,경상사고,0,0,1,0,차대차 - 기타,안전운전불이행,건조,맑음,교차로 - 교차로안,승용,여,43세,상해없음,승용,남,27세,경상
2015052100100589,2015년 5월 21일 20시,목요일,강원도 춘천시 후평동,경상사고,0,0,2,0,차대차 - 추돌 - 진행중,안전운전불이행,건조,맑음,단일로 - 기타,승용,남,29세,상해없음,승용,남,37세,경상
2015052100100625,2015년 5월 21일 21시,목요일,강원도 원주시 단계동,경상사고,0,0,1,0,차대사람 - 길가장자리구역통행중,안전운전불이행,건조,맑음,기타 - 기타,승용,여,46세,상해없음,보행자,남,35세,경상
2015052100100660,2015년 5월 21일 22시,목요일,강원도 태백시 황지동,경상사고,0,0,1,0,차대차 - 측면직각충돌,안전운전불이행,건조,맑음,기타 - 기타,승용,남,35세,상해없음,승용,남,31세,경상
2015052100100680,2015년 5월 21일 23시,목요일,강원도 강릉시 입암동,경상사고,0,0,4,0,차대차 - 기타,안전운전불이행,건조,맑음,단일로 - 기타,승용,남,45세,상해없음,승용,남,51세,경상
2015052200100064,2015년 5월 22일 04시,금요일,강원도 춘천시 근화동,경상사고,0,0,1,0,차대차 - 측면직각충돌,교차로운행방법위반,건조,맑음,교차로 - 교차로안,화물,남,54세,상해없음,승용,남,22세,경상
2015052200100086,2015년 5월 22일 06시,금요일,강원도 삼척시 남양동,중상사고,0,1,0,0,차대차 - 측면직각충돌,안전운전불이행,건조,맑음,교차로 - 교차로안,원동기,남,51세,중상,승용,남,54세,상해없음
2015052200100087,2015년 5월 22일 06시,금요일,강원도 삼척시 도경동,중상사고,0,1,0,0,차대차 - 측면직각충돌,신호위반,건조,맑음,교차로 - 교차로안,화물,남,51세,상해없음,승합,남,29세,중상
2015052200100111,2015년 5월 22일 07시,금요일,강원도 삼척시 근덕면,중상사고,0,2,1,0,차대차 - 추돌 - 진행중,안전운전불이행,건조,맑음,단일로 - 터널,화물,남,46세,중상,화물,남,68세,상해없음
2015052200100148,2015년 5월 22일 08시,금요일,강원도 춘천시 석사동,부상신고사고,0,0,0,1,차대차 - 측면직각충돌,중앙선침범,건조,맑음,단일로 - 기타,승용,남,75세,상해없음,자전거,남,25세,부상신고
2015052200100149,2015년 5월 22일 08시,금요일,강원도 춘천시 후평동,경상사고,0,0,1,0,차대차 - 측면직각충돌,안전운전불이행,건조,맑음,단일로 - 기타,승용,기타불명,기타불명,기타불명,자전거,남,16세,경상
2015052200100150,2015년 5월 22일 08시,금요일,강원도 원주시 단계동,중상사고,0,1,0,0,차대차 - 측면직각충돌,교차로운행방법위반,건조,맑음,교차로 - 교차로부근,승용,여,37세,상해없음,자전거,남,68세,중상
2015052200100151,2015년 5월 22일 08시,금요일,강원도 평창군 봉평면,중상사고,0,1,0,0,차량단독 - 공작물충돌,안전운전불이행,건조,맑음,단일로 - 기타,승합,남,68세,상해없음,,,,
2015052200100152,2015년 5월 22일 08시,금요일,강원도 고성군 죽왕면,경상사고,0,0,1,0,차대차 - 추돌 - 진행중,직진우회전진행방해,건조,맑음,교차로 - 교차로부근,승합,남,31세,상해없음,승용,여,23세,경상
2015052200100194,2015년 5월 22일 09시,금요일,강원도 원주시 호저면,경상사고,0,0,1,0,차대차 - 추돌 - 진행중,안전운전불이행,건조,맑음,교차로 - 교차로안,건설기계,남,51세,상해없음,화물,남,47세,경상
2015052200100195,2015년 5월 22일 09시,금요일,강원도 원주시 소초면,경상사고,0,0,1,0,차대차 - 기타,교차로운행방법위반,건조,맑음,교차로 - 교차로안,승용,남,60세,상해없음,화물,남,63세,경상
2015052200100228,2015년 5월 22일 10시,금요일,강원도 원주시 원동,중상사고,0,1,0,0,차대차 - 측면직각충돌,안전거리미확보,건조,맑음,단일로 - 기타,승합,남,63세,상해없음,승용,여,55세,상해없음
2015052200100291,2015년 5월 22일 12시,금요일,강원도 춘천시 온의동,중상사고,0,1,0,0,차대사람 - 횡단중,보행자보호의무위반,건조,맑음,단일로 - 기타,승용,여,51세,상해없음,보행자,여,51세,중상
2015052200100292,2015년 5월 22일 12시,금요일,강원도 강릉시 초당동,경상사고,0,0,2,0,차대차 - 추돌 - 진행중,안전운전불이행,건조,맑음,단일로 - 기타,승용,여,51세,경상,승용,여,37세,경상
2015052200100293,2015년 5월 22일 12시,금요일,강원도 원주시 단계동,경상사고,0,0,2,0,차대차 - 측면직각충돌,교차로운행방법위반,건조,맑음,교차로 - 교차로안,승용,남,50세,상해없음,승용,여,53세,경상
2015052200100364,2015년 5월 22일 14시,금요일,강원도 원주시 흥업면,중상사고,0,1,0,0,차대차 - 측면직각충돌,신호위반,건조,맑음,교차로 - 교차로안,승용,여,49세,상해없음,승용,남,29세,중상
2015052200100365,2015년 5월 22일 14시,금요일,강원도 평창군 봉평면,경상사고,0,0,2,0,차대차 - 추돌 - 진행중,안전운전불이행,건조,맑음,단일로 - 기타,화물,남,40세,상해없음,화물,남,35세,상해없음
2015052200100366,2015년 5월 22일 14시,금요일,강원도 정선군 정선읍,중상사고,0,4,0,0,차대차 - 측면직각충돌,중앙선침범,건조,맑음,단일로 - 기타,승용,여,49세,상해없음,승용,남,52세,중상
2015052200100367,2015년 5월 22일 14시,금요일,강원도 철원군 동송읍,경상사고,0,0,2,0,차대차 - 정면충돌,중앙선침범,건조,맑음,단일로 - 기타,승용,남,56세,경상,승용,여,67세,경상
2015052200100413,2015년 5월 22일 15시,금요일,강원도 삼척시 오분동,경상사고,0,0,1,0,차대차 - 추돌 - 진행중,안전운전불이행,건조,맑음,단일로 - 기타,화물,남,50세,상해없음,화물,남,44세,경상
2015052200100457,2015년 5월 22일 16시,금요일,강원도 횡성군 둔내면,경상사고,0,0,1,0,차대차 - 측면직각충돌,직진우회전진행방해,건조,맑음,교차로 - 교차로안,화물,남,53세,상해없음,자전거,남,9세,경상
2015052200100496,2015년 5월 22일 17시,금요일,강원도 삼척시 도계읍,중상사고,0,1,0,0,차량단독 - 전도전복,안전운전불이행,건조,맑음,단일로 - 기타,원동기,남,62세,중상,,,,
2015052200100497,2015년 5월 22일 17시,금요일,강원도 평창군 대화면,중상사고,0,1,1,0,차대차 - 정면충돌,중앙선침범,건조,맑음,단일로 - 기타,승용,여,26세,경상,승용,여,33세,중상
2015052200100547,2015년 5월 22일 18시,금요일,강원도 원주시 단계동,경상사고,0,0,1,0,차대차 - 기타,안전운전불이행,건조,맑음,교차로 - 교차로부근,승용,남,79세,상해없음,승용,남,64세,경상
2015052200100548,2015년 5월 22일 18시,금요일,강원도 홍천군 홍천읍,경상사고,0,0,1,0,차대차 - 추돌 - 주정차중,안전운전불이행,건조,맑음,교차로 - 교차로안,승용,남,58세,상해없음,승용,남,37세,경상
2015052200100549,2015년 5월 22일 18시,금요일,강원도 인제군 기린면,중상사고,0,1,0,0,차대차 - 측면직각충돌,중앙선침범,건조,맑음,단일로 - 기타,승용,남,54세,상해없음,원동기,남,55세,중상
2015052200100626,2015년 5월 22일 20시,금요일,강원도 춘천시 석사동,경상사고,0,0,1,1,차대차 - 측면직각충돌,교차로운행방법위반,건조,맑음,교차로 - 교차로안,승용,여,43세,상해없음,이륜,남,37세,경상
2015052200100627,2015년 5월 22일 20시,금요일,강원도 원주시 부론면,경상사고,0,0,2,0,차대차 - 정면충돌,중앙선침범,건조,맑음,단일로 - 기타,승용,남,58세,상해없음,승용,남,35세,경상
2015052200100668,2015년 5월 22일 21시,금요일,강원도 원주시 단계동,경상사고,0,0,1,0,차대차 - 기타,안전거리미확보,건조,맑음,단일로 - 기타,승용,남,33세,상해없음,화물,남,24세,경상
2015052200100711,2015년 5월 22일 22시,금요일,강원도 태백시 소도동,경상사고,0,0,2,0,차대차 - 추돌 - 진행중,안전운전불이행,건조,맑음,단일로 - 기타,승용,남,68세,상해없음,승용,남,42세,경상
2015052200100745,2015년 5월 22일 23시,금요일,강원도 홍천군 내면,중상사고,0,1,0,0,차대사람 - 길가장자리구역통행중,안전운전불이행,건조,맑음,단일로 - 기타,화물,남,47세,상해없음,보행자,여,18세,중상
2015052300100119,2015년 5월 23일 06시,토요일,강원도 동해시 북평동,부상신고사고,0,0,0,1,차대차 - 측면직각충돌,안전운전불이행,건조,맑음,단일로 - 기타,화물,남,41세,부상신고,승용,남,64세,상해없음
2015052300100138,2015년 5월 23일 07시,토요일,강원도 속초시 도문동,중상사고,0,1,2,0,차대차 - 정면충돌,중앙선침범,건조,맑음,단일로 - 기타,승용,남,55세,경상,승용,남,44세,경상
2015052300100156,2015년 5월 23일 08시,토요일,강원도 춘천시 동면,중상사고,0,1,4,0,차대차 - 추돌 - 주정차중,안전운전불이행,건조,맑음,교차로 - 교차로부근,승용,남,31세,상해없음,승용,남,44세,경상
2015052300100157,2015년 5월 23일 08시,토요일,강원도 원주시 문막읍,경상사고,0,0,1,0,차대사람 - 횡단중,안전운전불이행,건조,맑음,단일로 - 기타,승용,기타불명,기타불명,기타불명,보행자,여,48세,경상
2015052300100186,2015년 5월 23일 09시,토요일,강원도 속초시 영랑동,경상사고,0,0,4,0,차대차 - 추돌 - 진행중,안전운전불이행,건조,맑음,단일로 - 기타,승용,남,53세,상해없음,승용,여,29세,경상