사고번호,사고일시,요일,시군구,사고내용,사망자수,중상자수,경상자수,부상신고자수,사고유형,법규위반,노면상태,기상상태,도로형태,가해운전자 차종,가해운전자 성별,가해운전자 연령,가해운전자 상해정도,피해운전자 차종,피해운전자 성별,피해운전자 연령,피해운전자 상해정도
2015052300100212,2015년 5월 23일 10시,토요일,강원도 속초시 대포동,경상사고,0,0,3,0,차대차 - 추돌 - 진행중,안전거리미확보,건조,맑음,단일로 - 기타,화물,남,41세,상해없음,승용,여,20세,경상
2015052300100294,2015년 5월 23일 12시,토요일,강원도 원주시 소초면,경상사고,0,0,2,0,차대차 - 추돌 - 주정차중,안전운전불이행,건조,맑음,기타 - 기타,승용,여,29세,상해없음,승용,남,37세,상해없음
2015052300100295,2015년 5월 23일 12시,토요일,강원도 원주시 소초면,경상사고,0,0,6,0,차대차 - 추돌 - 진행중,안전거리미확보,건조,맑음,단일로 - 기타,승용,남,37세,상해없음,승용,남,64세,경상
2015052300100337,2015년 5월 23일 13시,토요일,강원도 강릉시 유산동,경상사고,0,0,2,0,차대차 - 측면직각충돌,신호위반,건조,맑음,교차로 - 교차로안,승용,남,27세,상해없음,승용,남,58세,경상
2015052300100338,2015년 5월 23일 13시,토요일,강원도 원주시 태장동,중상사고,0,2,0,1,차대차 - 측면직각충돌,차로위반,건조,맑음,교차로 - 교차로안,농기계,남,74세,부상신고,승용,여,48세,중상
2015052300100339,2015년 5월 23일 13시,토요일,강원도 원주시 문막읍,경상사고,0,0,1,0,차대차 - 측면직각충돌,안전운전불이행,건조,맑음,단일로 - 기타,승용,여,52세,상해없음,승용,남,39세,경상
2015052300100382,2015년 5월 23일 14시,토요일,강원도 강릉시 옥천동,경상사고,0,0,4,0,차대차 - 추돌 - 주정차중,안전운전불이행,건조,맑음,단일로 - 기타,승용,여,36세,상해없음,승용,여,48세,경상
2015052300100408,2015년 5월 23일 15시,토요일,강원도 원주시 단구동,경상사고,0,0,1,1,차대차 - 측면직각충돌,교차로운행방법위반,건조,맑음,교차로 - 교차로안,이륜,남,74세,부상신고,승용,여,42세,경상
2015052300100409,2015년 5월 23일 15시,토요일,강원도 홍천군 홍천읍,경상사고,0,0,4,0,차대차 - 기타,신호위반,건조,맑음,교차로 - 교차로안,승용,남,65세,상해없음,승용,남,48세,경상
2015052300100410,2015년 5월 23일 15시,토요일,강원도 동해시 평릉동,중상사고,0,1,0,0,차대차 - 측면직각충돌,신호위반,건조,맑음,교차로 - 교차로안,승용,남,61세,상해없음,자전거,남,59세,중상
2015052300100411,2015년 5월 23일 15시,토요일,강원도 동해시 어달동,경상사고,0,0,1,0,차대차 - 측면직각충돌,안전운전불이행,건조,맑음,교차로 - 교차로부근,승용,여,47세,상해없음,자전거,남,13세,경상
2015052300100497,2015년 5월 23일 17시,토요일,강원도 춘천시 퇴계동,경상사고,0,0,4,0,차대차 - 추돌 - 진행중,안전운전불이행,건조,맑음,단일로 - 기타,승용,남,42세,상해없음,승용,여,46세,경상
2015052300100545,2015년 5월 23일 18시,토요일,강원도 춘천시 동내면,경상사고,0,0,2,0,차대차 - 추돌 - 진행중,안전거리미확보,건조,맑음,교차로 - 교차로안,화물,남,41세,상해없음,승용,여,51세,경상
2015052300100576,2015년 5월 23일 19시,토요일,강원도 원주시 단구동,경상사고,0,0,1,0,차대차 - 기타,직진우회전진행방해,건조,맑음,교차로 - 교차로안,승용,남,41세,기타불명,승용,남,29세,경상
2015052300100577,2015년 5월 23일 19시,토요일,강원도 홍천군 홍천읍,경상사고,0,0,1,0,차대사람 - 횡단중,안전운전불이행,건조,맑음,단일로 - 기타,승용,남,57세,상해없음,보행자,남,35세,경상
2015052300100636,2015년 5월 23일 21시,토요일,강원도 원주시 단구동,경상사고,0,0,1,0,차대차 - 측면직각충돌,안전운전불이행,건조,맑음,단일로 - 기타,이륜,남,18세,상해없음,이륜,남,22세,경상
2015052300100637,2015년 5월 23일 21시,토요일,강원도 평창군 대관령면,중상사고,0,1,2,0,차대차 - 측면직각충돌,안전거리미확보,건조,맑음,기타 - 기타,승용,여,57세,중상,승용,남,29세,경상
2015052300100664,2015년 5월 23일 22시,토요일,강원도 원주시 단계동,경상사고,0,0,1,0,차대차 - 측면직각충돌,안전운전불이행,건조,맑음,단일로 - 기타,이륜,남,19세,경상,승용,남,34세,상해없음
2015052300100665,2015년 5월 23일 22시,토요일,강원도 원주시 문막읍,경상사고,0,0,1,0,차대차 - 측면직각충돌,안전운전불이행,건조,맑음,단일로 - 기타,승용,남,45세,경상,승용,남,45세,상해없음
2015052300100694,2015년 5월 23일 23시,토요일,강원도 양양군 양양읍,사망사고,1,0,0,0,차대사람 - 횡단중,안전운전불이행,건조,맑음,단일로 - 기타,승용,여,57세,상해없음,보행자,남,51세,사망
2015052400100102,2015년 5월 24일 06시,일요일,강원도 춘천시 효자동,경상사고,0,0,2,0,차대차 - 측면직각충돌,신호위반,건조,맑음,교차로 - 교차로안,승용,남,33세,상해없음,승용,여,51세,경상
2015052400100136,2015년 5월 24일 08시,일요일,강원도 속초시 교동,중상사고,0,2,3,0,차대차 - 측면직각충돌,신호위반,건조,맑음,교차로 - 교차로안,승용,남,67세,상해없음,승용,남,48세,중상
2015052400100137,2015년 5월 24일 08시,일요일,강원도 속초시 조양동,경상사고,0,0,1,0,차대차 - 측면직각충돌,안전운전불이행,건조,맑음,교차로 - 교차로부근,승용,여,53세,상해없음,승용,남,29세,상해없음
2015052400100160,2015년 5월 24일 09시,일요일,강원도 홍천군 서면,중상사고,0,1,0,0,차대사람 - 길가장자리구역통행중,안전운전불이행,건조,맑음,단일로 - 기타,승용,남,23세,상해없음,보행자,남,64세,중상
2015052400100161,2015년 5월 24일 09시,일요일,강원도 철원군 철원읍,중상사고,0,2,2,0,차대차 - 측면직각충돌,직진우회전진행방해,건조,맑음,교차로 - 교차로안,화물,남,77세,중상,화물,남,63세,경상
2015052400100184,2015년 5월 24일 10시,일요일,강원도 강릉시 옥계면,중상사고,0,1,0,0,차대차 - 기타,안전운전불이행,건조,맑음,단일로 - 기타,농기계,남,70세,상해없음,승용,남,58세,상해없음
2015052400100185,2015년 5월 24일 10시,일요일,강원도 삼척시 도계읍,경상사고,0,0,2,0,차대차 - 추돌 - 주정차중,안전운전불이행,건조,맑음,교차로 - 교차로부근,화물,남,41세,상해없음,승용,남,55세,경상
2015052400100186,2015년 5월 24일 10시,일요일,강원도 고성군 토성면,경상사고,0,0,15,0,차대차 - 추돌 - 주정차중,안전운전불이행,건조,맑음,단일로 - 횡단보도부근,승용,남,53세,상해없음,승용,남,49세,경상
2015052400100187,2015년 5월 24일 10시,일요일,강원도 원주시 가현동,중상사고,0,1,4,0,차대차 - 추돌 - 진행중,안전거리미확보,건조,맑음,단일로 - 기타,승용,남,26세,상해없음,승용,남,38세,경상
2015052400100210,2015년 5월 24일 11시,일요일,강원도 원주시 단계동,경상사고,0,0,2,0,차대차 - 측면직각충돌,직진우회전진행방해,건조,맑음,교차로 - 교차로안,승용,여,42세,상해없음,승용,여,42세,경상
2015052400100211,2015년 5월 24일 11시,일요일,강원도 정선군 화암면,중상사고,0,1,2,0,차대차 - 측면직각충돌,신호위반,건조,맑음,교차로 - 교차로안,승합,남,53세,상해없음,승용,여,39세,중상
2015052400100239,2015년 5월 24일 12시,일요일,강원도 원주시 가현동,경상사고,0,0,3,0,차대차 - 추돌 - 진행중,안전거리미확보,건조,맑음,단일로 - 기타,승용,남,72세,상해없음,승용,남,41세,경상
2015052400100288,2015년 5월 24일 14시,일요일,강원도 강릉시 연곡면,경상사고,0,0,2,0,차대차 - 기타,안전운전불이행,건조,맑음,단일로 - 기타,승용,남,55세,상해없음,승용,여,21세,상해없음
2015052400100289,2015년 5월 24일 14시,일요일,강원도 원주시 문막읍,경상사고,0,0,2,0,차대차 - 측면직각충돌,교차로운행방법위반,건조,맑음,교차로 - 교차로안,화물,여,45세,상해없음,승용,남,35세,경상
2015052400100290,2015년 5월 24일 14시,일요일,강원도 양양군 양양읍,중상사고,0,1,0,0,차대차 - 측면직각충돌,안전운전불이행,건조,맑음,단일로 - 기타,이륜,남,72세,중상,승용,여,38세,상해없음
2015052400100291,2015년 5월 24일 14시,일요일,강원도 양양군 서면,사망사고,1,5,0,0,차대차 - 추돌 - 진행중,직진우회전진행방해,건조,맑음,교차로 - 교차로안,승용,남,68세,사망,승용,남,61세,중상
2015052400100292,2015년 5월 24일 14시,일요일,강원도 원주시 소초면,경상사고,0,0,6,0,차대차 - 추돌 - 진행중,안전거리미확보,건조,맑음,단일로 - 기타,승용,남,22세,경상,승용,여,44세,상해없음
2015052400100327,2015년 5월 24일 15시,일요일,강원도 강릉시 구정면,경상사고,0,0,1,0,차대차 - 기타,안전운전불이행,건조,맑음,교차로 - 교차로안,승용,남,41세,상해없음,원동기,남,74세,경상
2015052400100328,2015년 5월 24일 15시,일요일,강원도 양양군 양양읍,경상사고,0,0,10,0,차대차 - 추돌 - 진행중,안전운전불이행,건조,맑음,단일로 - 기타,승용,남,48세,상해없음,승용,여,26세,경상
2015052400100329,2015년 5월 24일 15시,일요일,강원도 정선군 사북읍,경상사고,0,0,1,0,차대차 - 측면직각충돌,교차로운행방법위반,건조,맑음,교차로 - 교차로안,원동기,남,18세,상해없음,승용,여,32세,경상
2015052400100362,2015년 5월 24일 16시,일요일,강원도 속초시 청호동,경상사고,0,0,2,0,차대차 - 추돌 - 진행중,중앙선침범,건조,맑음,단일로 - 기타,승용,남,38세,상해없음,원동기,남,65세,경상
2015052400100399,2015년 5월 24일 17시,일요일,강원도 속초시 청학동,경상사고,0,0,2,1,차대사람 - 횡단중,안전운전불이행,건조,맑음,단일로 - 기타,승용,남,54세,상해없음,보행자,여,21세,경상
2015052400100436,2015년 5월 24일 18시,일요일,강원도 춘천시 우두동,중상사고,0,1,0,0,차대차 - 측면직각충돌,신호위반,건조,맑음,교차로 - 교차로안,이륜,남,18세,상해없음,이륜,남,29세,중상
2015052400100437,2015년 5월 24일 18시,일요일,강원도 삼척시 오분동,중상사고,0,2,1,0,차대차 - 측면직각충돌,신호위반,건조,맑음,교차로 - 교차로안,승용,남,28세,상해없음,승용,남,38세,중상
2015052400100463,2015년 5월 24일 19시,일요일,강원도 강릉시 금학동,경상사고,0,0,1,0,차대사람 - 기타,안전운전불이행,건조,맑음,단일로 - 기타,승용,여,60세,상해없음,보행자,여,16세,경상
2015052400100464,2015년 5월 24일 19시,일요일,강원도 강릉시 용강동,경상사고,0,0,2,0,차대차 - 기타,중앙선침범,건조,맑음,단일로 - 기타,승용,남,32세,상해없음,승용,남,59세,상해없음
2015052400100490,2015년 5월 24일 20시,일요일,강원도 춘천시 석사동,경상사고,0,0,2,0,차대차 - 추돌 - 진행중,안전거리미확보,건조,맑음,단일로 - 기타,승용,남,39세,상해없음,승용,여,40세,경상
2015052400100491,2015년 5월 24일 20시,일요일,강원도 강릉시 연곡면,중상사고,0,2,0,0,차대차 - 기타,안전운전불이행,건조,맑음,단일로 - 기타,화물,남,61세,상해없음,승용,남,52세,중상
2015052400100492,2015년 5월 24일 20시,일요일,강원도 홍천군 내촌면,경상사고,0,0,1,0,차대차 - 기타,중앙선침범,건조,맑음,단일로 - 기타,승용,여,49세,상해없음,승용,남,40세,상해없음
2015052400100575,2015년 5월 24일 23시,일요일,강원도 춘천시 석사동,경상사고,0,0,1,0,차대사람 - 길가장자리구역통행중,안전운전불이행,건조,맑음,단일로 - 기타,승용,남,22세,상해없음,보행자,남,32세,경상
2015052500100008,2015년 5월 25일 00시,월요일,강원도 삼척시 남양동,중상사고,0,1,0,0,차대사람 - 차도통행중,안전운전불이행,건조,맑음,단일로 - 기타,승용,남,25세,상해없음,보행자,남,50세,중상
2015052500100025,2015년 5월 25일 01시,월요일,강원도 횡성군 안흥면,경상사고,0,0,2,0,차대차 - 추돌 - 주정차중,안전운전불이행,건조,맑음,단일로 - 기타,승용,남,51세,상해없음,승용,여,30세,경상
2015052500100071,2015년 5월 25일 05시,월요일,강원도 속초시 대포동,사망사고,1,2,0,0,차량단독 - 공작물충돌,안전운전불이행,건조,맑음,단일로 - 기타,이륜,남,16세,사망,,,,
2015052500100087,2015년 5월 25일 06시,월요일,강원도 춘천시 동면,중상사고,0,2,2,0,차대차 - 측면직각충돌,교차로운행방법위반,건조,맑음,교차로 - 교차로안,승용,남,59세,경상,승용,남,27세,중상
2015052500100088,2015년 5월 25일 06시,월요일,강원도 강릉시 구정면,경상사고,0,0,2,0,차량단독 - 전도전복,안전운전불이행,건조,맑음,단일로 - 기타,승용,남,77세,경상,,,,
2015052500100100,2015년 5월 25일 07시,월요일,강원도 춘천시 후평동,경상사고,0,0,2,0,차대차 - 측면직각충돌,안전운전불이행,건조,맑음,교차로 - 교차로안,화물,남,57세,상해없음,승용,남,70세,경상
2015052500100101,2015년 5월 25일 07시,월요일,강원도 강릉시 죽헌동,경상사고,0,0,1,1,차대차 - 측면직각충돌,신호위반,건조,맑음,교차로 - 교차로안,화물,남,47세,상해없음,승합,남,49세,경상
2015052500100176,2015년 5월 25일 10시,월요일,강원도 원주시 소초면,경상사고,0,0,1,0,차대차 - 측면직각충돌,교차로운행방법위반,건조,맑음,교차로 - 교차로안,승용,남,44세,상해없음,화물,남,49세,경상
2015052500100204,2015년 5월 25일 11시,월요일,강원도 춘천시 서면,중상사고,0,1,0,0,차대차 - 정면충돌,안전운전불이행,건조,맑음,단일로 - 기타,이륜,남,59세,상해없음,화물,남,49세,상해없음
2015052500100228,2015년 5월 25일 12시,월요일,강원도 원주시 문막읍,경상사고,0,0,4,0,차대차 - 추돌 - 진행중,안전운전불이행,건조,맑음,단일로 - 기타,화물,남,53세,상해없음,승용,남,24세,상해없음
2015052500100250,2015년 5월 25일 13시,월요일,강원도 춘천시 근화동,경상사고,0,0,1,0,차대차 - 추돌 - 주정차중,안전운전불이행,건조,맑음,단일로 - 기타,승용,여,71세,상해없음,화물,남,52세,경상
2015052500100251,2015년 5월 25일 13시,월요일,강원도 인제군 남면,경상사고,0,0,2,0,차대차 - 추돌 - 진행중,안전운전불이행,건조,맑음,교차로 - 교차로부근,화물,여,24세,상해없음,승용,남,63세,경상
2015052500100286,2015년 5월 25일 14시,월요일,강원도 춘천시 삼천동,중상사고,0,1,4,0,차대차 - 측면직각충돌,교차로운행방법위반,건조,맑음,교차로 - 교차로안,승용,여,62세,상해없음,승용,여,54세,중상
2015052500100287,2015년 5월 25일 14시,월요일,강원도 홍천군 홍천읍,경상사고,0,0,1,0,차대차 - 측면직각충돌,안전운전불이행,건조,맑음,교차로 - 교차로안,화물,남,58세,상해없음,화물,남,55세,경상
2015052500100288,2015년 5월 25일 14시,월요일,강원도 평창군 평창읍,중상사고,0,3,2,0,차대차 - 기타,안전운전불이행,건조,맑음,교차로 - 교차로안,승용,여,59세,상해없음,승용,여,30세,중상
2015052500100332,2015년 5월 25일 15시,월요일,강원도 춘천시 중앙로2가,경상사고,0,0,3,0,차대차 - 측면직각충돌,교차로운행방법위반,건조,맑음,교차로 - 교차로안,승용,남,80세,상해없음,승용,여,48세,경상
2015052500100333,2015년 5월 25일 15시,월요일,강원도 평창군 방림면,중상사고,0,1,0,0,차대차 - 측면직각충돌,안전운전불이행,건조,맑음,단일로 - 기타,승합,남,33세,상해없음,자전거,남,67세,중상
2015052500100334,2015년 5월 25일 15시,월요일,강원도 양구군 동면,경상사고,0,0,2,0,차대차 - 추돌 - 진행중,안전거리미확보,건조,맑음,교차로 - 교차로안,승용,여,24세,상해없음,원동기,여,73세,경상
2015052500100335,2015년 5월 25일 15시,월요일,강원도 양구군 양구읍,경상사고,0,0,2,0,차대차 - 측면직각충돌,안전운전불이행,건조,맑음,교차로 - 교차로안,승용,남,49세,상해없음,승합,남,50세,상해없음
2015052500100377,2015년 5월 25일 16시,월요일,강원도 원주시 태장동,중상사고,0,1,0,0,차대차 - 기타,신호위반,건조,맑음,교차로 - 교차로안,승용,남,50세,상해없음,이륜,남,26세,중상
2015052500100378,2015년 5월 25일 16시,월요일,강원도 춘천시 남면,경상사고,0,0,2,0,차대차 - 추돌 - 진행중,안전운전불이행,건조,맑음,단일로 - 기타,승용,남,60세,상해없음,승용,여,33세,경상
2015052500100411,2015년 5월 25일 17시,월요일,강원도 인제군 기린면,부상신고사고,0,0,0,1,차대차 - 측면직각충돌,안전운전불이행,건조,맑음,교차로 - 교차로안,승용,여,25세,상해없음,승용,남,44세,부상신고
2015052500100412,2015년 5월 25일 17시,월요일,강원도 인제군 기린면,경상사고,0,0,2,0,차대차 - 측면직각충돌,중앙선침범,건조,맑음,단일로 - 기타,화물,남,55세,상해없음,화물,남,45세,경상
2015052500100460,2015년 5월 25일 18시,월요일,강원도 원주시 우산동,중상사고,0,2,5,0,차량단독 - 전도전복,안전운전불이행,건조,맑음,기타 - 기타,승합,남,29세,상해없음,,,,
2015052500100479,2015년 5월 25일 19시,월요일,강원도 춘천시 효자동,중상사고,0,1,0,0,차대사람 - 횡단중,보행자보호의무위반,건조,맑음,교차로 - 교차로부근,승용,남,23세,상해없음,보행자,남,9세,중상
2015052500100537,2015년 5월 25일 21시,월요일,강원도 삼척시 근덕면,경상사고,0,0,1,0,차대사람 - 횡단중,기타,건조,맑음,단일로 - 기타,원동기,기타불명,기타불명,기타불명,보행자,남,52세,경상
2015052600100043,2015년 5월 26일 05시,화요일,강원도 원주시 관설동,경상사고,0,0,2,0,차대차 - 측면직각충돌,교차로운행방법위반,건조,맑음,교차로 - 교차로안,승용,남,53세,기타불명,승용,남,37세,경상
2015052600100086,2015년 5월 26일 07시,화요일,강원도 춘천시 온의동,중상사고,0,1,0,0,차대차 - 측면직각충돌,안전운전불이행,건조,맑음,단일로 - 기타,승용,남,48세,상해없음,이륜,남,45세,중상
2015052600100087,2015년 5월 26일 07시,화요일,강원도 양구군 방산면,중상사고,0,1,5,0,차대차 - 측면직각충돌,기타,건조,맑음,교차로 - 교차로안,승용,남,32세,상해없음,승합,남,21세,상해없음
2015052600100197,2015년 5월 26일 10시,화요일,강원도 삼척시 교동,경상사고,0,0,1,0,차대차 - 정면충돌,안전운전불이행,건조,맑음,단일로 - 기타,원동기,남,23세,경상,승용,남,62세,상해없음
2015052600100234,2015년 5월 26일 11시,화요일,강원도 춘천시 근화동,경상사고,0,0,1,0,차대차 - 추돌 - 주정차중,안전운전불이행,건조,맑음,단일로 - 기타,승용,남,40세,상해없음,승용,남,55세,경상
2015052600100235,2015년 5월 26일 11시,화요일,강원도 원주시 학성동,중상사고,0,1,1,0,차대차 - 추돌 - 진행중,안전운전불이행,건조,맑음,단일로 - 기타,승용,남,67세,상해없음,승용,남,51세,경상
2015052600100348,2015년 5월 26일 14시,화요일,강원도 원주시 호저면,경상사고,0,0,1,0,차대차 - 기타,안전거리미확보,건조,맑음,교차로 - 교차로부근,승용,남,49세,상해없음,승용,남,42세,경상
2015052600100378,2015년 5월 26일 15시,화요일,강원도 춘천시 우두동,중상사고,0,1,0,0,차대차 - 추돌 - 진행중,안전운전불이행,건조,맑음,교차로 - 교차로부근,승용,남,19세,상해없음,화물,여,60세,중상
2015052600100379,2015년 5월 26일 15시,화요일,강원도 원주시 무실동,중상사고,0,2,0,0,차대차 - 추돌 - 주정차중,안전운전불이행,건조,맑음,교차로 - 교차로안,승용,남,44세,상해없음,승용,남,45세,중상
2015052600100423,2015년 5월 26일 16시,화요일,강원도 강릉시 입암동,경상사고,0,0,1,0,차대차 - 측면직각충돌,교차로운행방법위반,건조,맑음,교차로 - 교차로안,승용,남,71세,상해없음,승용,여,57세,경상
2015052600100424,2015년 5월 26일 16시,화요일,강원도 원주시 일산동,중상사고,0,1,0,0,차대사람 - 횡단중,보행자보호의무위반,건조,맑음,단일로 - 횡단보도상,승용,남,55세,상해없음,보행자,여,12세,중상
2015052600100425,2015년 5월 26일 16시,화요일,강원도 홍천군 북방면,경상사고,0,0,1,0,차대차 - 정면충돌,교차로운행방법위반,건조,맑음,교차로 - 교차로안,화물,남,25세,상해없음,승용,남,71세,경상
2015052600100426,2015년 5월 26일 16시,화요일,강원도 고성군 거진읍,중상사고,0,1,0,0,차대사람 - 보도통행중,안전운전불이행,건조,맑음,단일로 - 기타,승용,남,42세,상해없음,보행자,여,59세,중상
2015052600100493,2015년 5월 26일 17시,화요일,강원도 춘천시 칠전동,중상사고,0,1,0,0,차대사람 - 횡단중,안전운전불이행,건조,맑음,단일로 - 기타,승합,여,60세,상해없음,보행자,남,16세,중상
2015052600100494,2015년 5월 26일 17시,화요일,강원도 강릉시 내곡동,중상사고,0,1,0,0,차대차 - 기타,안전운전불이행,건조,맑음,교차로 - 교차로부근,승용,여,31세,상해없음,자전거,남,82세,중상
2015052600100540,2015년 5월 26일 18시,화요일,강원도 춘천시 소양로1가,경상사고,0,0,1,0,차대차 - 정면충돌,안전운전불이행,건조,맑음,단일로 - 기타,승용,여,48세,상해없음,자전거,남,56세,경상
2015052600100541,2015년 5월 26일 18시,화요일,강원도 춘천시 후평동,경상사고,0,0,1,0,차대사람 - 길가장자리구역통행중,안전운전불이행,건조,맑음,단일로 - 기타,승용,남,43세,상해없음,보행자,여,69세,경상
2015052600100542,2015년 5월 26일 18시,화요일,강원도 강릉시 교동,중상사고,0,1,0,0,차대사람 - 기타,안전운전불이행,건조,맑음,단일로 - 기타,승용,여,44세,상해없음,보행자,여,14세,중상
2015052600100543,2015년 5월 26일 18시,화요일,강원도 강릉시 옥천동,경상사고,0,0,1,0,차대차 - 추돌 - 진행중,안전운전불이행,건조,맑음,단일로 - 기타,승용,남,71세,상해없음,화물,남,59세,경상
2015052600100544,2015년 5월 26일 18시,화요일,강원도 강릉시 옥계면,중상사고,0,1,0,0,차대차 - 정면충돌,중앙선침범,건조,맑음,단일로 - 기타,화물,남,62세,상해없음,화물,남,46세,중상
2015052600100545,2015년 5월 26일 18시,화요일,강원도 원주시 단구동,경상사고,0,0,1,0,차대차 - 추돌 - 진행중,안전거리미확보,건조,맑음,단일로 - 기타,원동기,남,24세,경상,승용,여,42세,상해없음
2015052600100546,2015년 5월 26일 18시,화요일,강원도 속초시 조양동,중상사고,0,1,0,0,차대차 - 측면직각충돌,안전거리미확보,건조,맑음,단일로 - 기타,승용,남,30세,상해없음,이륜,남,60세,중상
2015052600100547,2015년 5월 26일 18시,화요일,강원도 고성군 거진읍,경상사고,0,0,1,0,차량단독 - 공작물충돌,안전운전불이행,건조,맑음,단일로 - 기타,승용,남,67세,상해없음,,,,
2015052600100548,2015년 5월 26일 18시,화요일,강원도 고성군 토성면,경상사고,0,0,6,0,차대차 - 추돌 - 진행중,안전운전불이행,건조,맑음,단일로 - 기타,승용,남,52세,상해없음,승용,남,57세,경상
2015052600100549,2015년 5월 26일 18시,화요일,강원도 동해시 천곡동,경상사고,0,0,5,0,차대차 - 추돌 - 주정차중,안전거리미확보,건조,맑음,단일로 - 기타,승용,남,41세,상해없음,승용,남,56세,경상
2015052600100593,2015년 5월 26일 19시,화요일,강원도 원주시 중앙동,경상사고,0,0,1,0,차대사람 - 기타,안전운전불이행,건조,맑음,단일로 - 기타,승용,남,28세,상해없음,보행자,남,23세,경상
2015052600100641,2015년 5월 26일 20시,화요일,강원도 원주시 무실동,경상사고,0,0,1,0,차대차 - 기타,안전운전불이행,건조,맑음,단일로 - 기타,화물,남,38세,상해없음,승용,여,38세,경상
2015052600100642,2015년 5월 26일 20시,화요일,강원도 원주시 단구동,중상사고,0,1,0,0,차대차 - 기타,신호위반,건조,맑음,교차로 - 교차로안,이륜,남,19세,상해없음,이륜,남,18세,중상
2015052700100129,2015년 5월 27일 08시,수요일,강원도 원주시 문막읍,중상사고,0,1,0,0,차대사람 - 횡단중,안전운전불이행,건조,맑음,단일로 - 기타,승용,남,45세,상해없음,보행자,남,58세,중상
2015052700100175,2015년 5월 27일 09시,수요일,강원도 강릉시 안현동,경상사고,0,0,1,0,차량단독 - 공작물충돌,안전운전불이행,건조,맑음,단일로 - 기타,승용,남,65세,상해없음,,,,
2015052700100251,2015년 5월 27일 12시,수요일,강원도 강릉시 임당동,경상사고,0,0,1,0,차대사람 - 횡단중,보행자보호의무위반,건조,맑음,교차로 - 교차로안,화물,남,46세,상해없음,보행자,여,67세,경상
2015052700100252,2015년 5월 27일 12시,수요일,강원도 화천군 상서면,경상사고,0,0,1,0,차대차 - 측면직각충돌,안전운전불이행,건조,맑음,단일로 - 기타,승용,남,44세,상해없음,자전거,남,76세,경상
2015052700100253,2015년 5월 27일 12시,수요일,강원도 횡성군 횡성읍,경상사고,0,0,2,0,차대차 - 측면직각충돌,직진우회전진행방해,건조,맑음,교차로 - 교차로안,승용,여,35세,경상,화물,남,73세,경상
2015052700100254,2015년 5월 27일 12시,수요일,강원도 고성군 간성읍,중상사고,0,1,0,0,차대차 - 기타,안전운전불이행,건조,맑음,교차로 - 교차로안,승용,여,58세,상해없음,승용,남,48세,상해없음
2015052700100288,2015년 5월 27일 13시,수요일,강원도 영월군 한반도면,중상사고,0,1,0,0,차대차 - 추돌 - 진행중,안전운전불이행,건조,맑음,단일로 - 기타,화물,남,65세,상해없음,화물,남,55세,상해없음
2015052700100289,2015년 5월 27일 13시,수요일,강원도 태백시 황지동,중상사고,0,1,2,0,차대차 - 정면충돌,교차로운행방법위반,건조,맑음,교차로 - 교차로안,승용,여,54세,경상,승용,남,46세,중상
2015052700100290,2015년 5월 27일 13시,수요일,강원도 고성군 거진읍,중상사고,0,1,0,0,차대차 - 추돌 - 진행중,안전운전불이행,건조,맑음,단일로 - 기타,화물,남,45세,상해없음,승용,남,36세,중상
2015052700100331,2015년 5월 27일 14시,수요일,강원도 원주시 중앙동,중상사고,0,1,0,0,차대사람 - 횡단중,안전운전불이행,건조,맑음,단일로 - 기타,승용,여,62세,상해없음,보행자,여,79세,중상
2015052700100373,2015년 5월 27일 15시,수요일,강원도 춘천시 요선동,경상사고,0,0,1,0,차대차 - 측면직각충돌,기타,건조,맑음,단일로 - 기타,화물,남,65세,상해없음,승용,여,48세,경상
2015052700100374,2015년 5월 27일 15시,수요일,강원도 강릉시 포남동,중상사고,0,1,0,0,차대차 - 측면직각충돌,교차로운행방법위반,건조,맑음,교차로 - 교차로안,승용,남,50세,상해없음,자전거,남,19세,중상
2015052700100375,2015년 5월 27일 15시,수요일,강원도 강릉시 사천면,경상사고,0,0,1,0,차대차 - 측면직각충돌,안전운전불이행,건조,맑음,교차로 - 교차로부근,승용,여,38세,상해없음,승용,남,68세,상해없음
2015052700100413,2015년 5월 27일 16시,수요일,강원도 평창군 봉평면,경상사고,0,0,1,0,차대차 - 측면직각충돌,중앙선침범,건조,맑음,단일로 - 기타,승용,남,44세,상해없음,승용,남,56세,경상
2015052700100414,2015년 5월 27일 16시,수요일,강원도 고성군 거진읍,경상사고,0,0,1,0,차대차 - 측면직각충돌,직진우회전진행방해,건조,맑음,교차로 - 교차로안,승용,여,63세,상해없음,화물,남,61세,경상
2015052700100456,2015년 5월 27일 17시,수요일,강원도 원주시 학성동,중상사고,0,1,0,0,차대사람 - 횡단중,보행자보호의무위반,건조,맑음,교차로 - 교차로안,승용,남,53세,상해없음,보행자,여,76세,중상
2015052700100457,2015년 5월 27일 17시,수요일,강원도 철원군 갈말읍,경상사고,0,0,2,0,차대차 - 추돌 - 진행중,안전운전불이행,건조,맑음,단일로 - 기타,승용,여,57세,상해없음,기타불명,기타불명,기타불명,기타불명
2015052700100458,2015년 5월 27일 17시,수요일,강원도 동해시 부곡동,경상사고,0,0,1,0,차대사람 - 보도통행중,안전운전불이행,건조,맑음,단일로 - 기타,자전거,남,14세,상해없음,보행자,여,4세,경상