사고번호,사고일시,요일,시군구,사고내용,사망자수,중상자수,경상자수,부상신고자수,사고유형,법규위반,노면상태,기상상태,도로형태,가해운전자 차종,가해운전자 성별,가해운전자 연령,가해운전자 상해정도,피해운전자 차종,피해운전자 성별,피해운전자 연령,피해운전자 상해정도
2015052700100514,2015년 5월 27일 18시,수요일,강원도 원주시 중앙동,경상사고,0,0,1,0,차대차 - 측면직각충돌,교차로운행방법위반,건조,맑음,교차로 - 교차로안,승용,남,64세,상해없음,승용,남,42세,경상
2015052700100515,2015년 5월 27일 18시,수요일,강원도 동해시 용정동,부상신고사고,0,0,0,2,차대차 - 측면직각충돌,안전거리미확보,건조,맑음,단일로 - 기타,승용,남,32세,상해없음,승용,남,38세,부상신고
2015052700100516,2015년 5월 27일 18시,수요일,강원도 동해시 천곡동,경상사고,0,0,3,0,차대차 - 측면직각충돌,직진우회전진행방해,건조,맑음,교차로 - 교차로안,승용,여,41세,상해없음,승용,남,45세,경상
2015052700100555,2015년 5월 27일 19시,수요일,강원도 동해시 부곡동,경상사고,0,0,1,0,차대차 - 측면직각충돌,불법유턴,습기,흐림,교차로 - 교차로부근,승용,남,46세,상해없음,원동기,남,17세,경상
2015052700100627,2015년 5월 27일 21시,수요일,강원도 춘천시 효자동,경상사고,0,0,1,0,차대차 - 측면직각충돌,안전거리미확보,건조,맑음,단일로 - 기타,승용,남,21세,상해없음,승용,남,63세,경상
2015052700100628,2015년 5월 27일 21시,수요일,강원도 원주시 단계동,경상사고,0,0,1,1,차대사람 - 횡단중,보행자보호의무위반,건조,맑음,단일로 - 횡단보도상,승용,남,36세,상해없음,보행자,남,55세,경상
2015052700100629,2015년 5월 27일 21시,수요일,강원도 원주시 단구동,중상사고,0,1,0,0,차대차 - 측면직각충돌,기타,건조,맑음,단일로 - 기타,승용,남,33세,상해없음,자전거,남,12세,중상
2015052800100120,2015년 5월 28일 08시,목요일,강원도 춘천시 퇴계동,중상사고,0,1,0,0,차대차 - 측면직각충돌,신호위반,건조,맑음,교차로 - 교차로안,승용,남,29세,상해없음,승용,남,33세,중상
2015052800100121,2015년 5월 28일 08시,목요일,강원도 원주시 개운동,부상신고사고,0,0,0,1,차대차 - 기타,안전운전불이행,건조,맑음,단일로 - 기타,기타불명,기타불명,기타불명,기타불명,자전거,남,15세,부상신고
2015052800100122,2015년 5월 28일 08시,목요일,강원도 영월군 남면,중상사고,0,1,1,0,차대차 - 측면직각충돌,안전운전불이행,건조,맑음,단일로 - 기타,건설기계,남,37세,상해없음,승용,남,42세,중상
2015052800100193,2015년 5월 28일 10시,목요일,강원도 동해시 천곡동,중상사고,0,1,0,0,차대차 - 측면직각충돌,직진우회전진행방해,건조,맑음,교차로 - 교차로안,승용,여,34세,상해없음,승용,남,68세,중상
2015052800100261,2015년 5월 28일 12시,목요일,강원도 춘천시 소양로4가,경상사고,0,0,1,0,차대차 - 측면직각충돌,안전운전불이행,건조,맑음,교차로 - 교차로안,승용,남,36세,상해없음,자전거,남,68세,경상
2015052800100360,2015년 5월 28일 15시,목요일,강원도 고성군 거진읍,사망사고,1,0,0,0,차대차 - 측면직각충돌,교차로운행방법위반,건조,맑음,교차로 - 교차로안,원동기,남,75세,사망,승용,여,63세,상해없음
2015052800100394,2015년 5월 28일 16시,목요일,강원도 태백시 황지동,부상신고사고,0,0,0,1,차대차 - 측면직각충돌,안전운전불이행,건조,맑음,단일로 - 기타,승용,여,62세,상해없음,자전거,남,9세,부상신고
2015052800100555,2015년 5월 28일 20시,목요일,강원도 강릉시 포남동,중상사고,0,1,0,0,차대사람 - 횡단중,안전운전불이행,건조,맑음,교차로 - 교차로부근,승용,남,64세,상해없음,보행자,남,50세,중상
2015052800100556,2015년 5월 28일 20시,목요일,강원도 고성군 간성읍,경상사고,0,0,1,0,차대사람 - 기타,안전운전불이행,건조,맑음,교차로 - 교차로부근,승용,남,28세,상해없음,보행자,남,5세,경상
2015052800100592,2015년 5월 28일 21시,목요일,강원도 원주시 태장동,경상사고,0,0,3,0,차대차 - 추돌 - 주정차중,안전거리미확보,건조,맑음,단일로 - 기타,이륜,남,16세,경상,승용,여,40세,경상
2015052800100612,2015년 5월 28일 22시,목요일,강원도 속초시 교동,경상사고,0,0,1,0,차대차 - 측면직각충돌,신호위반,건조,맑음,교차로 - 교차로부근,화물,남,61세,상해없음,승용,남,65세,상해없음
2015052800100643,2015년 5월 28일 23시,목요일,강원도 속초시 교동,경상사고,0,0,1,0,차대사람 - 횡단중,안전운전불이행,건조,맑음,교차로 - 교차로안,승용,남,59세,상해없음,보행자,남,38세,경상
2015052800100644,2015년 5월 28일 23시,목요일,강원도 영월군 영월읍,경상사고,0,0,1,0,차대차 - 정면충돌,교차로운행방법위반,건조,맑음,교차로 - 교차로안,승합,여,43세,상해없음,자전거,남,16세,경상
2015052900100017,2015년 5월 29일 00시,금요일,강원도 원주시 개운동,경상사고,0,0,1,0,차량단독 - 기타,안전운전불이행,건조,맑음,단일로 - 기타,기타불명,기타불명,기타불명,기타불명,,,,
2015052900100049,2015년 5월 29일 02시,금요일,강원도 원주시 단계동,중상사고,0,1,1,0,차대차 - 측면직각충돌,교차로운행방법위반,건조,맑음,교차로 - 교차로안,화물,남,55세,상해없음,승용,남,25세,중상
2015052900100050,2015년 5월 29일 02시,금요일,강원도 원주시 문막읍,사망사고,1,0,0,0,차량단독 - 도로외이탈 - 추락,안전운전불이행,건조,맑음,단일로 - 기타,승용,남,62세,사망,,,,
2015052900100051,2015년 5월 29일 02시,금요일,강원도 태백시 화전동,중상사고,0,1,0,0,차량단독 - 공작물충돌,안전운전불이행,건조,맑음,단일로 - 기타,승용,남,35세,상해없음,,,,
2015052900100075,2015년 5월 29일 05시,금요일,강원도 속초시 노학동,경상사고,0,0,1,0,차대차 - 측면직각충돌,교차로운행방법위반,건조,맑음,교차로 - 교차로부근,승용,남,29세,상해없음,이륜,남,74세,경상
2015052900100146,2015년 5월 29일 08시,금요일,강원도 강릉시 홍제동,경상사고,0,0,6,0,차대차 - 측면직각충돌,안전운전불이행,건조,맑음,단일로 - 기타,승합,남,65세,상해없음,승용,남,58세,상해없음
2015052900100147,2015년 5월 29일 08시,금요일,강원도 삼척시 남양동,경상사고,0,0,1,0,차대차 - 측면직각충돌,안전운전불이행,건조,맑음,단일로 - 기타,승합,남,55세,상해없음,승용,여,25세,경상
2015052900100148,2015년 5월 29일 08시,금요일,강원도 평창군 대화면,중상사고,0,1,0,0,차대사람 - 길가장자리구역통행중,안전운전불이행,건조,맑음,단일로 - 기타,승용,남,30세,상해없음,보행자,여,67세,중상
2015052900100198,2015년 5월 29일 09시,금요일,강원도 춘천시 소양로1가,경상사고,0,0,1,0,차대차 - 측면직각충돌,신호위반,건조,맑음,교차로 - 교차로부근,승용,남,51세,상해없음,자전거,여,57세,경상
2015052900100199,2015년 5월 29일 09시,금요일,강원도 원주시 흥업면,경상사고,0,0,1,0,차대차 - 정면충돌,중앙선침범,건조,맑음,단일로 - 기타,승용,남,23세,상해없음,승용,남,41세,경상
2015052900100200,2015년 5월 29일 09시,금요일,강원도 속초시 동명동,경상사고,0,0,1,0,차대차 - 측면직각충돌,중앙선침범,건조,맑음,단일로 - 기타,화물,여,52세,상해없음,승용,남,58세,경상
2015052900100226,2015년 5월 29일 10시,금요일,강원도 양구군 양구읍,중상사고,0,1,1,0,차대차 - 정면충돌,중앙선침범,건조,맑음,기타 - 기타,승용,여,83세,중상,화물,남,48세,경상
2015052900100257,2015년 5월 29일 11시,금요일,강원도 원주시 흥업면,경상사고,0,0,2,0,차대차 - 추돌 - 주정차중,안전거리미확보,건조,맑음,교차로 - 교차로부근,승용,남,66세,상해없음,승용,남,66세,경상
2015052900100284,2015년 5월 29일 12시,금요일,강원도 춘천시 효자동,중상사고,0,1,0,0,차대차 - 측면직각충돌,교차로운행방법위반,건조,맑음,교차로 - 교차로안,승용,남,49세,상해없음,이륜,남,32세,중상
2015052900100285,2015년 5월 29일 12시,금요일,강원도 춘천시 서면,경상사고,0,0,1,0,차대차 - 측면직각충돌,안전운전불이행,건조,맑음,단일로 - 기타,승합,남,52세,상해없음,승용,남,70세,경상
2015052900100286,2015년 5월 29일 12시,금요일,강원도 인제군 기린면,경상사고,0,0,1,0,차대차 - 추돌 - 진행중,안전거리미확보,건조,맑음,단일로 - 기타,화물,남,56세,상해없음,승용,남,57세,경상
2015052900100320,2015년 5월 29일 13시,금요일,강원도 영월군 중동면,중상사고,0,1,0,0,차량단독 - 공작물충돌,안전운전불이행,건조,맑음,단일로 - 기타,승용,남,86세,상해없음,,,,
2015052900100321,2015년 5월 29일 13시,금요일,강원도 홍천군 홍천읍,중상사고,0,1,0,0,차대차 - 기타,중앙선침범,건조,맑음,단일로 - 기타,승용,남,61세,상해없음,승합,남,51세,상해없음
2015052900100346,2015년 5월 29일 14시,금요일,강원도 원주시 단구동,경상사고,0,0,1,0,차대사람 - 기타,기타,건조,맑음,단일로 - 기타,승용,남,29세,기타불명,보행자,남,51세,경상
2015052900100347,2015년 5월 29일 14시,금요일,강원도 횡성군 우천면,중상사고,0,1,0,0,차대차 - 추돌 - 진행중,안전운전불이행,건조,맑음,기타 - 기타,화물,남,51세,중상,화물,남,38세,상해없음
2015052900100383,2015년 5월 29일 15시,금요일,강원도 정선군 고한읍,경상사고,0,0,1,0,차대차 - 측면직각충돌,안전운전불이행,건조,맑음,단일로 - 기타,승용,남,58세,상해없음,승용,여,56세,경상
2015052900100423,2015년 5월 29일 16시,금요일,강원도 춘천시 효자동,경상사고,0,0,1,0,차대차 - 측면직각충돌,안전운전불이행,건조,맑음,단일로 - 기타,승용,여,36세,상해없음,자전거,여,54세,경상
2015052900100448,2015년 5월 29일 17시,금요일,강원도 춘천시 석사동,경상사고,0,0,1,0,차대차 - 측면직각충돌,안전운전불이행,건조,맑음,단일로 - 교량,승용,남,50세,상해없음,원동기,남,30세,경상
2015052900100449,2015년 5월 29일 17시,금요일,강원도 원주시 단계동,중상사고,0,2,1,0,차대차 - 측면직각충돌,교차로운행방법위반,건조,맑음,교차로 - 교차로안,승합,여,44세,경상,화물,남,50세,중상
2015052900100450,2015년 5월 29일 17시,금요일,강원도 원주시 문막읍,중상사고,0,1,3,0,차대차 - 측면직각충돌,교차로운행방법위반,건조,맑음,교차로 - 교차로안,승합,남,57세,상해없음,승용,남,64세,중상
2015052900100451,2015년 5월 29일 17시,금요일,강원도 원주시 신림면,중상사고,0,1,0,0,차대사람 - 길가장자리구역통행중,안전운전불이행,건조,맑음,기타 - 기타,특수,남,61세,상해없음,보행자,여,19세,중상
2015052900100452,2015년 5월 29일 17시,금요일,강원도 동해시 천곡동,경상사고,0,0,1,0,차대차 - 측면직각충돌,안전운전불이행,건조,맑음,단일로 - 기타,승용,여,43세,상해없음,원동기,남,16세,경상
2015052900100495,2015년 5월 29일 18시,금요일,강원도 춘천시 퇴계동,중상사고,0,1,0,0,차대사람 - 기타,안전운전불이행,건조,맑음,기타 - 기타,승용,여,37세,상해없음,보행자,남,4세,중상
2015052900100531,2015년 5월 29일 19시,금요일,강원도 원주시 봉산동,중상사고,0,1,0,0,차대차 - 측면직각충돌,신호위반,건조,맑음,교차로 - 교차로안,승용,남,28세,상해없음,원동기,남,16세,중상
2015052900100532,2015년 5월 29일 19시,금요일,강원도 속초시 금호동,중상사고,0,1,0,0,차대사람 - 차도통행중,중앙선침범,건조,맑음,단일로 - 기타,승용,남,43세,상해없음,보행자,여,78세,중상
2015052900100533,2015년 5월 29일 19시,금요일,강원도 삼척시 정상동,중상사고,0,1,0,0,차대사람 - 횡단중,안전운전불이행,건조,맑음,교차로 - 교차로부근,승합,여,32세,상해없음,보행자,남,82세,중상
2015052900100573,2015년 5월 29일 20시,금요일,강원도 원주시 단구동,경상사고,0,0,1,0,차대차 - 측면직각충돌,신호위반,건조,맑음,교차로 - 교차로안,승용,여,56세,상해없음,승용,여,61세,경상
2015052900100574,2015년 5월 29일 20시,금요일,강원도 원주시 단계동,경상사고,0,0,1,0,차대사람 - 길가장자리구역통행중,안전운전불이행,건조,맑음,단일로 - 기타,승용,여,22세,상해없음,보행자,여,15세,경상
2015052900100618,2015년 5월 29일 21시,금요일,강원도 정선군 정선읍,경상사고,0,0,1,0,차대차 - 추돌 - 진행중,안전운전불이행,건조,맑음,단일로 - 기타,승용,남,32세,상해없음,승용,남,52세,경상
2015052900100652,2015년 5월 29일 22시,금요일,강원도 원주시 명륜동,경상사고,0,0,2,0,차대차 - 기타,중앙선침범,건조,맑음,단일로 - 기타,승용,여,42세,상해없음,승용,남,22세,경상
2015053000100015,2015년 5월 30일 00시,토요일,강원도 속초시 조양동,중상사고,0,1,0,0,차대차 - 측면직각충돌,불법유턴,건조,맑음,단일로 - 기타,승용,남,35세,상해없음,이륜,남,17세,중상
2015053000100066,2015년 5월 30일 02시,토요일,강원도 원주시 일산동,중상사고,0,1,2,0,차대차 - 추돌 - 진행중,안전거리미확보,건조,맑음,단일로 - 기타,승용,남,30세,상해없음,이륜,남,56세,중상
2015053000100080,2015년 5월 30일 03시,토요일,강원도 원주시 태장동,경상사고,0,0,2,0,차대차 - 추돌 - 진행중,안전거리미확보,건조,맑음,교차로 - 교차로부근,승용,남,33세,상해없음,승용,남,44세,경상
2015053000100131,2015년 5월 30일 06시,토요일,강원도 동해시 평릉동,경상사고,0,0,2,0,차대차 - 측면직각충돌,안전운전불이행,건조,맑음,교차로 - 교차로부근,승용,남,68세,상해없음,승용,여,54세,경상
2015053000100167,2015년 5월 30일 08시,토요일,강원도 강릉시 주문진읍,경상사고,0,0,1,0,차대차 - 정면충돌,안전운전불이행,건조,맑음,단일로 - 기타,승합,여,41세,상해없음,이륜,남,87세,경상
2015053000100168,2015년 5월 30일 08시,토요일,강원도 원주시 단구동,경상사고,0,0,1,0,차대차 - 측면직각충돌,신호위반,건조,맑음,교차로 - 교차로안,승용,남,42세,상해없음,승용,남,24세,경상
2015053000100226,2015년 5월 30일 10시,토요일,강원도 원주시 중앙동,경상사고,0,0,2,0,차대차 - 기타,안전거리미확보,건조,흐림,교차로 - 교차로부근,승용,남,22세,상해없음,승용,남,55세,경상
2015053000100258,2015년 5월 30일 11시,토요일,강원도 강릉시 병산동,경상사고,0,0,3,0,차대차 - 측면직각충돌,안전운전불이행,건조,맑음,단일로 - 기타,이륜,남,69세,상해없음,승용,남,34세,경상
2015053000100343,2015년 5월 30일 13시,토요일,강원도 원주시 태장동,경상사고,0,0,1,0,차대사람 - 횡단중,안전운전불이행,건조,맑음,단일로 - 기타,화물,남,55세,상해없음,보행자,여,73세,경상
2015053000100344,2015년 5월 30일 13시,토요일,강원도 속초시 동명동,중상사고,0,1,2,0,차량단독 - 공작물충돌,안전운전불이행,습기,맑음,단일로 - 기타,승용,여,42세,상해없음,,,,
2015053000100345,2015년 5월 30일 13시,토요일,강원도 동해시 천곡동,경상사고,0,0,1,0,차대차 - 추돌 - 진행중,안전거리미확보,건조,맑음,교차로 - 교차로안,승용,남,50세,상해없음,승용,남,31세,경상
2015053000100386,2015년 5월 30일 14시,토요일,강원도 춘천시 근화동,경상사고,0,0,2,0,차대차 - 추돌 - 주정차중,안전거리미확보,습기,비,단일로 - 기타,승용,여,22세,상해없음,승용,남,53세,경상
2015053000100419,2015년 5월 30일 15시,토요일,강원도 원주시 무실동,경상사고,0,0,1,0,차대차 - 추돌 - 주정차중,안전운전불이행,건조,맑음,교차로 - 교차로부근,승용,남,34세,상해없음,화물,남,28세,경상
2015053000100420,2015년 5월 30일 15시,토요일,강원도 철원군 철원읍,중상사고,0,1,1,0,차량단독 - 도로외이탈 - 기타,안전운전불이행,건조,맑음,단일로 - 기타,승용,남,68세,상해없음,,,,
2015053000100459,2015년 5월 30일 16시,토요일,강원도 원주시 단계동,중상사고,0,1,0,0,차대차 - 기타,안전운전불이행,건조,맑음,기타 - 기타,승용,여,35세,상해없음,자전거,남,65세,중상
2015053000100483,2015년 5월 30일 17시,토요일,강원도 속초시 대포동,경상사고,0,0,2,0,차대차 - 측면직각충돌,안전운전불이행,건조,맑음,교차로 - 교차로부근,승용,남,72세,상해없음,승용,남,50세,경상
2015053000100484,2015년 5월 30일 17시,토요일,강원도 속초시 조양동,경상사고,0,0,5,0,차대차 - 측면직각충돌,교차로운행방법위반,건조,맑음,교차로 - 교차로안,승합,남,65세,상해없음,승합,남,43세,경상
2015053000100588,2015년 5월 30일 20시,토요일,강원도 원주시 개운동,경상사고,0,0,1,0,차대차 - 측면직각충돌,안전거리미확보,건조,맑음,교차로 - 교차로안,승용,여,62세,상해없음,이륜,남,40세,경상
2015053000100589,2015년 5월 30일 20시,토요일,강원도 원주시 단계동,경상사고,0,0,1,0,차대사람 - 횡단중,신호위반,건조,맑음,교차로 - 교차로부근,승용,남,59세,상해없음,보행자,여,20세,경상
2015053000100590,2015년 5월 30일 20시,토요일,강원도 속초시 동명동,경상사고,0,0,1,0,차대사람 - 차도통행중,안전운전불이행,건조,흐림,단일로 - 기타,승용,남,54세,상해없음,보행자,남,50세,경상
2015053000100591,2015년 5월 30일 20시,토요일,강원도 정선군 남면,중상사고,0,1,0,0,차대사람 - 차도통행중,안전운전불이행,건조,맑음,단일로 - 기타,승용,남,36세,상해없음,보행자,남,65세,중상
2015053000100592,2015년 5월 30일 20시,토요일,강원도 동해시 발한동,사망사고,1,0,0,0,차대사람 - 횡단중,보행자보호의무위반,건조,맑음,단일로 - 기타,이륜,남,17세,상해없음,보행자,남,67세,사망
2015053000100661,2015년 5월 30일 22시,토요일,강원도 강릉시 임당동,경상사고,0,0,1,0,차대차 - 측면직각충돌,안전운전불이행,건조,맑음,교차로 - 교차로안,승용,여,42세,상해없음,이륜,남,21세,경상
2015053000100662,2015년 5월 30일 22시,토요일,강원도 강릉시 명주동,경상사고,0,0,4,3,차대차 - 기타,안전운전불이행,건조,맑음,교차로 - 교차로부근,승용,남,22세,상해없음,승용,남,29세,경상
2015053000100694,2015년 5월 30일 23시,토요일,강원도 원주시 중앙동,중상사고,0,1,0,0,차대사람 - 기타,안전운전불이행,건조,맑음,단일로 - 기타,승용,남,34세,상해없음,보행자,남,52세,중상
2015053000100695,2015년 5월 30일 23시,토요일,강원도 원주시 단계동,중상사고,0,1,2,0,차대차 - 측면직각충돌,안전거리미확보,건조,맑음,교차로 - 교차로안,승용,남,41세,상해없음,승용,여,28세,중상
2015053000100696,2015년 5월 30일 23시,토요일,강원도 고성군 현내면,경상사고,0,0,1,0,차대사람 - 횡단중,안전운전불이행,건조,맑음,단일로 - 기타,승용,남,49세,상해없음,보행자,여,54세,경상
2015053100100037,2015년 5월 31일 02시,일요일,강원도 원주시 흥업면,경상사고,0,0,1,0,차대차 - 추돌 - 주정차중,안전운전불이행,건조,맑음,교차로 - 교차로부근,승용,남,29세,상해없음,승용,남,18세,경상
2015053100100038,2015년 5월 31일 02시,일요일,강원도 태백시 화전동,중상사고,0,1,0,0,차량단독 - 전도전복,안전운전불이행,건조,맑음,단일로 - 기타,승용,남,59세,상해없음,,,,
2015053100100054,2015년 5월 31일 03시,일요일,강원도 속초시 교동,중상사고,0,1,1,0,차대차 - 측면직각충돌,안전운전불이행,건조,맑음,교차로 - 교차로안,승용,남,41세,상해없음,승용,남,21세,중상
2015053100100073,2015년 5월 31일 05시,일요일,강원도 강릉시 포남동,경상사고,0,0,2,0,차대차 - 측면직각충돌,신호위반,건조,맑음,교차로 - 교차로안,승용,남,32세,상해없음,승용,여,62세,경상
2015053100100083,2015년 5월 31일 06시,일요일,강원도 춘천시 후평동,중상사고,0,1,0,0,차량단독 - 공작물충돌,안전운전불이행,건조,맑음,단일로 - 기타,승용,남,61세,기타불명,,,,
2015053100100200,2015년 5월 31일 12시,일요일,강원도 횡성군 둔내면,중상사고,0,1,0,0,차대차 - 측면직각충돌,직진우회전진행방해,건조,맑음,교차로 - 교차로안,원동기,남,76세,상해없음,이륜,남,36세,중상
2015053100100235,2015년 5월 31일 13시,일요일,강원도 춘천시 석사동,경상사고,0,0,1,0,차대차 - 추돌 - 진행중,안전운전불이행,건조,맑음,교차로 - 교차로부근,승용,여,47세,상해없음,승용,남,24세,경상
2015053100100236,2015년 5월 31일 13시,일요일,강원도 강릉시 입암동,경상사고,0,0,1,0,차대차 - 추돌 - 진행중,교차로운행방법위반,건조,맑음,교차로 - 교차로안,승용,여,55세,상해없음,승용,남,52세,경상
2015053100100237,2015년 5월 31일 13시,일요일,강원도 고성군 간성읍,경상사고,0,0,1,0,차대차 - 측면직각충돌,안전운전불이행,건조,맑음,단일로 - 기타,승용,남,72세,상해없음,원동기,남,46세,경상
2015053100100276,2015년 5월 31일 14시,일요일,강원도 홍천군 서면,경상사고,0,0,1,0,차대차 - 측면직각충돌,안전운전불이행,건조,맑음,교차로 - 교차로부근,화물,남,51세,상해없음,승용,남,41세,경상
2015053100100315,2015년 5월 31일 15시,일요일,강원도 춘천시 온의동,경상사고,0,0,1,0,차대차 - 측면직각충돌,안전운전불이행,건조,맑음,단일로 - 기타,승용,여,54세,상해없음,자전거,남,50세,경상
2015053100100316,2015년 5월 31일 15시,일요일,강원도 횡성군 둔내면,중상사고,0,1,0,0,차대차 - 측면직각충돌,중앙선침범,건조,맑음,단일로 - 기타,이륜,남,48세,중상,화물,남,66세,상해없음
2015053100100356,2015년 5월 31일 16시,일요일,강원도 속초시 교동,중상사고,0,5,0,0,차대차 - 측면직각충돌,안전운전불이행,건조,맑음,단일로 - 기타,승용,여,50세,상해없음,승용,남,37세,중상
2015053100100357,2015년 5월 31일 16시,일요일,강원도 고성군 토성면,중상사고,0,1,0,0,차대차 - 정면충돌,안전운전불이행,건조,맑음,교차로 - 교차로안,승용,남,22세,상해없음,원동기,남,63세,중상
2015053100100358,2015년 5월 31일 16시,일요일,강원도 춘천시 남면,중상사고,0,2,3,0,차대차 - 추돌 - 주정차중,안전거리미확보,건조,맑음,기타 - 기타,승용,남,20세,상해없음,승용,남,36세,중상
2015053100100389,2015년 5월 31일 17시,일요일,강원도 춘천시 퇴계동,경상사고,0,0,1,0,차대차 - 측면직각충돌,안전운전불이행,건조,맑음,단일로 - 기타,승용,남,57세,상해없음,자전거,남,24세,경상
2015053100100390,2015년 5월 31일 17시,일요일,강원도 강릉시 입암동,경상사고,0,0,2,0,차대차 - 기타,안전운전불이행,건조,맑음,교차로 - 교차로부근,승용,여,58세,상해없음,승용,남,47세,경상
2015053100100391,2015년 5월 31일 17시,일요일,강원도 원주시 단구동,경상사고,0,0,1,0,차대차 - 정면충돌,안전운전불이행,건조,맑음,교차로 - 교차로안,승용,여,43세,상해없음,자전거,남,15세,경상
2015053100100392,2015년 5월 31일 17시,일요일,강원도 철원군 철원읍,중상사고,0,1,0,0,차대차 - 측면직각충돌,안전운전불이행,건조,맑음,교차로 - 교차로안,화물,남,50세,상해없음,이륜,남,83세,중상
2015053100100422,2015년 5월 31일 18시,일요일,강원도 횡성군 청일면,경상사고,0,0,1,0,차대사람 - 횡단중,안전운전불이행,건조,맑음,단일로 - 기타,승용,남,26세,상해없음,보행자,남,4세,경상
2015053100100551,2015년 5월 31일 23시,일요일,강원도 춘천시 석사동,경상사고,0,0,1,0,차대사람 - 횡단중,보행자보호의무위반,건조,맑음,단일로 - 횡단보도상,기타불명,기타불명,기타불명,기타불명,보행자,여,31세,경상
2015053100100552,2015년 5월 31일 23시,일요일,강원도 강릉시 교동,중상사고,0,1,1,0,차대차 - 측면직각충돌,안전운전불이행,건조,맑음,단일로 - 기타,승용,남,55세,상해없음,이륜,남,16세,중상
2015053100100553,2015년 5월 31일 23시,일요일,강원도 속초시 교동,경상사고,0,0,2,0,차대차 - 측면직각충돌,안전운전불이행,건조,맑음,교차로 - 교차로안,승용,남,24세,상해없음,승용,남,48세,경상
2015060100100025,2015년 6월 1일 02시,월요일,강원도 양양군 양양읍,경상사고,0,0,1,0,차량단독 - 공작물충돌,안전운전불이행,건조,맑음,단일로 - 기타,승용,남,23세,상해없음,,,,
2015060100100130,2015년 6월 1일 08시,월요일,강원도 철원군 동송읍,경상사고,0,0,1,0,차대차 - 측면직각충돌,직진우회전진행방해,건조,맑음,교차로 - 교차로안,승합,남,33세,상해없음,승합,남,46세,경상
2015060100100201,2015년 6월 1일 10시,월요일,강원도 강릉시 포남동,중상사고,0,1,0,0,차대차 - 측면직각충돌,교차로운행방법위반,건조,맑음,교차로 - 교차로안,승용,남,61세,상해없음,자전거,남,64세,중상
2015060100100233,2015년 6월 1일 11시,월요일,강원도 철원군 동송읍,경상사고,0,0,1,0,차대차 - 추돌 - 진행중,안전운전불이행,건조,맑음,단일로 - 기타,승용,남,32세,상해없음,승용,여,45세,경상
2015060100100259,2015년 6월 1일 12시,월요일,강원도 홍천군 서석면,사망사고,1,1,0,0,차대차 - 정면충돌,중앙선침범,건조,맑음,단일로 - 기타,화물,남,66세,사망,화물,남,63세,중상
2015060100100285,2015년 6월 1일 13시,월요일,강원도 원주시 개운동,중상사고,0,2,0,0,차대차 - 추돌 - 진행중,교차로운행방법위반,건조,맑음,교차로 - 교차로안,승합,여,38세,상해없음,이륜,남,70세,중상
2015060100100286,2015년 6월 1일 13시,월요일,강원도 원주시 명륜동,경상사고,0,0,1,0,차대차 - 기타,신호위반,건조,맑음,교차로 - 교차로안,이륜,남,18세,상해없음,승용,남,38세,경상
2015060100100287,2015년 6월 1일 13시,월요일,강원도 동해시 천곡동,중상사고,0,1,0,0,차대사람 - 보도통행중,보행자보호의무위반,건조,맑음,단일로 - 기타,승용,여,51세,상해없음,보행자,여,47세,중상
2015060100100318,2015년 6월 1일 14시,월요일,강원도 영월군 영월읍,중상사고,0,1,0,0,차대차 - 정면충돌,안전운전불이행,건조,맑음,단일로 - 기타,원동기,남,49세,상해없음,원동기,남,68세,중상
2015060100100353,2015년 6월 1일 15시,월요일,강원도 춘천시 남산면,경상사고,0,0,1,0,차대차 - 측면직각충돌,안전운전불이행,건조,맑음,단일로 - 기타,이륜,남,19세,상해없음,이륜,남,20세,경상
2015060100100354,2015년 6월 1일 15시,월요일,강원도 태백시 장성동,중상사고,0,1,2,5,차대차 - 정면충돌,중앙선침범,건조,맑음,단일로 - 기타,승합,남,57세,상해없음,승용,남,41세,중상
2015060100100392,2015년 6월 1일 16시,월요일,강원도 원주시 평원동,경상사고,0,0,2,0,차대차 - 추돌 - 진행중,안전운전불이행,건조,맑음,기타 - 기타,승용,여,31세,기타불명,승용,남,27세,경상
2015060100100434,2015년 6월 1일 17시,월요일,강원도 춘천시 서면,부상신고사고,0,0,0,1,차대차 - 측면직각충돌,안전운전불이행,건조,맑음,교차로 - 교차로부근,농기계,남,63세,상해없음,승용,여,45세,부상신고
2015060100100435,2015년 6월 1일 17시,월요일,강원도 원주시 단계동,경상사고,0,0,1,0,차대차 - 추돌 - 진행중,안전운전불이행,건조,맑음,단일로 - 기타,승용,여,61세,상해없음,승용,여,50세,경상
2015060100100483,2015년 6월 1일 18시,월요일,강원도 춘천시 퇴계동,경상사고,0,0,1,0,차대차 - 측면직각충돌,안전운전불이행,건조,맑음,단일로 - 기타,승용,여,24세,상해없음,승합,남,47세,상해없음
2015060100100484,2015년 6월 1일 18시,월요일,강원도 원주시 무실동,중상사고,0,1,0,0,차대차 - 측면직각충돌,안전운전불이행,건조,맑음,단일로 - 기타,승용,남,42세,상해없음,자전거,남,13세,중상
2015060100100485,2015년 6월 1일 18시,월요일,강원도 원주시 관설동,중상사고,0,1,0,0,차대차 - 정면충돌,중앙선침범,건조,맑음,교차로 - 교차로안,승용,여,45세,상해없음,승용,여,27세,중상