사고번호,사고일시,요일,시군구,사고내용,사망자수,중상자수,경상자수,부상신고자수,사고유형,법규위반,노면상태,기상상태,도로형태,가해운전자 차종,가해운전자 성별,가해운전자 연령,가해운전자 상해정도,피해운전자 차종,피해운전자 성별,피해운전자 연령,피해운전자 상해정도
2015060600100457,2015년 6월 6일 17시,토요일,강원도 춘천시 석사동,경상사고,0,0,1,0,차대사람 - 횡단중,신호위반,건조,맑음,단일로 - 횡단보도상,기타불명,기타불명,기타불명,기타불명,보행자,남,45세,경상
2015060600100458,2015년 6월 6일 17시,토요일,강원도 강릉시 성남동,중상사고,0,1,0,0,차대사람 - 차도통행중,안전운전불이행,건조,맑음,단일로 - 기타,승용,여,20세,상해없음,보행자,여,63세,중상
2015060600100554,2015년 6월 6일 20시,토요일,강원도 원주시 단구동,경상사고,0,0,1,0,차대차 - 측면직각충돌,안전운전불이행,건조,맑음,교차로 - 교차로안,승합,여,36세,상해없음,이륜,남,49세,경상
2015060600100580,2015년 6월 6일 21시,토요일,강원도 속초시 중앙동,경상사고,0,0,4,0,차대차 - 추돌 - 주정차중,안전운전불이행,건조,맑음,교차로 - 교차로안,화물,남,70세,상해없음,승용,남,65세,경상
2015060600100631,2015년 6월 6일 23시,토요일,강원도 춘천시 퇴계동,경상사고,0,0,1,0,차대차 - 측면직각충돌,신호위반,건조,맑음,교차로 - 교차로안,원동기,남,19세,상해없음,승용,남,45세,경상
2015060700100008,2015년 6월 7일 00시,일요일,강원도 강릉시 포남동,경상사고,0,0,2,0,차대사람 - 횡단중,보행자보호의무위반,건조,맑음,단일로 - 기타,승용,남,50세,상해없음,보행자,남,51세,경상
2015060700100030,2015년 6월 7일 01시,일요일,강원도 강릉시 교동,경상사고,0,0,1,0,차대차 - 추돌 - 진행중,안전운전불이행,건조,맑음,단일로 - 기타,승용,남,50세,상해없음,승용,여,46세,경상
2015060700100043,2015년 6월 7일 02시,일요일,강원도 속초시 교동,경상사고,0,0,1,0,차대사람 - 횡단중,보행자보호의무위반,건조,맑음,교차로 - 교차로부근,승용,여,57세,상해없음,보행자,남,66세,경상
2015060700100084,2015년 6월 7일 06시,일요일,강원도 정선군 임계면,중상사고,0,5,1,0,차대차 - 측면직각충돌,안전운전불이행,건조,맑음,단일로 - 기타,건설기계,남,50세,상해없음,승합,여,58세,중상
2015060700100117,2015년 6월 7일 09시,일요일,강원도 강릉시 사천면,경상사고,0,0,1,0,차대차 - 측면직각충돌,안전운전불이행,건조,맑음,단일로 - 기타,승용,남,50세,상해없음,이륜,남,70세,경상
2015060700100131,2015년 6월 7일 10시,일요일,강원도 고성군 토성면,경상사고,0,0,4,0,차대차 - 추돌 - 주정차중,안전운전불이행,건조,맑음,교차로 - 교차로부근,화물,남,54세,상해없음,승용,남,49세,경상
2015060700100212,2015년 6월 7일 13시,일요일,강원도 원주시 단구동,경상사고,0,0,1,0,차대차 - 기타,안전운전불이행,건조,맑음,교차로 - 교차로부근,승용,여,59세,상해없음,승용,여,46세,경상
2015060700100213,2015년 6월 7일 13시,일요일,강원도 정선군 정선읍,경상사고,0,0,1,0,차대사람 - 차도통행중,안전운전불이행,건조,맑음,단일로 - 기타,화물,남,66세,상해없음,보행자,남,56세,경상
2015060700100303,2015년 6월 7일 16시,일요일,강원도 홍천군 홍천읍,경상사고,0,0,2,0,차대차 - 측면직각충돌,직진우회전진행방해,건조,맑음,교차로 - 교차로안,승용,여,41세,경상,승용,여,60세,상해없음
2015060700100340,2015년 6월 7일 17시,일요일,강원도 춘천시 동면,중상사고,0,1,0,0,차대차 - 측면직각충돌,안전운전불이행,건조,맑음,단일로 - 기타,승용,여,50세,상해없음,이륜,남,60세,중상
2015060700100341,2015년 6월 7일 17시,일요일,강원도 원주시 문막읍,중상사고,0,2,0,0,차대차 - 추돌 - 주정차중,안전운전불이행,건조,맑음,교차로 - 교차로부근,승합,남,45세,상해없음,승용,여,60세,중상
2015060700100462,2015년 6월 7일 21시,일요일,강원도 춘천시 근화동,경상사고,0,0,1,0,차대사람 - 횡단중,안전운전불이행,건조,맑음,교차로 - 교차로부근,승용,남,43세,상해없음,보행자,남,55세,경상
2015060700100463,2015년 6월 7일 21시,일요일,강원도 태백시 황지동,경상사고,0,0,1,0,차대차 - 측면직각충돌,교차로운행방법위반,건조,맑음,교차로 - 교차로안,화물,남,55세,상해없음,승용,남,70세,상해없음
2015060700100511,2015년 6월 7일 23시,일요일,강원도 춘천시 후평동,중상사고,0,1,0,0,차량단독 - 전도전복,안전운전불이행,건조,맑음,단일로 - 기타,이륜,남,55세,중상,,,,
2015060700100512,2015년 6월 7일 23시,일요일,강원도 원주시 부론면,경상사고,0,0,5,0,차대차 - 추돌 - 진행중,기타,건조,맑음,단일로 - 기타,승용,남,32세,상해없음,화물,남,43세,경상
2015060800100015,2015년 6월 8일 01시,월요일,강원도 원주시 단구동,경상사고,0,0,1,0,차대차 - 기타,안전거리미확보,건조,맑음,교차로 - 교차로안,원동기,남,46세,상해없음,승용,남,30세,경상
2015060800100049,2015년 6월 8일 06시,월요일,강원도 강릉시 내곡동,경상사고,0,0,1,0,차대차 - 기타,안전운전불이행,건조,맑음,단일로 - 기타,화물,남,49세,상해없음,건설기계,남,40세,경상
2015060800100066,2015년 6월 8일 07시,월요일,강원도 화천군 하남면,경상사고,0,0,2,0,차대차 - 기타,안전운전불이행,건조,맑음,교차로 - 교차로안,승용,여,41세,상해없음,승용,여,52세,경상
2015060800100181,2015년 6월 8일 10시,월요일,강원도 철원군 갈말읍,사망사고,1,0,0,0,차대차 - 추돌 - 진행중,안전거리미확보,건조,흐림,단일로 - 기타,이륜,남,79세,사망,건설기계,남,46세,상해없음
2015060800100205,2015년 6월 8일 11시,월요일,강원도 속초시 중앙동,경상사고,0,0,4,0,차대차 - 추돌 - 진행중,안전운전불이행,건조,맑음,교차로 - 교차로부근,승용,남,50세,상해없음,승용,남,68세,경상
2015060800100361,2015년 6월 8일 16시,월요일,강원도 태백시 황지동,경상사고,0,0,1,0,차대사람 - 길가장자리구역통행중,안전운전불이행,건조,맑음,단일로 - 기타,승용,남,49세,상해없음,보행자,여,57세,경상
2015060800100399,2015년 6월 8일 17시,월요일,강원도 양양군 양양읍,경상사고,0,0,2,0,차대차 - 측면직각충돌,안전운전불이행,건조,맑음,교차로 - 교차로안,승합,남,59세,상해없음,승용,남,27세,경상
2015060800100440,2015년 6월 8일 18시,월요일,강원도 춘천시 교동,경상사고,0,0,1,0,차대차 - 측면직각충돌,안전운전불이행,건조,맑음,단일로 - 기타,승용,여,39세,상해없음,승용,여,42세,경상
2015060800100441,2015년 6월 8일 18시,월요일,강원도 춘천시 후평동,경상사고,0,0,1,0,차대차 - 기타,안전운전불이행,건조,맑음,교차로 - 교차로부근,화물,남,51세,상해없음,승용,남,24세,경상
2015060800100476,2015년 6월 8일 19시,월요일,강원도 원주시 문막읍,경상사고,0,0,1,0,차대차 - 측면직각충돌,안전운전불이행,건조,맑음,단일로 - 기타,승용,남,51세,상해없음,승용,여,44세,경상
2015060800100477,2015년 6월 8일 19시,월요일,강원도 홍천군 홍천읍,경상사고,0,0,1,0,차대차 - 기타,중앙선침범,건조,맑음,교차로 - 교차로부근,승용,남,54세,상해없음,이륜,남,19세,경상
2015060800100478,2015년 6월 8일 19시,월요일,강원도 정선군 사북읍,경상사고,0,0,1,0,차대사람 - 차도통행중,안전운전불이행,건조,맑음,단일로 - 교량,승용,남,38세,상해없음,보행자,남,14세,경상
2015060800100505,2015년 6월 8일 20시,월요일,강원도 춘천시 효자동,경상사고,0,0,1,0,차대사람 - 횡단중,보행자보호의무위반,건조,맑음,단일로 - 횡단보도상,승용,남,44세,상해없음,보행자,여,22세,경상
2015060800100532,2015년 6월 8일 21시,월요일,강원도 원주시 단구동,경상사고,0,0,1,0,차대차 - 측면직각충돌,안전운전불이행,건조,맑음,교차로 - 교차로부근,이륜,남,21세,경상,승용,여,51세,상해없음
2015060800100555,2015년 6월 8일 22시,월요일,강원도 철원군 갈말읍,경상사고,0,0,1,0,차대차 - 추돌 - 주정차중,안전운전불이행,건조,맑음,단일로 - 기타,화물,남,78세,상해없음,화물,남,76세,경상
2015060900100079,2015년 6월 9일 07시,화요일,강원도 삼척시 정상동,경상사고,0,0,1,0,차대차 - 추돌 - 진행중,안전거리미확보,건조,맑음,단일로 - 기타,건설기계,남,49세,상해없음,화물,여,53세,경상
2015060900100121,2015년 6월 9일 08시,화요일,강원도 횡성군 횡성읍,경상사고,0,0,1,0,차대차 - 측면직각충돌,직진우회전진행방해,건조,맑음,교차로 - 교차로안,승용,남,51세,상해없음,승용,여,34세,경상
2015060900100139,2015년 6월 9일 09시,화요일,강원도 춘천시 석사동,경상사고,0,0,3,0,차대차 - 측면직각충돌,신호위반,건조,맑음,교차로 - 교차로안,화물,남,46세,경상,승용,여,60세,경상
2015060900100166,2015년 6월 9일 10시,화요일,강원도 강릉시 내곡동,경상사고,0,0,1,0,차대사람 - 횡단중,신호위반,건조,맑음,교차로 - 교차로안,승용,남,58세,상해없음,보행자,여,49세,경상
2015060900100167,2015년 6월 9일 10시,화요일,강원도 원주시 학성동,경상사고,0,0,1,0,차대차 - 측면직각충돌,직진우회전진행방해,건조,맑음,교차로 - 교차로안,승용,여,33세,상해없음,승용,남,56세,경상
2015060900100192,2015년 6월 9일 11시,화요일,강원도 동해시 단봉동,경상사고,0,0,2,0,차대차 - 추돌 - 주정차중,안전거리미확보,건조,맑음,교차로 - 교차로안,화물,남,47세,상해없음,승용,남,64세,경상
2015060900100220,2015년 6월 9일 12시,화요일,강원도 삼척시 마달동,경상사고,0,0,1,0,차대차 - 측면직각충돌,안전운전불이행,건조,맑음,단일로 - 기타,원동기,남,36세,경상,승용,남,34세,상해없음
2015060900100221,2015년 6월 9일 12시,화요일,강원도 태백시 황지동,경상사고,0,0,2,0,차대차 - 측면직각충돌,불법유턴,건조,맑음,단일로 - 기타,승용,남,58세,상해없음,승용,남,34세,경상
2015060900100250,2015년 6월 9일 13시,화요일,강원도 강릉시 사천면,경상사고,0,0,1,0,차대차 - 측면직각충돌,안전운전불이행,건조,맑음,교차로 - 교차로안,승용,남,59세,상해없음,이륜,남,49세,경상
2015060900100251,2015년 6월 9일 13시,화요일,강원도 속초시 금호동,경상사고,0,0,1,0,차대차 - 측면직각충돌,신호위반,건조,맑음,교차로 - 교차로안,승용,여,55세,상해없음,승용,남,57세,경상
2015060900100308,2015년 6월 9일 15시,화요일,강원도 춘천시 남산면,중상사고,0,1,2,0,차대차 - 측면직각충돌,교차로운행방법위반,건조,맑음,교차로 - 교차로안,승용,남,69세,기타불명,승용,남,51세,경상
2015060900100338,2015년 6월 9일 16시,화요일,강원도 강릉시 주문진읍,중상사고,0,1,0,0,차대차 - 기타,안전운전불이행,건조,맑음,교차로 - 교차로부근,승용,남,48세,상해없음,이륜,남,52세,중상
2015060900100339,2015년 6월 9일 16시,화요일,강원도 양양군 양양읍,경상사고,0,0,2,0,차대차 - 측면직각충돌,안전운전불이행,건조,맑음,단일로 - 기타,승용,남,68세,상해없음,승용,남,68세,상해없음
2015060900100340,2015년 6월 9일 16시,화요일,강원도 정선군 정선읍,중상사고,0,1,0,0,차대차 - 측면직각충돌,신호위반,건조,맑음,단일로 - 기타,승용,여,48세,상해없음,자전거,남,45세,중상
2015060900100377,2015년 6월 9일 17시,화요일,강원도 삼척시 원덕읍,경상사고,0,0,1,0,차대차 - 측면직각충돌,교차로운행방법위반,건조,맑음,교차로 - 교차로안,승용,남,70세,상해없음,승용,남,64세,경상
2015060900100467,2015년 6월 9일 20시,화요일,강원도 춘천시 후평동,중상사고,0,1,0,0,차대차 - 측면직각충돌,교차로운행방법위반,건조,맑음,교차로 - 교차로안,승합,남,52세,상해없음,이륜,남,72세,중상
2015060900100468,2015년 6월 9일 20시,화요일,강원도 정선군 남면,경상사고,0,0,1,0,차대차 - 추돌 - 진행중,안전운전불이행,건조,맑음,단일로 - 기타,승용,남,31세,상해없음,건설기계,남,44세,경상
2015060900100523,2015년 6월 9일 22시,화요일,강원도 원주시 태장동,경상사고,0,0,1,0,차대차 - 추돌 - 진행중,안전운전불이행,건조,맑음,교차로 - 교차로안,화물,남,28세,상해없음,자전거,남,55세,경상
2015060900100557,2015년 6월 9일 23시,화요일,강원도 원주시 관설동,경상사고,0,0,2,0,차대차 - 측면직각충돌,안전거리미확보,건조,맑음,교차로 - 교차로부근,승용,남,47세,상해없음,승용,남,50세,경상
2015060900100558,2015년 6월 9일 23시,화요일,강원도 동해시 천곡동,경상사고,0,0,2,0,차대차 - 측면직각충돌,안전거리미확보,건조,맑음,단일로 - 기타,승용,남,49세,상해없음,승용,남,49세,경상
2015061000100042,2015년 6월 10일 03시,수요일,강원도 원주시 개운동,경상사고,0,0,1,0,차량단독 - 도로외이탈 - 기타,안전운전불이행,건조,맑음,교차로 - 교차로부근,승용,남,43세,상해없음,,,,
2015061000100059,2015년 6월 10일 05시,수요일,강원도 원주시 문막읍,중상사고,0,1,0,0,차대차 - 측면직각충돌,직진우회전진행방해,건조,맑음,교차로 - 교차로안,이륜,남,83세,중상,승용,남,70세,상해없음
2015061000100112,2015년 6월 10일 08시,수요일,강원도 춘천시 후평동,경상사고,0,0,1,0,차대차 - 측면직각충돌,안전운전불이행,건조,맑음,단일로 - 기타,승용,여,50세,상해없음,자전거,남,17세,경상
2015061000100113,2015년 6월 10일 08시,수요일,강원도 원주시 단계동,경상사고,0,0,1,0,차대차 - 기타,안전운전불이행,건조,맑음,교차로 - 교차로부근,승용,여,34세,상해없음,자전거,남,18세,경상
2015061000100114,2015년 6월 10일 08시,수요일,강원도 고성군 토성면,사망사고,1,0,0,0,차량단독 - 도로외이탈 - 추락,안전운전불이행,건조,맑음,교차로 - 교차로안,건설기계,남,49세,사망,,,,
2015061000100190,2015년 6월 10일 10시,수요일,강원도 동해시 효가동,중상사고,0,1,0,0,차대사람 - 길가장자리구역통행중,안전운전불이행,건조,맑음,단일로 - 기타,자전거,남,23세,상해없음,보행자,여,85세,중상
2015061000100214,2015년 6월 10일 11시,수요일,강원도 원주시 단계동,경상사고,0,0,1,0,차대차 - 측면직각충돌,안전운전불이행,건조,맑음,교차로 - 교차로안,이륜,남,21세,경상,승용,남,55세,상해없음
2015061000100215,2015년 6월 10일 11시,수요일,강원도 평창군 진부면,경상사고,0,0,1,0,차대차 - 측면직각충돌,안전운전불이행,건조,맑음,단일로 - 기타,화물,남,62세,경상,건설기계,남,54세,상해없음
2015061000100250,2015년 6월 10일 12시,수요일,강원도 강릉시 입암동,중상사고,0,1,0,0,차대사람 - 횡단중,신호위반,건조,맑음,교차로 - 교차로부근,승합,남,57세,상해없음,보행자,여,34세,중상
2015061000100276,2015년 6월 10일 13시,수요일,강원도 원주시 학성동,경상사고,0,0,2,0,차대차 - 추돌 - 진행중,안전거리미확보,건조,맑음,단일로 - 기타,화물,남,53세,상해없음,승합,여,63세,경상
2015061000100297,2015년 6월 10일 14시,수요일,강원도 영월군 영월읍,중상사고,0,1,0,0,차대사람 - 횡단중,보행자보호의무위반,건조,맑음,단일로 - 횡단보도상,승용,남,60세,상해없음,보행자,남,6세,중상
2015061000100334,2015년 6월 10일 15시,수요일,강원도 삼척시 남양동,경상사고,0,0,1,0,차대사람 - 보도통행중,보행자보호의무위반,건조,맑음,교차로 - 교차로부근,승용,남,82세,상해없음,보행자,남,57세,경상
2015061000100359,2015년 6월 10일 16시,수요일,강원도 강릉시 사천면,경상사고,0,0,2,0,차대차 - 추돌 - 진행중,안전운전불이행,건조,맑음,단일로 - 기타,승용,남,64세,상해없음,승용,여,35세,경상
2015061000100443,2015년 6월 10일 18시,수요일,강원도 동해시 천곡동,경상사고,0,0,2,0,차대차 - 추돌 - 진행중,안전운전불이행,건조,맑음,단일로 - 기타,화물,남,51세,상해없음,승용,남,59세,경상
2015061000100489,2015년 6월 10일 19시,수요일,강원도 춘천시 칠전동,중상사고,0,1,0,0,차량단독 - 공작물충돌,안전운전불이행,건조,맑음,단일로 - 기타,이륜,남,73세,상해없음,,,,
2015061000100490,2015년 6월 10일 19시,수요일,강원도 속초시 교동,경상사고,0,0,1,0,차대차 - 측면직각충돌,중앙선침범,건조,맑음,단일로 - 기타,승용,남,57세,상해없음,이륜,남,20세,경상
2015061000100514,2015년 6월 10일 20시,수요일,강원도 원주시 단구동,경상사고,0,0,2,0,차대차 - 추돌 - 진행중,안전거리미확보,건조,맑음,교차로 - 교차로안,승용,여,47세,상해없음,승용,여,57세,상해없음
2015061000100515,2015년 6월 10일 20시,수요일,강원도 태백시 황지동,경상사고,0,0,1,0,차대사람 - 횡단중,안전운전불이행,건조,맑음,기타 - 기타,승용,남,55세,상해없음,보행자,여,33세,경상
2015061000100545,2015년 6월 10일 21시,수요일,강원도 춘천시 석사동,경상사고,0,0,1,0,차대차 - 측면직각충돌,신호위반,건조,맑음,교차로 - 교차로안,승용,여,42세,상해없음,승용,여,53세,경상
2015061000100546,2015년 6월 10일 21시,수요일,강원도 춘천시 석사동,경상사고,0,0,1,0,차대차 - 측면직각충돌,안전운전불이행,건조,맑음,교차로 - 교차로부근,이륜,남,24세,상해없음,승용,여,21세,경상
2015061000100607,2015년 6월 10일 23시,수요일,강원도 원주시 중앙동,경상사고,0,0,1,0,차대차 - 측면직각충돌,안전운전불이행,건조,맑음,교차로 - 교차로부근,자전거,남,64세,경상,승용,남,41세,상해없음
2015061000100608,2015년 6월 10일 23시,수요일,강원도 홍천군 화촌면,경상사고,0,0,1,0,차대차 - 기타,안전운전불이행,건조,맑음,교차로 - 교차로부근,화물,남,45세,상해없음,승용,여,37세,경상
2015061100100009,2015년 6월 11일 00시,목요일,강원도 원주시 단계동,경상사고,0,0,1,0,차대차 - 추돌 - 주정차중,안전운전불이행,건조,맑음,단일로 - 기타,승용,여,27세,기타불명,승용,남,58세,경상
2015061100100074,2015년 6월 11일 05시,목요일,강원도 속초시 노학동,경상사고,0,0,1,0,차량단독 - 공작물충돌,안전운전불이행,건조,맑음,단일로 - 기타,승용,남,19세,상해없음,,,,
2015061100100105,2015년 6월 11일 07시,목요일,강원도 양구군 양구읍,중상사고,0,1,0,0,차대차 - 측면직각충돌,직진우회전진행방해,건조,맑음,교차로 - 교차로안,화물,남,60세,상해없음,이륜,남,77세,중상
2015061100100130,2015년 6월 11일 08시,목요일,강원도 삼척시 남양동,경상사고,0,0,2,0,차대차 - 측면직각충돌,직진우회전진행방해,건조,맑음,교차로 - 교차로안,승용,여,39세,상해없음,승용,남,51세,경상
2015061100100171,2015년 6월 11일 09시,목요일,강원도 양양군 양양읍,중상사고,0,1,0,0,차대차 - 측면직각충돌,안전운전불이행,건조,맑음,단일로 - 기타,승용,남,60세,상해없음,원동기,남,77세,중상
2015061100100193,2015년 6월 11일 10시,목요일,강원도 삼척시 원덕읍,경상사고,0,0,1,0,차대차 - 측면직각충돌,중앙선침범,건조,맑음,단일로 - 기타,화물,남,45세,경상,특수,남,49세,상해없음
2015061100100194,2015년 6월 11일 10시,목요일,강원도 인제군 기린면,중상사고,0,1,0,0,차대사람 - 횡단중,안전운전불이행,건조,맑음,단일로 - 기타,승합,남,44세,상해없음,보행자,남,5세,중상
2015061100100225,2015년 6월 11일 11시,목요일,강원도 원주시 학성동,경상사고,0,0,1,0,차대차 - 추돌 - 주정차중,안전운전불이행,건조,맑음,교차로 - 교차로부근,승용,남,59세,상해없음,승용,남,25세,상해없음
2015061100100278,2015년 6월 11일 13시,목요일,강원도 원주시 우산동,경상사고,0,0,1,0,차대차 - 정면충돌,중앙선침범,건조,맑음,기타 - 기타,승용,남,34세,상해없음,승합,남,35세,경상
2015061100100432,2015년 6월 11일 18시,목요일,강원도 원주시 단계동,중상사고,0,1,0,0,차대사람 - 차도통행중,보행자보호의무위반,건조,맑음,단일로 - 횡단보도상,승합,남,24세,상해없음,보행자,남,61세,중상
2015061100100433,2015년 6월 11일 18시,목요일,강원도 원주시 학성동,경상사고,0,0,1,0,차대차 - 측면직각충돌,안전운전불이행,건조,맑음,단일로 - 기타,승용,여,43세,상해없음,이륜,남,17세,경상
2015061100100465,2015년 6월 11일 19시,목요일,강원도 춘천시 운교동,경상사고,0,0,1,0,차대차 - 추돌 - 진행중,안전운전불이행,습기,비,교차로 - 교차로부근,승용,남,42세,상해없음,승용,남,46세,상해없음
2015061100100466,2015년 6월 11일 19시,목요일,강원도 원주시 단구동,경상사고,0,0,2,1,차대차 - 측면직각충돌,중앙선침범,건조,맑음,교차로 - 교차로안,승용,여,39세,경상,이륜,남,30세,경상
2015061100100467,2015년 6월 11일 19시,목요일,강원도 원주시 태장동,경상사고,0,0,1,0,차대차 - 측면직각충돌,신호위반,건조,맑음,교차로 - 교차로안,승용,남,55세,상해없음,승용,남,22세,경상
2015061100100468,2015년 6월 11일 19시,목요일,강원도 원주시 단구동,경상사고,0,0,1,0,차대차 - 측면직각충돌,차로위반,건조,맑음,교차로 - 교차로부근,승용,남,34세,상해없음,이륜,남,30세,경상
2015061100100509,2015년 6월 11일 20시,목요일,강원도 원주시 우산동,중상사고,0,1,14,0,차대차 - 추돌 - 진행중,안전거리미확보,건조,흐림,단일로 - 기타,승합,남,56세,상해없음,승합,남,55세,경상
2015061100100539,2015년 6월 11일 21시,목요일,강원도 강릉시 내곡동,경상사고,0,0,2,0,차대사람 - 차도통행중,안전운전불이행,건조,맑음,교차로 - 교차로부근,승용,남,27세,상해없음,보행자,남,25세,경상
2015061100100540,2015년 6월 11일 21시,목요일,강원도 동해시 천곡동,경상사고,0,0,1,0,차대차 - 추돌 - 주정차중,안전거리미확보,건조,맑음,단일로 - 기타,승용,남,55세,상해없음,승용,여,49세,경상
2015061100100541,2015년 6월 11일 21시,목요일,강원도 동해시 평릉동,중상사고,0,3,0,0,차대사람 - 횡단중,안전운전불이행,건조,맑음,교차로 - 교차로부근,승용,남,40세,상해없음,보행자,남,13세,중상
2015061100100582,2015년 6월 11일 22시,목요일,강원도 동해시 단봉동,경상사고,0,0,1,0,차대차 - 측면직각충돌,신호위반,건조,맑음,교차로 - 교차로안,승용,남,52세,상해없음,승용,여,31세,경상
2015061200100015,2015년 6월 12일 00시,금요일,강원도 원주시 원동,경상사고,0,0,2,0,차대차 - 측면직각충돌,신호위반,습기,비,교차로 - 교차로안,승용,남,25세,상해없음,승용,남,58세,경상
2015061200100016,2015년 6월 12일 00시,금요일,강원도 원주시 우산동,경상사고,0,0,1,0,차대사람 - 기타,안전운전불이행,습기,비,단일로 - 기타,기타불명,기타불명,기타불명,기타불명,보행자,남,23세,경상
2015061200100017,2015년 6월 12일 00시,금요일,강원도 원주시 반곡동,부상신고사고,0,0,0,1,차대차 - 측면직각충돌,중앙선침범,습기,비,단일로 - 기타,기타불명,기타불명,기타불명,기타불명,승용,여,49세,부상신고
2015061200100018,2015년 6월 12일 00시,금요일,강원도 원주시 관설동,경상사고,0,0,4,0,차대차 - 측면직각충돌,교차로운행방법위반,건조,맑음,교차로 - 교차로안,승용,남,42세,경상,승용,남,52세,상해없음
2015061200100054,2015년 6월 12일 03시,금요일,강원도 원주시 단구동,경상사고,0,0,2,0,차대차 - 추돌 - 주정차중,안전운전불이행,건조,맑음,교차로 - 교차로부근,승용,남,26세,상해없음,승용,여,49세,경상
2015061200100075,2015년 6월 12일 05시,금요일,강원도 평창군 진부면,중상사고,0,1,0,0,차대차 - 측면직각충돌,신호위반,건조,맑음,교차로 - 교차로안,승용,남,50세,상해없음,화물,남,56세,중상
2015061200100133,2015년 6월 12일 08시,금요일,강원도 춘천시 퇴계동,중상사고,0,1,0,0,차대차 - 측면직각충돌,교차로운행방법위반,건조,맑음,교차로 - 교차로안,승용,여,39세,상해없음,승용,남,54세,중상
2015061200100134,2015년 6월 12일 08시,금요일,강원도 영월군 영월읍,사망사고,1,0,0,0,차대사람 - 횡단중,안전운전불이행,건조,맑음,단일로 - 기타,승용,남,73세,상해없음,보행자,여,62세,사망
2015061200100164,2015년 6월 12일 09시,금요일,강원도 춘천시 사북면,경상사고,0,0,2,0,차대차 - 측면직각충돌,안전운전불이행,습기,맑음,단일로 - 기타,승합,남,57세,상해없음,승용,여,49세,경상
2015061200100165,2015년 6월 12일 09시,금요일,강원도 양구군 남면,부상신고사고,0,0,0,1,차대차 - 측면직각충돌,안전운전불이행,건조,맑음,단일로 - 기타,승용,여,41세,부상신고,승용,남,58세,상해없음
2015061200100258,2015년 6월 12일 13시,금요일,강원도 원주시 부론면,중상사고,0,1,5,0,차대차 - 추돌 - 진행중,안전운전불이행,건조,맑음,단일로 - 기타,승합,남,43세,상해없음,화물,남,46세,중상
2015061200100279,2015년 6월 12일 14시,금요일,강원도 동해시 발한동,경상사고,0,0,2,0,차대차 - 추돌 - 진행중,안전운전불이행,건조,맑음,단일로 - 기타,승용,남,50세,상해없음,승용,여,55세,경상
2015061200100314,2015년 6월 12일 15시,금요일,강원도 홍천군 홍천읍,중상사고,0,1,0,0,차량단독 - 기타,기타,건조,맑음,단일로 - 기타,승합,남,63세,상해없음,,,,
2015061200100346,2015년 6월 12일 16시,금요일,강원도 춘천시 북산면,경상사고,0,0,3,0,차대차 - 추돌 - 진행중,안전운전불이행,건조,맑음,단일로 - 기타,승용,남,55세,상해없음,승용,여,33세,경상
2015061200100347,2015년 6월 12일 16시,금요일,강원도 강릉시 송정동,경상사고,0,0,1,0,차대차 - 측면직각충돌,안전운전불이행,건조,맑음,단일로 - 기타,승용,남,67세,상해없음,승합,남,44세,경상
2015061200100432,2015년 6월 12일 18시,금요일,강원도 영월군 영월읍,중상사고,0,1,1,0,차대차 - 측면직각충돌,교차로운행방법위반,건조,맑음,교차로 - 교차로안,승용,남,74세,상해없음,화물,남,54세,경상
2015061200100471,2015년 6월 12일 19시,금요일,강원도 춘천시 중앙로3가,경상사고,0,0,1,0,차대사람 - 횡단중,보행자보호의무위반,건조,맑음,단일로 - 횡단보도상,승용,여,58세,상해없음,보행자,남,55세,경상
2015061200100472,2015년 6월 12일 19시,금요일,강원도 강릉시 지변동,중상사고,0,1,0,0,차대사람 - 기타,안전운전불이행,건조,맑음,교차로 - 교차로부근,승용,남,19세,상해없음,보행자,남,20세,중상
2015061200100473,2015년 6월 12일 19시,금요일,강원도 동해시 발한동,경상사고,0,0,1,0,차대차 - 추돌 - 진행중,안전운전불이행,건조,맑음,단일로 - 기타,승용,남,43세,상해없음,승용,남,41세,경상
2015061200100519,2015년 6월 12일 20시,금요일,강원도 강릉시 내곡동,경상사고,0,0,1,0,차대사람 - 기타,안전운전불이행,건조,맑음,교차로 - 교차로부근,승용,남,62세,상해없음,보행자,여,56세,경상
2015061200100520,2015년 6월 12일 20시,금요일,강원도 원주시 반곡동,경상사고,0,0,3,0,차대차 - 기타,교차로운행방법위반,건조,맑음,교차로 - 교차로부근,기타불명,기타불명,기타불명,기타불명,승용,여,20세,경상
2015061200100521,2015년 6월 12일 20시,금요일,강원도 동해시 동회동,경상사고,0,0,1,0,차대사람 - 보도통행중,보행자보호의무위반,건조,맑음,교차로 - 교차로안,승용,남,43세,상해없음,보행자,남,42세,경상
2015061200100552,2015년 6월 12일 21시,금요일,강원도 동해시 쇄운동,중상사고,0,1,1,0,차대차 - 측면직각충돌,신호위반,건조,맑음,교차로 - 교차로안,승용,남,26세,상해없음,승용,남,73세,중상
2015061200100583,2015년 6월 12일 22시,금요일,강원도 원주시 명륜동,경상사고,0,0,1,0,차대차 - 측면직각충돌,신호위반,건조,맑음,교차로 - 교차로안,승용,남,46세,상해없음,이륜,남,16세,경상
2015061200100584,2015년 6월 12일 22시,금요일,강원도 동해시 북평동,경상사고,0,0,2,0,차대차 - 측면직각충돌,안전거리미확보,건조,맑음,교차로 - 교차로부근,화물,남,51세,상해없음,승용,남,31세,경상