사고번호,사고일시,요일,시군구,사고내용,사망자수,중상자수,경상자수,부상신고자수,사고유형,법규위반,노면상태,기상상태,도로형태,가해운전자 차종,가해운전자 성별,가해운전자 연령,가해운전자 상해정도,피해운전자 차종,피해운전자 성별,피해운전자 연령,피해운전자 상해정도
2015061700100569,2015년 6월 17일 23시,수요일,강원도 원주시 단구동,부상신고사고,0,0,0,1,차대차 - 추돌 - 주정차중,안전거리미확보,습기,비,교차로 - 교차로부근,기타불명,기타불명,기타불명,기타불명,승용,남,48세,부상신고
2015061700100570,2015년 6월 17일 23시,수요일,강원도 원주시 단구동,경상사고,0,0,1,0,차대차 - 정면충돌,신호위반,습기,비,교차로 - 교차로안,승용,남,31세,상해없음,승용,남,39세,경상
2015061800100018,2015년 6월 18일 00시,목요일,강원도 원주시 흥업면,부상신고사고,0,0,0,1,차량단독 - 공작물충돌,안전운전불이행,건조,맑음,교차로 - 교차로안,기타불명,기타불명,기타불명,기타불명,,,,
2015061800100042,2015년 6월 18일 01시,목요일,강원도 춘천시 퇴계동,중상사고,0,1,0,0,차대차 - 측면직각충돌,신호위반,건조,맑음,교차로 - 교차로안,승용,여,43세,상해없음,승용,남,46세,중상
2015061800100079,2015년 6월 18일 05시,목요일,강원도 춘천시 효자동,경상사고,0,0,2,0,차대차 - 측면직각충돌,교차로운행방법위반,건조,맑음,교차로 - 교차로안,승용,여,51세,상해없음,승용,여,52세,경상
2015061800100144,2015년 6월 18일 08시,목요일,강원도 춘천시 석사동,경상사고,0,0,1,0,차대차 - 추돌 - 진행중,안전운전불이행,건조,맑음,교차로 - 교차로안,승용,여,54세,상해없음,승용,남,47세,경상
2015061800100145,2015년 6월 18일 08시,목요일,강원도 태백시 황지동,부상신고사고,0,0,0,1,차대차 - 측면직각충돌,교차로운행방법위반,건조,맑음,교차로 - 교차로안,화물,남,29세,상해없음,자전거,여,22세,부상신고
2015061800100178,2015년 6월 18일 09시,목요일,강원도 춘천시 사북면,경상사고,0,0,2,0,차대차 - 측면직각충돌,중앙선침범,건조,맑음,단일로 - 기타,승용,남,33세,상해없음,화물,남,21세,경상
2015061800100179,2015년 6월 18일 09시,목요일,강원도 원주시 단계동,경상사고,0,0,3,0,차대차 - 측면직각충돌,교차로운행방법위반,건조,맑음,교차로 - 교차로안,승용,남,49세,상해없음,승용,여,55세,경상
2015061800100180,2015년 6월 18일 09시,목요일,강원도 삼척시 교동,경상사고,0,0,2,0,차대차 - 측면직각충돌,안전운전불이행,건조,맑음,교차로 - 교차로안,승합,여,41세,상해없음,승용,남,55세,경상
2015061800100181,2015년 6월 18일 09시,목요일,강원도 정선군 정선읍,중상사고,0,1,0,0,차대차 - 측면직각충돌,과속,건조,맑음,단일로 - 기타,승용,남,40세,상해없음,자전거,남,68세,중상
2015061800100205,2015년 6월 18일 10시,목요일,강원도 고성군 거진읍,경상사고,0,0,4,0,차대차 - 추돌 - 진행중,안전운전불이행,습기,비,단일로 - 기타,화물,남,58세,상해없음,화물,남,21세,경상
2015061800100228,2015년 6월 18일 11시,목요일,강원도 동해시 북평동,경상사고,0,0,1,0,차대차 - 측면직각충돌,안전운전불이행,건조,맑음,단일로 - 기타,화물,남,67세,상해없음,원동기,남,64세,경상
2015061800100253,2015년 6월 18일 12시,목요일,강원도 태백시 황지동,중상사고,0,1,0,0,차대차 - 정면충돌,안전거리미확보,건조,맑음,단일로 - 교량,화물,남,63세,상해없음,승용,남,59세,상해없음
2015061800100277,2015년 6월 18일 13시,목요일,강원도 강릉시 교동,중상사고,0,1,0,0,차대차 - 측면직각충돌,안전운전불이행,습기,흐림,교차로 - 교차로안,승용,남,28세,상해없음,이륜,남,51세,중상
2015061800100278,2015년 6월 18일 13시,목요일,강원도 삼척시 교동,경상사고,0,0,4,0,차대차 - 측면직각충돌,안전운전불이행,건조,맑음,단일로 - 기타,승용,여,64세,경상,승용,남,47세,경상
2015061800100301,2015년 6월 18일 14시,목요일,강원도 원주시 단구동,중상사고,0,2,1,0,차대차 - 추돌 - 진행중,안전거리미확보,건조,맑음,단일로 - 기타,승용,남,41세,상해없음,승용,여,51세,중상
2015061800100302,2015년 6월 18일 14시,목요일,강원도 태백시 황지동,경상사고,0,0,1,0,차대사람 - 횡단중,보행자보호의무위반,건조,맑음,단일로 - 기타,화물,남,45세,상해없음,보행자,남,7세,경상
2015061800100323,2015년 6월 18일 15시,목요일,강원도 강릉시 입암동,경상사고,0,0,1,0,차대차 - 측면직각충돌,안전운전불이행,건조,맑음,교차로 - 교차로안,승용,남,60세,상해없음,화물,남,44세,경상
2015061800100364,2015년 6월 18일 16시,목요일,강원도 원주시 단구동,부상신고사고,0,0,0,1,차대차 - 기타,중앙선침범,건조,맑음,단일로 - 기타,자전거,남,17세,부상신고,승합,남,37세,상해없음
2015061800100365,2015년 6월 18일 16시,목요일,강원도 원주시 신림면,경상사고,0,0,2,0,차대차 - 측면직각충돌,중앙선침범,건조,맑음,기타 - 기타,승용,남,46세,상해없음,승용,남,52세,경상
2015061800100396,2015년 6월 18일 17시,목요일,강원도 원주시 학성동,경상사고,0,0,1,0,차대차 - 측면직각충돌,안전운전불이행,건조,맑음,단일로 - 기타,화물,남,26세,상해없음,자전거,남,35세,경상
2015061800100438,2015년 6월 18일 18시,목요일,강원도 원주시 소초면,중상사고,0,1,0,0,차대사람 - 기타,안전운전불이행,건조,맑음,단일로 - 기타,승용,여,43세,상해없음,보행자,여,50세,중상
2015061800100439,2015년 6월 18일 18시,목요일,강원도 평창군 진부면,경상사고,0,0,2,0,차대차 - 기타,차로위반,건조,맑음,기타 - 기타,화물,남,57세,상해없음,승용,남,30세,경상
2015061800100516,2015년 6월 18일 20시,목요일,강원도 춘천시 동내면,사망사고,1,0,0,0,차대차 - 추돌 - 진행중,안전운전불이행,건조,맑음,단일로 - 기타,승용,남,26세,상해없음,농기계,남,50세,사망
2015061800100547,2015년 6월 18일 21시,목요일,강원도 춘천시 사농동,중상사고,0,1,0,0,차대차 - 측면직각충돌,안전운전불이행,건조,맑음,단일로 - 기타,화물,남,42세,상해없음,승용,여,29세,중상
2015061800100548,2015년 6월 18일 21시,목요일,강원도 원주시 무실동,중상사고,0,2,0,0,차대차 - 기타,불법유턴,건조,맑음,교차로 - 교차로부근,화물,남,25세,기타불명,이륜,남,19세,중상
2015061800100586,2015년 6월 18일 22시,목요일,강원도 춘천시 후평동,중상사고,0,2,1,0,차대차 - 측면직각충돌,신호위반,건조,맑음,교차로 - 교차로안,승용,여,19세,상해없음,승용,남,44세,중상
2015061900100015,2015년 6월 19일 00시,금요일,강원도 원주시 학성동,중상사고,0,1,0,0,차대사람 - 기타,안전운전불이행,건조,맑음,단일로 - 기타,승합,남,27세,상해없음,보행자,남,39세,중상
2015061900100053,2015년 6월 19일 02시,금요일,강원도 원주시 명륜동,경상사고,0,0,2,0,차대차 - 측면직각충돌,안전거리미확보,건조,맑음,단일로 - 기타,승용,여,40세,상해없음,이륜,남,28세,경상
2015061900100179,2015년 6월 19일 09시,금요일,강원도 홍천군 남면,중상사고,0,1,0,0,차대차 - 기타,직진우회전진행방해,건조,맑음,교차로 - 교차로안,화물,남,50세,상해없음,화물,남,53세,중상
2015061900100227,2015년 6월 19일 11시,금요일,강원도 춘천시 신북읍,부상신고사고,0,0,0,1,차대차 - 추돌 - 진행중,안전거리미확보,건조,맑음,단일로 - 터널,승용,남,61세,상해없음,승용,남,32세,부상신고
2015061900100228,2015년 6월 19일 11시,금요일,강원도 속초시 교동,중상사고,0,1,0,0,차대차 - 추돌 - 진행중,중앙선침범,건조,맑음,단일로 - 기타,자전거,남,78세,중상,승용,남,51세,상해없음
2015061900100260,2015년 6월 19일 12시,금요일,강원도 속초시 교동,경상사고,0,0,1,0,차대사람 - 길가장자리구역통행중,안전운전불이행,건조,맑음,단일로 - 기타,화물,남,52세,상해없음,보행자,여,80세,경상
2015061900100261,2015년 6월 19일 12시,금요일,강원도 평창군 대관령면,경상사고,0,0,2,0,차대차 - 추돌 - 진행중,안전운전불이행,건조,맑음,단일로 - 기타,화물,남,62세,상해없음,승용,남,33세,경상
2015061900100289,2015년 6월 19일 13시,금요일,강원도 춘천시 효자동,중상사고,0,1,0,0,차대사람 - 횡단중,신호위반,건조,맑음,교차로 - 교차로안,승용,남,57세,상해없음,보행자,남,74세,중상
2015061900100290,2015년 6월 19일 13시,금요일,강원도 속초시 조양동,경상사고,0,0,1,0,차대차 - 측면직각충돌,안전운전불이행,건조,맑음,단일로 - 기타,원동기,남,68세,상해없음,승용,남,31세,경상
2015061900100319,2015년 6월 19일 14시,금요일,강원도 춘천시 운교동,중상사고,0,1,0,0,차대차 - 측면직각충돌,안전운전불이행,건조,맑음,교차로 - 교차로부근,화물,남,69세,상해없음,자전거,여,37세,중상
2015061900100349,2015년 6월 19일 15시,금요일,강원도 강릉시 교동,경상사고,0,0,1,0,차대차 - 기타,신호위반,건조,맑음,교차로 - 교차로안,승용,남,36세,상해없음,이륜,남,71세,경상
2015061900100350,2015년 6월 19일 15시,금요일,강원도 양양군 양양읍,경상사고,0,0,1,0,차대사람 - 길가장자리구역통행중,안전운전불이행,건조,맑음,단일로 - 기타,이륜,남,90세 이상,상해없음,보행자,여,52세,경상
2015061900100376,2015년 6월 19일 16시,금요일,강원도 원주시 개운동,경상사고,0,0,1,0,차대차 - 기타,안전운전불이행,건조,맑음,단일로 - 기타,승용,남,52세,상해없음,이륜,남,70세,경상
2015061900100377,2015년 6월 19일 16시,금요일,강원도 태백시 화전동,경상사고,0,0,1,0,차대차 - 측면직각충돌,안전운전불이행,건조,맑음,단일로 - 기타,이륜,남,72세,상해없음,승용,남,30세,경상
2015061900100424,2015년 6월 19일 17시,금요일,강원도 춘천시 효자동,경상사고,0,0,2,0,차대차 - 추돌 - 주정차중,안전거리미확보,건조,맑음,단일로 - 기타,화물,남,67세,상해없음,승용,여,28세,경상
2015061900100425,2015년 6월 19일 17시,금요일,강원도 원주시 개운동,경상사고,0,0,1,0,차대차 - 추돌 - 주정차중,안전운전불이행,건조,맑음,기타 - 기타,화물,남,49세,기타불명,자전거,남,7세,경상
2015061900100523,2015년 6월 19일 19시,금요일,강원도 원주시 우산동,경상사고,0,0,1,0,차대차 - 측면직각충돌,안전거리미확보,건조,맑음,교차로 - 교차로부근,승용,남,45세,상해없음,원동기,남,31세,경상
2015061900100524,2015년 6월 19일 19시,금요일,강원도 원주시 명륜동,경상사고,0,0,2,0,차대차 - 기타,교차로운행방법위반,건조,맑음,교차로 - 교차로안,승용,남,76세,상해없음,승용,남,33세,경상
2015061900100564,2015년 6월 19일 20시,금요일,강원도 춘천시 석사동,경상사고,0,0,2,0,차대차 - 추돌 - 주정차중,안전거리미확보,건조,맑음,단일로 - 기타,승용,남,21세,상해없음,승용,여,36세,경상
2015061900100602,2015년 6월 19일 21시,금요일,강원도 원주시 단계동,경상사고,0,0,3,0,차대차 - 측면직각충돌,안전거리미확보,건조,맑음,교차로 - 교차로안,승용,여,54세,상해없음,승용,여,25세,경상
2015061900100603,2015년 6월 19일 21시,금요일,강원도 속초시 교동,경상사고,0,0,2,0,차대차 - 측면직각충돌,직진우회전진행방해,건조,맑음,교차로 - 교차로안,승용,남,52세,상해없음,승용,남,54세,경상
2015062000100010,2015년 6월 20일 00시,토요일,강원도 춘천시 동면,경상사고,0,0,3,0,차대차 - 측면직각충돌,교차로운행방법위반,건조,맑음,교차로 - 교차로안,승용,여,49세,기타불명,승용,남,26세,경상
2015062000100011,2015년 6월 20일 00시,토요일,강원도 원주시 단구동,경상사고,0,0,1,0,차대차 - 추돌 - 진행중,교차로운행방법위반,습기,비,교차로 - 교차로안,승용,여,30세,상해없음,승용,남,51세,경상
2015062000100012,2015년 6월 20일 00시,토요일,강원도 속초시 노학동,경상사고,0,0,3,0,차대차 - 측면직각충돌,신호위반,건조,맑음,교차로 - 교차로안,승용,남,25세,상해없음,승용,여,50세,경상
2015062000100034,2015년 6월 20일 01시,토요일,강원도 강릉시 강문동,중상사고,0,4,1,0,차대차 - 측면직각충돌,신호위반,건조,맑음,교차로 - 교차로안,승용,남,29세,상해없음,승용,남,18세,중상
2015062000100104,2015년 6월 20일 05시,토요일,강원도 춘천시 남산면,경상사고,0,0,1,0,차대차 - 측면직각충돌,중앙선침범,건조,맑음,단일로 - 기타,승용,남,50세,상해없음,승용,남,49세,경상
2015062000100141,2015년 6월 20일 07시,토요일,강원도 원주시 태장동,경상사고,0,0,1,0,차대차 - 기타,신호위반,건조,맑음,교차로 - 교차로안,승용,남,29세,상해없음,승용,남,52세,경상
2015062000100163,2015년 6월 20일 09시,토요일,강원도 강릉시 연곡면,경상사고,0,0,3,0,차대차 - 정면충돌,안전운전불이행,건조,맑음,단일로 - 기타,승용,여,49세,상해없음,승용,여,50세,경상
2015062000100164,2015년 6월 20일 09시,토요일,강원도 고성군 현내면,경상사고,0,0,2,0,차대차 - 측면직각충돌,과속,건조,맑음,교차로 - 교차로안,화물,남,54세,상해없음,승용,여,30세,경상
2015062000100210,2015년 6월 20일 11시,토요일,강원도 원주시 무실동,경상사고,0,0,1,0,차대차 - 측면직각충돌,신호위반,건조,맑음,교차로 - 교차로안,승용,남,28세,상해없음,승용,남,46세,경상
2015062000100211,2015년 6월 20일 11시,토요일,강원도 속초시 동명동,중상사고,0,1,0,0,차대사람 - 보도통행중,보행자보호의무위반,건조,맑음,단일로 - 횡단보도상,승용,남,59세,상해없음,보행자,여,25세,중상
2015062000100212,2015년 6월 20일 11시,토요일,강원도 속초시 청학동,경상사고,0,0,1,0,차대차 - 추돌 - 진행중,안전운전불이행,건조,맑음,교차로 - 교차로안,승용,남,33세,상해없음,화물,남,36세,경상
2015062000100253,2015년 6월 20일 12시,토요일,강원도 원주시 지정면,경상사고,0,0,2,1,차대차 - 추돌 - 주정차중,안전거리미확보,습기,비,교차로 - 교차로부근,화물,남,48세,부상신고,승용,남,55세,경상
2015062000100254,2015년 6월 20일 12시,토요일,강원도 평창군 용평면,중상사고,0,2,1,0,차량단독 - 공작물충돌,안전운전불이행,건조,맑음,단일로 - 기타,승용,남,78세,상해없음,,,,
2015062000100255,2015년 6월 20일 12시,토요일,강원도 춘천시 동산면,경상사고,0,0,4,0,차대차 - 측면직각충돌,안전운전불이행,건조,맑음,단일로 - 기타,승용,여,53세,기타불명,승합,남,43세,경상
2015062000100320,2015년 6월 20일 14시,토요일,강원도 삼척시 교동,중상사고,0,1,5,0,차대차 - 측면직각충돌,안전운전불이행,건조,맑음,교차로 - 교차로부근,승용,남,69세,상해없음,승용,남,40세,상해없음
2015062000100360,2015년 6월 20일 15시,토요일,강원도 원주시 반곡동,경상사고,0,0,1,0,차대사람 - 길가장자리구역통행중,안전운전불이행,건조,맑음,교차로 - 교차로안,승용,남,40세,상해없음,보행자,여,43세,경상
2015062000100361,2015년 6월 20일 15시,토요일,강원도 원주시 귀래면,경상사고,0,0,1,0,차량단독 - 공작물충돌,안전운전불이행,습기,비,단일로 - 기타,승용,남,21세,경상,,,,
2015062000100362,2015년 6월 20일 15시,토요일,강원도 고성군 거진읍,중상사고,0,1,2,0,차대차 - 추돌 - 진행중,신호위반,건조,맑음,교차로 - 교차로안,화물,남,53세,상해없음,승용,남,68세,중상
2015062000100363,2015년 6월 20일 15시,토요일,강원도 동해시 천곡동,경상사고,0,0,1,0,차대차 - 측면직각충돌,안전운전불이행,건조,맑음,교차로 - 교차로안,승용,여,59세,상해없음,승용,여,36세,상해없음
2015062000100403,2015년 6월 20일 16시,토요일,강원도 삼척시 남양동,경상사고,0,0,1,0,차대차 - 측면직각충돌,안전운전불이행,건조,맑음,교차로 - 교차로안,원동기,남,72세,경상,화물,남,45세,상해없음
2015062000100404,2015년 6월 20일 16시,토요일,강원도 홍천군 내촌면,중상사고,0,1,2,0,차대차 - 정면충돌,중앙선침범,습기,비,단일로 - 기타,승용,남,66세,상해없음,승용,남,61세,경상
2015062000100441,2015년 6월 20일 17시,토요일,강원도 원주시 귀래면,경상사고,0,0,1,0,차량단독 - 공작물충돌,안전운전불이행,습기,비,단일로 - 기타,승합,남,63세,경상,,,,
2015062000100493,2015년 6월 20일 18시,토요일,강원도 춘천시 신동면,중상사고,0,1,0,0,차대차 - 측면직각충돌,안전운전불이행,건조,맑음,교차로 - 교차로안,승용,남,63세,상해없음,승용,남,47세,중상
2015062000100494,2015년 6월 20일 18시,토요일,강원도 원주시 신림면,중상사고,0,1,0,0,차량단독 - 공작물충돌,안전운전불이행,습기,비,단일로 - 기타,승용,남,56세,중상,,,,
2015062000100579,2015년 6월 20일 21시,토요일,강원도 강릉시 유천동,경상사고,0,0,1,0,차대차 - 기타,안전운전불이행,건조,맑음,교차로 - 교차로안,승용,남,53세,상해없음,승용,여,26세,경상
2015062000100580,2015년 6월 20일 21시,토요일,강원도 원주시 무실동,경상사고,0,0,1,0,차대차 - 추돌 - 주정차중,안전운전불이행,습기,비,단일로 - 기타,승용,남,27세,상해없음,승용,남,35세,상해없음
2015062000100601,2015년 6월 20일 22시,토요일,강원도 춘천시 석사동,경상사고,0,0,3,0,차대차 - 추돌 - 진행중,안전운전불이행,건조,맑음,교차로 - 교차로안,승용,남,24세,상해없음,승용,남,32세,경상
2015062000100602,2015년 6월 20일 22시,토요일,강원도 강릉시 옥천동,경상사고,0,0,1,0,차대차 - 추돌 - 주정차중,안전운전불이행,건조,맑음,교차로 - 교차로부근,화물,남,37세,상해없음,승용,남,26세,경상
2015062000100603,2015년 6월 20일 22시,토요일,강원도 원주시 소초면,경상사고,0,0,2,0,차대차 - 측면직각충돌,차로위반,건조,맑음,단일로 - 기타,승용,남,36세,상해없음,승용,남,25세,경상
2015062100100010,2015년 6월 21일 00시,일요일,강원도 원주시 단계동,경상사고,0,0,4,0,차대차 - 기타,안전운전불이행,습기,흐림,단일로 - 기타,승용,남,20세,상해없음,승용,남,31세,상해없음
2015062100100079,2015년 6월 21일 04시,일요일,강원도 강릉시 구정면,중상사고,0,1,0,0,차량단독 - 도로외이탈 - 추락,안전운전불이행,건조,흐림,단일로 - 기타,이륜,남,19세,상해없음,,,,
2015062100100091,2015년 6월 21일 05시,일요일,강원도 원주시 개운동,경상사고,0,0,3,0,차대차 - 측면직각충돌,교차로운행방법위반,건조,맑음,교차로 - 교차로안,승용,여,23세,경상,승용,여,31세,경상
2015062100100123,2015년 6월 21일 08시,일요일,강원도 춘천시 근화동,중상사고,0,1,0,0,차대차 - 추돌 - 진행중,안전거리미확보,건조,맑음,단일로 - 기타,승용,남,50세,상해없음,승용,여,67세,중상
2015062100100124,2015년 6월 21일 08시,일요일,강원도 철원군 철원읍,경상사고,0,0,2,0,차대차 - 측면직각충돌,직진우회전진행방해,건조,맑음,교차로 - 교차로부근,승용,남,21세,상해없음,승용,남,73세,경상
2015062100100125,2015년 6월 21일 08시,일요일,강원도 동해시 송정동,중상사고,0,1,0,0,차대사람 - 길가장자리구역통행중,안전운전불이행,건조,맑음,단일로 - 기타,화물,남,40세,상해없음,보행자,남,76세,중상
2015062100100136,2015년 6월 21일 09시,일요일,강원도 태백시 통동,경상사고,0,0,2,1,차대차 - 측면직각충돌,불법유턴,건조,맑음,단일로 - 기타,이륜,남,71세,부상신고,승용,남,35세,경상
2015062100100173,2015년 6월 21일 11시,일요일,강원도 원주시 우산동,경상사고,0,0,1,0,차대차 - 측면직각충돌,교차로운행방법위반,건조,맑음,교차로 - 교차로안,승용,남,20세,상해없음,승용,여,54세,경상
2015062100100203,2015년 6월 21일 12시,일요일,강원도 춘천시 동내면,사망사고,1,0,0,0,차량단독 - 전도전복,안전운전불이행,건조,맑음,단일로 - 기타,이륜,남,71세,사망,,,,
2015062100100204,2015년 6월 21일 12시,일요일,강원도 원주시 흥업면,중상사고,0,1,0,0,차대사람 - 길가장자리구역통행중,안전운전불이행,건조,맑음,단일로 - 기타,승용,남,69세,상해없음,보행자,남,61세,중상
2015062100100205,2015년 6월 21일 12시,일요일,강원도 양양군 현남면,경상사고,0,0,2,0,차대차 - 측면직각충돌,안전운전불이행,건조,맑음,교차로 - 교차로안,화물,남,63세,상해없음,승용,남,55세,경상
2015062100100233,2015년 6월 21일 13시,일요일,강원도 춘천시 후평동,경상사고,0,0,2,0,차대차 - 측면직각충돌,교차로운행방법위반,건조,맑음,교차로 - 교차로안,승용,여,46세,상해없음,자전거,여,8세,경상
2015062100100268,2015년 6월 21일 14시,일요일,강원도 횡성군 서원면,중상사고,0,1,0,0,차대차 - 정면충돌,중앙선침범,건조,맑음,단일로 - 기타,원동기,남,38세,상해없음,화물,남,48세,상해없음
2015062100100300,2015년 6월 21일 15시,일요일,강원도 춘천시 소양로1가,중상사고,0,1,0,0,차대차 - 측면직각충돌,중앙선침범,건조,맑음,단일로 - 기타,승용,남,24세,상해없음,이륜,여,21세,중상
2015062100100301,2015년 6월 21일 15시,일요일,강원도 춘천시 사북면,중상사고,0,2,0,0,차대차 - 측면직각충돌,안전운전불이행,건조,맑음,교차로 - 교차로안,농기계,남,75세,중상,이륜,남,32세,중상
2015062100100328,2015년 6월 21일 16시,일요일,강원도 횡성군 횡성읍,중상사고,0,2,0,0,차대차 - 정면충돌,중앙선침범,건조,맑음,단일로 - 기타,화물,여,56세,상해없음,화물,남,62세,중상
2015062100100329,2015년 6월 21일 16시,일요일,강원도 횡성군 서원면,경상사고,0,0,1,0,차대차 - 측면직각충돌,안전운전불이행,건조,맑음,교차로 - 교차로안,승용,남,39세,상해없음,승용,남,33세,경상
2015062100100330,2015년 6월 21일 16시,일요일,강원도 철원군 동송읍,경상사고,0,0,1,0,차대차 - 측면직각충돌,교차로운행방법위반,건조,맑음,교차로 - 교차로안,화물,남,59세,상해없음,승용,남,46세,경상
2015062100100356,2015년 6월 21일 17시,일요일,강원도 홍천군 홍천읍,중상사고,0,2,2,0,차대차 - 측면직각충돌,직진우회전진행방해,건조,맑음,교차로 - 교차로안,승용,남,62세,상해없음,승용,남,25세,중상
2015062100100357,2015년 6월 21일 17시,일요일,강원도 횡성군 둔내면,경상사고,0,0,1,0,차량단독 - 전도전복,안전운전불이행,건조,맑음,단일로 - 교량,이륜,남,54세,경상,,,,
2015062100100394,2015년 6월 21일 18시,일요일,강원도 태백시 황지동,경상사고,0,0,4,0,차대차 - 측면직각충돌,교차로운행방법위반,건조,맑음,교차로 - 교차로안,승용,남,41세,경상,승용,남,69세,상해없음
2015062100100395,2015년 6월 21일 18시,일요일,강원도 인제군 북면,경상사고,0,0,2,0,차대차 - 추돌 - 진행중,안전거리미확보,건조,맑음,단일로 - 기타,승용,남,30세,상해없음,승용,남,33세,경상
2015062100100423,2015년 6월 21일 19시,일요일,강원도 원주시 무실동,경상사고,0,0,5,0,차대차 - 측면직각충돌,직진우회전진행방해,건조,맑음,교차로 - 교차로안,승용,남,31세,경상,승용,여,54세,경상
2015062100100454,2015년 6월 21일 20시,일요일,강원도 원주시 단구동,경상사고,0,0,1,0,차대차 - 추돌 - 주정차중,교차로운행방법위반,건조,맑음,교차로 - 교차로안,승용,남,52세,상해없음,이륜,남,28세,경상
2015062100100455,2015년 6월 21일 20시,일요일,강원도 홍천군 서면,경상사고,0,0,1,0,차대차 - 측면직각충돌,직진우회전진행방해,건조,맑음,교차로 - 교차로안,화물,남,48세,상해없음,승용,남,43세,경상
2015062100100516,2015년 6월 21일 23시,일요일,강원도 원주시 무실동,경상사고,0,0,1,0,차대차 - 추돌 - 주정차중,안전운전불이행,건조,맑음,단일로 - 기타,화물,남,53세,상해없음,승용,여,42세,경상
2015062200100050,2015년 6월 22일 04시,월요일,강원도 강릉시 옥천동,경상사고,0,0,3,0,차대차 - 추돌 - 주정차중,안전거리미확보,건조,맑음,교차로 - 교차로부근,화물,남,55세,상해없음,승용,남,53세,경상
2015062200100057,2015년 6월 22일 05시,월요일,강원도 평창군 봉평면,중상사고,0,1,0,0,차대차 - 측면직각충돌,안전운전불이행,건조,맑음,교차로 - 교차로안,화물,남,54세,상해없음,화물,여,65세,중상
2015062200100093,2015년 6월 22일 07시,월요일,강원도 춘천시 중앙로1가,경상사고,0,0,1,0,차대사람 - 횡단중,보행자보호의무위반,건조,맑음,교차로 - 교차로안,승합,남,55세,상해없음,보행자,남,54세,경상
2015062200100126,2015년 6월 22일 08시,월요일,강원도 원주시 명륜동,중상사고,0,1,0,0,차대차 - 추돌 - 진행중,안전거리미확보,건조,맑음,단일로 - 기타,승용,남,28세,상해없음,승용,여,40세,중상
2015062200100127,2015년 6월 22일 08시,월요일,강원도 원주시 단계동,중상사고,0,1,1,0,차대차 - 측면직각충돌,신호위반,건조,맑음,교차로 - 교차로안,이륜,남,80세,경상,승합,여,48세,상해없음
2015062200100128,2015년 6월 22일 08시,월요일,강원도 삼척시 사직동,경상사고,0,0,2,0,차대차 - 추돌 - 진행중,안전운전불이행,건조,맑음,교차로 - 교차로안,화물,남,77세,상해없음,승용,여,54세,경상
2015062200100164,2015년 6월 22일 09시,월요일,강원도 춘천시 온의동,경상사고,0,0,1,0,차대차 - 측면직각충돌,교차로운행방법위반,건조,맑음,교차로 - 교차로안,승합,남,62세,상해없음,승용,남,61세,경상
2015062200100188,2015년 6월 22일 10시,월요일,강원도 속초시 조양동,경상사고,0,0,1,0,차대사람 - 횡단중,중앙선침범,건조,맑음,교차로 - 교차로부근,승용,여,36세,상해없음,보행자,남,29세,경상
2015062200100189,2015년 6월 22일 10시,월요일,강원도 홍천군 서석면,중상사고,0,1,0,0,차대사람 - 횡단중,안전운전불이행,건조,맑음,단일로 - 기타,이륜,남,37세,상해없음,보행자,남,75세,중상
2015062200100393,2015년 6월 22일 16시,월요일,강원도 춘천시 소양로3가,경상사고,0,0,4,0,차대차 - 측면직각충돌,신호위반,건조,맑음,교차로 - 교차로안,승용,여,51세,상해없음,승용,남,52세,경상
2015062200100394,2015년 6월 22일 16시,월요일,강원도 춘천시 온의동,경상사고,0,0,1,0,차대차 - 측면직각충돌,교차로운행방법위반,건조,맑음,교차로 - 교차로안,화물,남,53세,상해없음,승용,남,32세,경상
2015062200100395,2015년 6월 22일 16시,월요일,강원도 평창군 용평면,중상사고,0,1,1,0,차대차 - 측면직각충돌,안전운전불이행,건조,맑음,단일로 - 기타,건설기계,남,38세,상해없음,승용,여,55세,중상
2015062200100434,2015년 6월 22일 17시,월요일,강원도 철원군 동송읍,중상사고,0,1,0,0,차량단독 - 전도전복,안전운전불이행,건조,맑음,단일로 - 기타,자전거,남,53세,중상,,,,
2015062200100484,2015년 6월 22일 18시,월요일,강원도 원주시 문막읍,중상사고,0,1,0,0,차대차 - 추돌 - 주정차중,안전운전불이행,건조,맑음,단일로 - 기타,승용,남,74세,상해없음,승용,여,32세,중상
2015062200100523,2015년 6월 22일 19시,월요일,강원도 정선군 정선읍,경상사고,0,0,1,0,차대차 - 측면직각충돌,교차로운행방법위반,건조,맑음,교차로 - 교차로안,화물,남,46세,상해없음,승용,남,48세,상해없음
2015062200100577,2015년 6월 22일 21시,월요일,강원도 춘천시 석사동,경상사고,0,0,1,0,차대차 - 추돌 - 진행중,안전운전불이행,건조,맑음,교차로 - 교차로안,승용,여,46세,상해없음,승용,남,30세,경상
2015062200100578,2015년 6월 22일 21시,월요일,강원도 원주시 단계동,경상사고,0,0,1,0,차대차 - 정면충돌,안전운전불이행,건조,맑음,단일로 - 기타,화물,남,47세,상해없음,자전거,남,72세,경상
2015062200100579,2015년 6월 22일 21시,월요일,강원도 원주시 문막읍,중상사고,0,1,2,0,차대차 - 추돌 - 진행중,안전거리미확보,건조,맑음,단일로 - 기타,승용,남,60세,상해없음,화물,남,59세,중상