사고번호,사고일시,요일,시군구,사고내용,사망자수,중상자수,경상자수,부상신고자수,사고유형,법규위반,노면상태,기상상태,도로형태,가해운전자 차종,가해운전자 성별,가해운전자 연령,가해운전자 상해정도,피해운전자 차종,피해운전자 성별,피해운전자 연령,피해운전자 상해정도
2015062300100040,2015년 6월 23일 02시,화요일,강원도 춘천시 근화동,경상사고,0,0,3,0,차대차 - 측면직각충돌,안전운전불이행,건조,맑음,단일로 - 기타,승용,남,32세,경상,승용,남,45세,상해없음
2015062300100041,2015년 6월 23일 02시,화요일,강원도 원주시 태장동,경상사고,0,0,6,0,차대차 - 기타,안전거리미확보,건조,맑음,교차로 - 교차로부근,승용,여,53세,경상,승용,남,47세,경상
2015062300100098,2015년 6월 23일 07시,화요일,강원도 춘천시 사농동,경상사고,0,0,1,0,차대차 - 측면직각충돌,교차로운행방법위반,건조,맑음,교차로 - 교차로안,승용,여,41세,상해없음,승용,남,44세,경상
2015062300100099,2015년 6월 23일 07시,화요일,강원도 원주시 봉산동,부상신고사고,0,0,0,1,차대차 - 기타,안전운전불이행,건조,맑음,교차로 - 교차로부근,기타불명,기타불명,기타불명,기타불명,자전거,남,19세,부상신고
2015062300100100,2015년 6월 23일 07시,화요일,강원도 양양군 손양면,중상사고,0,1,0,0,차대차 - 측면직각충돌,신호위반,건조,맑음,교차로 - 교차로안,건설기계,남,65세,상해없음,승용,남,56세,중상
2015062300100129,2015년 6월 23일 08시,화요일,강원도 영월군 중동면,경상사고,0,0,1,0,차대차 - 측면직각충돌,교차로운행방법위반,건조,맑음,교차로 - 교차로안,건설기계,남,43세,상해없음,화물,남,57세,경상
2015062300100130,2015년 6월 23일 08시,화요일,강원도 태백시 황지동,경상사고,0,0,1,0,차대차 - 측면직각충돌,교차로운행방법위반,건조,맑음,교차로 - 교차로안,승용,남,36세,상해없음,승용,남,62세,경상
2015062300100158,2015년 6월 23일 09시,화요일,강원도 춘천시 효자동,경상사고,0,0,1,0,차대차 - 측면직각충돌,안전운전불이행,건조,맑음,단일로 - 기타,자전거,남,71세,상해없음,이륜,남,41세,경상
2015062300100159,2015년 6월 23일 09시,화요일,강원도 삼척시 원덕읍,중상사고,0,1,0,0,차대차 - 추돌 - 진행중,안전운전불이행,건조,맑음,단일로 - 기타,화물,여,49세,상해없음,이륜,남,81세,중상
2015062300100160,2015년 6월 23일 09시,화요일,강원도 동해시 송정동,중상사고,0,1,0,0,차대사람 - 길가장자리구역통행중,안전운전불이행,건조,맑음,교차로 - 교차로부근,승용,여,46세,상해없음,보행자,여,69세,중상
2015062300100182,2015년 6월 23일 10시,화요일,강원도 강릉시 교동,경상사고,0,0,1,0,차대차 - 측면직각충돌,신호위반,건조,맑음,교차로 - 교차로안,승용,남,74세,상해없음,승용,남,59세,경상
2015062300100183,2015년 6월 23일 10시,화요일,강원도 원주시 태장동,경상사고,0,0,1,0,차대차 - 측면직각충돌,안전운전불이행,건조,맑음,교차로 - 교차로부근,화물,남,46세,상해없음,이륜,남,25세,경상
2015062300100184,2015년 6월 23일 10시,화요일,강원도 원주시 단계동,경상사고,0,0,2,0,차대차 - 추돌 - 진행중,안전운전불이행,건조,맑음,기타 - 기타,승합,남,54세,상해없음,승용,남,36세,경상
2015062300100185,2015년 6월 23일 10시,화요일,강원도 원주시 우산동,경상사고,0,0,2,0,차대차 - 추돌 - 진행중,안전거리미확보,건조,맑음,교차로 - 교차로안,화물,남,36세,상해없음,승용,여,35세,경상
2015062300100211,2015년 6월 23일 11시,화요일,강원도 강릉시 송정동,중상사고,0,1,0,0,차대차 - 측면직각충돌,안전운전불이행,건조,맑음,단일로 - 기타,승용,여,55세,상해없음,이륜,남,43세,중상
2015062300100212,2015년 6월 23일 11시,화요일,강원도 동해시 부곡동,경상사고,0,0,1,0,차대사람 - 횡단중,안전운전불이행,건조,맑음,교차로 - 교차로안,승합,남,56세,상해없음,보행자,여,75세,경상
2015062300100237,2015년 6월 23일 12시,화요일,강원도 춘천시 효자동,중상사고,0,1,0,0,차대차 - 측면직각충돌,중앙선침범,건조,맑음,단일로 - 기타,승용,남,58세,상해없음,이륜,남,38세,중상
2015062300100238,2015년 6월 23일 12시,화요일,강원도 철원군 갈말읍,중상사고,0,1,12,0,차대차 - 추돌 - 주정차중,안전운전불이행,건조,맑음,단일로 - 기타,화물,남,53세,경상,승합,남,39세,경상
2015062300100315,2015년 6월 23일 15시,화요일,강원도 춘천시 퇴계동,경상사고,0,0,1,0,차대차 - 측면직각충돌,안전운전불이행,건조,맑음,교차로 - 교차로안,승용,남,79세,상해없음,자전거,남,77세,경상
2015062300100316,2015년 6월 23일 15시,화요일,강원도 영월군 영월읍,중상사고,0,1,0,0,차대차 - 기타,안전거리미확보,건조,맑음,단일로 - 기타,건설기계,남,38세,상해없음,승용,남,38세,중상
2015062300100317,2015년 6월 23일 15시,화요일,강원도 철원군 동송읍,경상사고,0,0,3,0,차대차 - 측면직각충돌,안전운전불이행,건조,맑음,교차로 - 교차로안,화물,남,64세,상해없음,승용,남,36세,경상
2015062300100347,2015년 6월 23일 16시,화요일,강원도 강릉시 교동,중상사고,0,1,0,0,차대사람 - 기타,안전운전불이행,건조,맑음,기타 - 기타,승용,여,53세,상해없음,보행자,남,7세,중상
2015062300100348,2015년 6월 23일 16시,화요일,강원도 화천군 상서면,경상사고,0,0,1,0,차대차 - 측면직각충돌,안전운전불이행,습기,비,단일로 - 기타,화물,남,62세,상해없음,화물,남,39세,경상
2015062300100470,2015년 6월 23일 19시,화요일,강원도 원주시 반곡동,중상사고,0,1,0,0,차대차 - 측면직각충돌,안전운전불이행,건조,맑음,교차로 - 교차로안,승합,여,37세,상해없음,자전거,남,7세,중상
2015062300100518,2015년 6월 23일 21시,화요일,강원도 강릉시 교동,중상사고,0,1,0,0,차대사람 - 기타,안전운전불이행,건조,맑음,단일로 - 기타,승용,여,46세,상해없음,보행자,남,53세,중상
2015062300100552,2015년 6월 23일 22시,화요일,강원도 원주시 우산동,경상사고,0,0,1,0,차대차 - 추돌 - 진행중,안전운전불이행,건조,맑음,교차로 - 교차로부근,승용,여,32세,상해없음,승용,여,46세,경상
2015062400100045,2015년 6월 24일 02시,수요일,강원도 강릉시 안현동,경상사고,0,0,7,0,차대차 - 기타,안전운전불이행,건조,맑음,단일로 - 기타,승용,여,26세,상해없음,승용,여,21세,경상
2015062400100132,2015년 6월 24일 08시,수요일,강원도 삼척시 오분동,경상사고,0,0,3,0,차대차 - 추돌 - 주정차중,안전거리미확보,건조,맑음,단일로 - 기타,화물,남,31세,상해없음,화물,남,48세,경상
2015062400100212,2015년 6월 24일 10시,수요일,강원도 정선군 고한읍,경상사고,0,0,1,0,차대차 - 측면직각충돌,안전거리미확보,건조,맑음,단일로 - 기타,화물,남,67세,상해없음,승용,남,31세,경상
2015062400100229,2015년 6월 24일 11시,수요일,강원도 원주시 봉산동,부상신고사고,0,0,0,1,차량단독 - 전도전복,안전운전불이행,건조,맑음,단일로 - 기타,이륜,여,62세,부상신고,,,,
2015062400100230,2015년 6월 24일 11시,수요일,강원도 홍천군 홍천읍,경상사고,0,0,2,0,차대차 - 측면직각충돌,차로위반,건조,맑음,교차로 - 교차로안,승용,여,48세,상해없음,승용,남,35세,경상
2015062400100255,2015년 6월 24일 12시,수요일,강원도 정선군 고한읍,사망사고,1,3,11,0,차대차 - 정면충돌,신호위반,건조,맑음,기타 - 기타,승합,남,56세,사망,건설기계,남,30세,경상
2015062400100278,2015년 6월 24일 13시,수요일,강원도 춘천시 근화동,경상사고,0,0,1,0,차대차 - 추돌 - 진행중,안전운전불이행,건조,맑음,단일로 - 기타,승합,여,54세,상해없음,승용,여,38세,경상
2015062400100313,2015년 6월 24일 14시,수요일,강원도 고성군 죽왕면,경상사고,0,0,1,0,차대차 - 측면직각충돌,신호위반,건조,맑음,교차로 - 교차로안,화물,남,48세,상해없음,승용,남,49세,경상
2015062400100347,2015년 6월 24일 15시,수요일,강원도 삼척시 남양동,경상사고,0,0,1,0,차대사람 - 기타,안전운전불이행,건조,맑음,단일로 - 기타,승용,남,35세,상해없음,보행자,여,57세,경상
2015062400100384,2015년 6월 24일 16시,수요일,강원도 인제군 북면,경상사고,0,0,1,0,차대차 - 추돌 - 진행중,안전운전불이행,건조,맑음,교차로 - 교차로안,승용,남,72세,상해없음,승용,여,23세,경상
2015062400100417,2015년 6월 24일 17시,수요일,강원도 강릉시 옥천동,경상사고,0,0,4,0,차대차 - 추돌 - 주정차중,안전운전불이행,건조,맑음,교차로 - 교차로부근,승용,남,27세,상해없음,승용,여,45세,경상
2015062400100418,2015년 6월 24일 17시,수요일,강원도 철원군 갈말읍,경상사고,0,0,2,0,차대차 - 측면직각충돌,교차로운행방법위반,습기,비,교차로 - 교차로안,승용,남,33세,상해없음,승용,여,42세,경상
2015062400100419,2015년 6월 24일 17시,수요일,강원도 평창군 용평면,중상사고,0,1,0,0,차대차 - 측면직각충돌,차로위반,습기,비,단일로 - 기타,화물,남,57세,상해없음,승합,남,65세,중상
2015062400100459,2015년 6월 24일 18시,수요일,강원도 원주시 신림면,중상사고,0,2,0,0,차대차 - 정면충돌,중앙선침범,습기,비,단일로 - 기타,승용,남,54세,중상,승용,남,55세,중상
2015062400100559,2015년 6월 24일 21시,수요일,강원도 강릉시 교동,경상사고,0,0,1,0,차대차 - 기타,안전운전불이행,건조,맑음,교차로 - 교차로안,승용,남,48세,상해없음,원동기,남,19세,경상
2015062400100560,2015년 6월 24일 21시,수요일,강원도 원주시 중앙동,경상사고,0,0,1,0,차대차 - 추돌 - 주정차중,안전거리미확보,습기,비,교차로 - 교차로부근,승용,남,33세,상해없음,승용,여,59세,경상
2015062400100620,2015년 6월 24일 23시,수요일,강원도 춘천시 퇴계동,중상사고,0,1,0,0,차대차 - 측면직각충돌,안전운전불이행,건조,맑음,단일로 - 기타,승용,남,38세,상해없음,이륜,남,39세,중상
2015062500100006,2015년 6월 25일 00시,목요일,강원도 원주시 단계동,중상사고,0,1,0,0,차대차 - 정면충돌,중앙선침범,건조,맑음,교차로 - 교차로부근,승용,남,40세,상해없음,화물,남,35세,중상
2015062500100007,2015년 6월 25일 00시,목요일,강원도 원주시 학성동,경상사고,0,0,1,0,차대차 - 추돌 - 주정차중,안전운전불이행,습기,비,단일로 - 기타,승용,남,27세,경상,승용,남,44세,상해없음
2015062500100008,2015년 6월 25일 00시,목요일,강원도 원주시 우산동,경상사고,0,0,1,0,차대차 - 기타,안전운전불이행,습기,흐림,단일로 - 기타,승용,남,26세,상해없음,승용,남,53세,경상
2015062500100047,2015년 6월 25일 02시,목요일,강원도 춘천시 근화동,경상사고,0,0,1,0,차대사람 - 길가장자리구역통행중,안전운전불이행,건조,맑음,교차로 - 교차로안,승용,남,45세,상해없음,보행자,남,48세,경상
2015062500100048,2015년 6월 25일 02시,목요일,강원도 원주시 학성동,중상사고,0,1,0,0,차대사람 - 차도통행중,안전운전불이행,건조,맑음,교차로 - 교차로부근,승용,남,22세,상해없음,보행자,남,45세,중상
2015062500100083,2015년 6월 25일 06시,목요일,강원도 춘천시 퇴계동,경상사고,0,0,1,0,차대차 - 추돌 - 주정차중,안전운전불이행,건조,맑음,단일로 - 기타,화물,남,29세,상해없음,승용,여,48세,경상
2015062500100096,2015년 6월 25일 07시,목요일,강원도 원주시 태장동,경상사고,0,0,1,0,차대차 - 측면직각충돌,안전운전불이행,건조,맑음,단일로 - 기타,승용,남,44세,상해없음,자전거,남,69세,경상
2015062500100097,2015년 6월 25일 07시,목요일,강원도 원주시 단계동,경상사고,0,0,1,0,차대차 - 측면직각충돌,안전운전불이행,건조,맑음,단일로 - 기타,승용,남,48세,상해없음,화물,남,48세,경상
2015062500100123,2015년 6월 25일 08시,목요일,강원도 원주시 단구동,경상사고,0,0,2,0,차대차 - 측면직각충돌,중앙선침범,건조,맑음,단일로 - 기타,승용,남,57세,상해없음,승용,여,47세,경상
2015062500100150,2015년 6월 25일 09시,목요일,강원도 속초시 교동,중상사고,0,1,0,0,차대사람 - 보도통행중,신호위반,건조,맑음,단일로 - 횡단보도상,승용,여,45세,상해없음,보행자,여,76세,중상
2015062500100151,2015년 6월 25일 09시,목요일,강원도 고성군 토성면,경상사고,0,0,3,0,차대차 - 정면충돌,안전운전불이행,습기,비,단일로 - 기타,승용,여,53세,상해없음,승용,남,52세,경상
2015062500100197,2015년 6월 25일 11시,목요일,강원도 강릉시 사천면,중상사고,0,2,1,0,차대차 - 측면직각충돌,신호위반,건조,맑음,교차로 - 교차로안,승용,여,54세,경상,승용,남,42세,중상
2015062500100198,2015년 6월 25일 11시,목요일,강원도 동해시 효가동,경상사고,0,0,2,0,차대차 - 측면직각충돌,안전운전불이행,건조,맑음,단일로 - 기타,화물,남,40세,상해없음,승용,남,34세,경상
2015062500100199,2015년 6월 25일 11시,목요일,강원도 동해시 발한동,경상사고,0,0,1,0,차대차 - 측면직각충돌,안전운전불이행,건조,맑음,단일로 - 기타,승용,여,58세,상해없음,승합,여,51세,경상
2015062500100217,2015년 6월 25일 12시,목요일,강원도 원주시 학성동,경상사고,0,0,3,0,차대차 - 추돌 - 진행중,안전운전불이행,건조,맑음,교차로 - 교차로안,승용,남,76세,경상,승용,여,56세,경상
2015062500100218,2015년 6월 25일 12시,목요일,강원도 삼척시 정상동,중상사고,0,1,0,0,차대사람 - 횡단중,안전운전불이행,건조,맑음,교차로 - 교차로부근,승용,남,60세,상해없음,보행자,여,73세,중상
2015062500100219,2015년 6월 25일 12시,목요일,강원도 강릉시 성산면,중상사고,0,1,2,0,차대차 - 추돌 - 진행중,안전운전불이행,건조,흐림,기타 - 기타,승용,여,52세,경상,승용,남,60세,경상
2015062500100253,2015년 6월 25일 13시,목요일,강원도 춘천시 온의동,경상사고,0,0,1,0,차대차 - 측면직각충돌,교차로운행방법위반,건조,맑음,교차로 - 교차로안,승용,여,28세,상해없음,승용,여,48세,경상
2015062500100283,2015년 6월 25일 14시,목요일,강원도 강릉시 연곡면,경상사고,0,0,1,0,차대차 - 기타,안전운전불이행,건조,맑음,교차로 - 교차로안,승용,남,39세,상해없음,승용,남,56세,경상
2015062500100359,2015년 6월 25일 16시,목요일,강원도 원주시 소초면,경상사고,0,0,1,0,차대차 - 추돌 - 주정차중,안전운전불이행,건조,맑음,단일로 - 기타,승합,남,49세,상해없음,승용,남,59세,경상
2015062500100360,2015년 6월 25일 16시,목요일,강원도 삼척시 우지동,경상사고,0,0,2,0,차대차 - 측면직각충돌,안전거리미확보,건조,맑음,단일로 - 기타,승용,남,53세,상해없음,승용,남,59세,상해없음
2015062500100361,2015년 6월 25일 16시,목요일,강원도 동해시 천곡동,경상사고,0,0,3,0,차대차 - 측면직각충돌,안전운전불이행,건조,맑음,단일로 - 기타,승용,여,58세,상해없음,승용,여,47세,경상
2015062500100396,2015년 6월 25일 17시,목요일,강원도 동해시 구호동,경상사고,0,0,1,0,차대차 - 측면직각충돌,교차로운행방법위반,건조,맑음,교차로 - 교차로안,승용,여,44세,상해없음,화물,남,51세,경상
2015062500100486,2015년 6월 25일 19시,목요일,강원도 춘천시 남산면,경상사고,0,0,2,0,차대차 - 측면직각충돌,신호위반,습기,비,교차로 - 교차로안,승합,남,25세,상해없음,승용,남,39세,경상
2015062500100599,2015년 6월 25일 21시,목요일,강원도 춘천시 석사동,경상사고,0,0,1,0,차대차 - 측면직각충돌,중앙선침범,습기,맑음,교차로 - 교차로안,승합,남,37세,상해없음,이륜,남,44세,경상
2015062500100600,2015년 6월 25일 21시,목요일,강원도 원주시 단계동,경상사고,0,0,1,0,차량단독 - 도로외이탈 - 기타,안전운전불이행,건조,맑음,단일로 - 기타,기타불명,기타불명,기타불명,기타불명,,,,
2015062500100601,2015년 6월 25일 21시,목요일,강원도 원주시 학성동,경상사고,0,0,2,0,차대사람 - 횡단중,보행자보호의무위반,건조,맑음,교차로 - 교차로부근,승용,남,47세,기타불명,보행자,남,57세,경상
2015062500100659,2015년 6월 25일 22시,목요일,강원도 평창군 대관령면,경상사고,0,0,1,0,차대차 - 측면직각충돌,안전운전불이행,습기,비,단일로 - 기타,승합,여,52세,상해없음,승용,남,51세,경상
2015062500100717,2015년 6월 25일 23시,목요일,강원도 원주시 단구동,경상사고,0,0,1,0,차대차 - 측면직각충돌,직진우회전진행방해,건조,맑음,교차로 - 교차로안,승용,남,37세,상해없음,승용,남,33세,경상
2015062500100718,2015년 6월 25일 23시,목요일,강원도 원주시 개운동,경상사고,0,0,2,0,차대차 - 측면직각충돌,신호위반,습기,비,교차로 - 교차로안,승용,남,33세,상해없음,승용,남,53세,경상
2015062600100021,2015년 6월 26일 00시,금요일,강원도 태백시 장성동,경상사고,0,0,1,0,차대사람 - 횡단중,보행자보호의무위반,습기,비,단일로 - 기타,승용,남,48세,상해없음,보행자,여,38세,경상
2015062600100149,2015년 6월 26일 05시,금요일,강원도 원주시 원동,경상사고,0,0,1,0,차대차 - 측면직각충돌,안전거리미확보,습기,비,단일로 - 기타,승용,남,29세,상해없음,승용,남,58세,경상
2015062600100211,2015년 6월 26일 08시,금요일,강원도 춘천시 온의동,경상사고,0,0,1,0,차대차 - 추돌 - 진행중,안전거리미확보,건조,맑음,교차로 - 교차로안,승용,남,29세,상해없음,승용,여,49세,경상
2015062600100212,2015년 6월 26일 08시,금요일,강원도 원주시 반곡동,중상사고,0,1,0,0,차대차 - 추돌 - 주정차중,안전거리미확보,건조,맑음,교차로 - 교차로부근,승용,여,42세,상해없음,승용,여,40세,중상
2015062600100243,2015년 6월 26일 09시,금요일,강원도 삼척시 교동,경상사고,0,0,2,0,차량단독 - 공작물충돌,안전운전불이행,습기,비,단일로 - 기타,승용,남,28세,상해없음,,,,
2015062600100273,2015년 6월 26일 10시,금요일,강원도 원주시 중앙동,경상사고,0,0,3,0,차대차 - 측면직각충돌,안전운전불이행,습기,맑음,단일로 - 기타,승용,남,23세,상해없음,승용,여,45세,경상
2015062600100274,2015년 6월 26일 10시,금요일,강원도 원주시 무실동,경상사고,0,0,1,0,차대차 - 추돌 - 주정차중,안전거리미확보,습기,비,교차로 - 교차로부근,승용,여,60세,상해없음,승용,여,52세,경상
2015062600100275,2015년 6월 26일 10시,금요일,강원도 동해시 단봉동,경상사고,0,0,1,0,차대차 - 측면직각충돌,교차로운행방법위반,습기,비,교차로 - 교차로부근,건설기계,남,51세,상해없음,승용,여,61세,경상
2015062600100304,2015년 6월 26일 11시,금요일,강원도 삼척시 도계읍,경상사고,0,0,2,0,차대차 - 측면직각충돌,중앙선침범,습기,비,교차로 - 교차로부근,승합,남,55세,상해없음,승용,남,46세,경상
2015062600100305,2015년 6월 26일 11시,금요일,강원도 고성군 토성면,중상사고,0,1,0,0,차대사람 - 횡단중,안전운전불이행,습기,비,단일로 - 기타,화물,남,64세,상해없음,보행자,남,58세,중상
2015062600100338,2015년 6월 26일 12시,금요일,강원도 원주시 소초면,경상사고,0,0,5,0,차대차 - 추돌 - 진행중,안전운전불이행,건조,맑음,단일로 - 기타,승용,남,53세,경상,승용,여,45세,경상
2015062600100365,2015년 6월 26일 13시,금요일,강원도 원주시 학성동,경상사고,0,0,2,0,차대차 - 측면직각충돌,안전운전불이행,건조,맑음,교차로 - 교차로안,승용,여,51세,상해없음,승용,남,69세,경상
2015062600100435,2015년 6월 26일 15시,금요일,강원도 속초시 중앙동,경상사고,0,0,2,0,차대차 - 추돌 - 주정차중,안전운전불이행,습기,비,교차로 - 교차로부근,승용,여,42세,상해없음,승용,남,26세,경상
2015062600100474,2015년 6월 26일 16시,금요일,강원도 속초시 중앙동,경상사고,0,0,2,0,차대차 - 측면직각충돌,신호위반,습기,비,교차로 - 교차로안,승용,남,35세,상해없음,승용,남,66세,경상
2015062600100475,2015년 6월 26일 16시,금요일,강원도 삼척시 교동,경상사고,0,0,1,0,차량단독 - 공작물충돌,안전운전불이행,습기,비,단일로 - 기타,승용,남,55세,상해없음,,,,
2015062600100507,2015년 6월 26일 17시,금요일,강원도 춘천시 퇴계동,경상사고,0,0,1,0,차대차 - 측면직각충돌,교차로운행방법위반,건조,맑음,교차로 - 교차로부근,승용,여,44세,상해없음,원동기,여,35세,경상
2015062600100508,2015년 6월 26일 17시,금요일,강원도 영월군 김삿갓면,경상사고,0,0,2,0,차대차 - 측면직각충돌,안전운전불이행,건조,맑음,단일로 - 기타,승용,여,50세,상해없음,승용,여,47세,경상
2015062600100555,2015년 6월 26일 18시,금요일,강원도 원주시 소초면,경상사고,0,0,1,0,차대차 - 측면직각충돌,교차로운행방법위반,건조,맑음,교차로 - 교차로안,화물,남,51세,상해없음,화물,남,59세,경상
2015062600100594,2015년 6월 26일 19시,금요일,강원도 춘천시 석사동,경상사고,0,0,1,0,차대사람 - 횡단중,안전운전불이행,건조,맑음,단일로 - 기타,승용,여,32세,상해없음,보행자,여,9세,경상
2015062600100624,2015년 6월 26일 20시,금요일,강원도 강릉시 교동,경상사고,0,0,1,0,차대차 - 기타,안전운전불이행,건조,맑음,단일로 - 기타,승용,남,40세,상해없음,승용,남,20세,상해없음
2015062600100625,2015년 6월 26일 20시,금요일,강원도 원주시 무실동,경상사고,0,0,1,0,차대차 - 기타,안전운전불이행,건조,맑음,단일로 - 기타,기타불명,기타불명,기타불명,기타불명,이륜,남,32세,경상
2015062600100626,2015년 6월 26일 20시,금요일,강원도 삼척시 교동,중상사고,0,1,0,0,차대사람 - 횡단중,보행자보호의무위반,적설,비,단일로 - 횡단보도상,승용,여,38세,상해없음,보행자,여,70세,중상
2015062600100710,2015년 6월 26일 22시,금요일,강원도 정선군 고한읍,경상사고,0,0,1,0,차대사람 - 횡단중,보행자보호의무위반,습기,비,단일로 - 횡단보도상,승용,남,38세,상해없음,보행자,남,45세,경상
2015062600100711,2015년 6월 26일 22시,금요일,강원도 동해시 쇄운동,경상사고,0,0,1,0,차대차 - 추돌 - 주정차중,안전거리미확보,습기,비,단일로 - 기타,승용,남,54세,상해없음,승용,남,57세,경상
2015062600100712,2015년 6월 26일 22시,금요일,강원도 원주시 문막읍,중상사고,0,2,0,0,차대차 - 추돌 - 진행중,안전운전불이행,건조,흐림,단일로 - 기타,화물,남,61세,상해없음,승용,남,43세,중상
2015062600100757,2015년 6월 26일 23시,금요일,강원도 강릉시 교동,경상사고,0,0,2,0,차대차 - 추돌 - 진행중,안전운전불이행,습기,비,단일로 - 기타,승용,남,32세,상해없음,승용,여,52세,경상
2015062600100758,2015년 6월 26일 23시,금요일,강원도 동해시 천곡동,경상사고,0,0,1,0,차대차 - 정면충돌,중앙선침범,습기,비,교차로 - 교차로부근,승용,남,43세,상해없음,승용,남,56세,경상
2015062700100014,2015년 6월 27일 00시,토요일,강원도 원주시 관설동,중상사고,0,1,0,0,차대차 - 측면직각충돌,안전운전불이행,건조,맑음,교차로 - 교차로안,승용,여,47세,상해없음,원동기,남,46세,중상
2015062700100041,2015년 6월 27일 01시,토요일,강원도 원주시 개운동,경상사고,0,0,1,0,차대차 - 측면직각충돌,교차로운행방법위반,건조,맑음,교차로 - 교차로안,승용,남,58세,상해없음,원동기,남,39세,경상
2015062700100065,2015년 6월 27일 02시,토요일,강원도 춘천시 소양로1가,경상사고,0,0,1,0,차대차 - 추돌 - 진행중,안전운전불이행,건조,맑음,교차로 - 교차로부근,승용,여,24세,상해없음,승용,여,42세,경상
2015062700100066,2015년 6월 27일 02시,토요일,강원도 강릉시 교동,경상사고,0,0,2,0,차대차 - 추돌 - 진행중,안전운전불이행,습기,비,단일로 - 기타,화물,남,48세,상해없음,화물,남,29세,경상
2015062700100067,2015년 6월 27일 02시,토요일,강원도 동해시 천곡동,경상사고,0,0,2,0,차대차 - 측면직각충돌,안전운전불이행,습기,비,교차로 - 교차로안,승용,남,37세,상해없음,승용,남,66세,경상
2015062700100088,2015년 6월 27일 03시,토요일,강원도 원주시 일산동,중상사고,0,2,1,0,차대차 - 측면직각충돌,신호위반,건조,맑음,교차로 - 교차로안,승용,남,20세,중상,승용,남,26세,중상
2015062700100156,2015년 6월 27일 07시,토요일,강원도 강릉시 교동,경상사고,0,0,1,0,차대차 - 기타,안전운전불이행,습기,흐림,단일로 - 기타,승용,남,43세,상해없음,승용,남,50세,경상
2015062700100157,2015년 6월 27일 07시,토요일,강원도 원주시 중앙동,경상사고,0,0,2,0,차대차 - 측면직각충돌,신호위반,건조,맑음,교차로 - 교차로안,승용,남,53세,상해없음,승용,남,60세,경상
2015062700100186,2015년 6월 27일 08시,토요일,강원도 원주시 무실동,경상사고,0,0,1,0,차대차 - 측면직각충돌,신호위반,건조,맑음,교차로 - 교차로안,승용,남,57세,상해없음,승용,여,27세,경상
2015062700100226,2015년 6월 27일 10시,토요일,강원도 원주시 귀래면,경상사고,0,0,1,0,차대차 - 정면충돌,안전운전불이행,건조,맑음,단일로 - 기타,화물,남,58세,상해없음,승용,여,63세,경상
2015062700100297,2015년 6월 27일 12시,토요일,강원도 춘천시 소양로1가,경상사고,0,0,4,0,차대차 - 추돌 - 주정차중,안전거리미확보,건조,맑음,단일로 - 기타,승용,남,18세,상해없음,승용,여,38세,경상
2015062700100328,2015년 6월 27일 13시,토요일,강원도 춘천시 석사동,경상사고,0,0,1,0,차대차 - 추돌 - 진행중,안전거리미확보,건조,맑음,단일로 - 기타,이륜,남,32세,상해없음,승용,남,54세,경상
2015062700100329,2015년 6월 27일 13시,토요일,강원도 속초시 교동,경상사고,0,0,2,0,차대차 - 측면직각충돌,차로위반,건조,맑음,단일로 - 기타,승용,남,59세,상해없음,승용,남,44세,경상
2015062700100330,2015년 6월 27일 13시,토요일,강원도 속초시 조양동,경상사고,0,0,2,0,차대차 - 측면직각충돌,안전운전불이행,건조,맑음,단일로 - 기타,승용,남,37세,상해없음,승용,남,33세,경상
2015062700100331,2015년 6월 27일 13시,토요일,강원도 동해시 천곡동,경상사고,0,0,2,0,차대차 - 추돌 - 진행중,안전운전불이행,건조,맑음,단일로 - 기타,승용,남,68세,상해없음,승용,여,44세,경상
2015062700100362,2015년 6월 27일 14시,토요일,강원도 속초시 장사동,경상사고,0,0,1,0,차대차 - 측면직각충돌,신호위반,건조,맑음,단일로 - 기타,자전거,남,10세,상해없음,자전거,여,46세,경상
2015062700100405,2015년 6월 27일 15시,토요일,강원도 원주시 봉산동,경상사고,0,0,1,0,차대사람 - 길가장자리구역통행중,안전운전불이행,건조,맑음,단일로 - 기타,승합,남,62세,상해없음,보행자,여,54세,경상
2015062700100406,2015년 6월 27일 15시,토요일,강원도 평창군 봉평면,중상사고,0,1,3,0,차대차 - 추돌 - 진행중,안전거리미확보,건조,맑음,단일로 - 기타,승용,남,50세,상해없음,승용,남,28세,상해없음
2015062700100445,2015년 6월 27일 16시,토요일,강원도 철원군 서면,중상사고,0,1,2,0,차대차 - 추돌 - 진행중,안전운전불이행,건조,맑음,단일로 - 기타,승용,남,55세,상해없음,승용,여,37세,중상
2015062700100538,2015년 6월 27일 18시,토요일,강원도 춘천시 효자동,중상사고,0,1,1,1,차대차 - 추돌 - 주정차중,안전운전불이행,건조,맑음,교차로 - 교차로부근,화물,남,54세,상해없음,승용,여,46세,중상
2015062700100573,2015년 6월 27일 19시,토요일,강원도 정선군 정선읍,중상사고,0,1,0,0,차대사람 - 횡단중,보행자보호의무위반,건조,맑음,단일로 - 횡단보도상,승용,여,46세,상해없음,보행자,여,4세,중상
2015062700100635,2015년 6월 27일 21시,토요일,강원도 강릉시 포남동,중상사고,0,1,0,0,차대차 - 기타,안전운전불이행,건조,맑음,단일로 - 기타,승합,남,29세,상해없음,원동기,남,17세,중상