사고번호,사고일시,요일,시군구,사고내용,사망자수,중상자수,경상자수,부상신고자수,사고유형,법규위반,노면상태,기상상태,도로형태,가해운전자 차종,가해운전자 성별,가해운전자 연령,가해운전자 상해정도,피해운전자 차종,피해운전자 성별,피해운전자 연령,피해운전자 상해정도
2015071300100313,2015년 7월 13일 13시,월요일,강원도 홍천군 두촌면,중상사고,0,2,0,0,차대차 - 추돌 - 진행중,안전운전불이행,습기,비,교차로 - 교차로부근,건설기계,남,30세,상해없음,승합,남,66세,중상
2015071300100314,2015년 7월 13일 13시,월요일,강원도 홍천군 서석면,중상사고,0,1,0,0,차량단독 - 기타,안전운전불이행,습기,비,단일로 - 기타,승용,여,34세,중상,,,,
2015071300100348,2015년 7월 13일 14시,월요일,강원도 영월군 한반도면,경상사고,0,0,2,0,차대차 - 측면직각충돌,교차로운행방법위반,습기,비,교차로 - 교차로안,승용,남,58세,경상,화물,남,69세,경상
2015071300100349,2015년 7월 13일 14시,월요일,강원도 평창군 진부면,경상사고,0,0,1,0,차대사람 - 횡단중,보행자보호의무위반,건조,맑음,단일로 - 횡단보도상,승용,남,53세,상해없음,보행자,여,5세,경상
2015071300100391,2015년 7월 13일 15시,월요일,강원도 춘천시 석사동,경상사고,0,0,1,0,차량단독 - 공작물충돌,기타,건조,맑음,단일로 - 기타,승합,남,42세,상해없음,,,,
2015071300100392,2015년 7월 13일 15시,월요일,강원도 춘천시 사농동,경상사고,0,0,2,0,차대차 - 측면직각충돌,안전운전불이행,건조,맑음,단일로 - 기타,승용,남,48세,상해없음,승용,남,34세,경상
2015071300100393,2015년 7월 13일 15시,월요일,강원도 태백시 황지동,경상사고,0,0,1,0,차대차 - 측면직각충돌,직진우회전진행방해,습기,비,교차로 - 교차로안,승용,여,51세,상해없음,승용,여,36세,경상
2015071300100439,2015년 7월 13일 16시,월요일,강원도 춘천시 신북읍,경상사고,0,0,1,0,차대차 - 추돌 - 진행중,안전거리미확보,습기,비,단일로 - 기타,승용,여,25세,상해없음,승용,남,44세,경상
2015071300100440,2015년 7월 13일 16시,월요일,강원도 강릉시 교동,경상사고,0,0,1,0,차대사람 - 기타,안전운전불이행,건조,맑음,교차로 - 교차로안,승용,여,61세,상해없음,보행자,남,31세,경상
2015071300100472,2015년 7월 13일 17시,월요일,강원도 춘천시 후평동,경상사고,0,0,4,0,차대차 - 측면직각충돌,교차로운행방법위반,습기,비,교차로 - 교차로안,승용,남,39세,상해없음,승용,남,55세,경상
2015071300100473,2015년 7월 13일 17시,월요일,강원도 인제군 북면,중상사고,0,3,3,0,차대차 - 측면직각충돌,신호위반,습기,비,교차로 - 교차로안,승용,남,19세,경상,승합,남,44세,중상
2015071300100506,2015년 7월 13일 18시,월요일,강원도 춘천시 중앙로3가,경상사고,0,0,1,0,차대차 - 측면직각충돌,교차로운행방법위반,습기,비,교차로 - 교차로안,승용,여,49세,상해없음,승용,남,38세,경상
2015071300100507,2015년 7월 13일 18시,월요일,강원도 원주시 소초면,경상사고,0,0,2,0,차대차 - 추돌 - 주정차중,안전운전불이행,습기,비,교차로 - 교차로부근,승용,남,50세,상해없음,승용,남,57세,경상
2015071300100508,2015년 7월 13일 18시,월요일,강원도 삼척시 성내동,중상사고,0,1,0,0,차대사람 - 기타,안전운전불이행,건조,맑음,기타 - 기타,승용,남,67세,상해없음,보행자,여,26세,중상
2015071300100560,2015년 7월 13일 19시,월요일,강원도 강릉시 교동,부상신고사고,0,0,0,1,차대차 - 기타,안전운전불이행,건조,맑음,교차로 - 교차로부근,화물,남,77세,기타불명,승용,남,74세,상해없음
2015071300100596,2015년 7월 13일 20시,월요일,강원도 원주시 단계동,경상사고,0,0,4,1,차대차 - 측면직각충돌,교차로운행방법위반,건조,흐림,교차로 - 교차로안,승용,남,60세,부상신고,승용,여,37세,경상
2015071300100664,2015년 7월 13일 22시,월요일,강원도 속초시 조양동,경상사고,0,0,1,0,차대차 - 측면직각충돌,안전운전불이행,건조,맑음,단일로 - 기타,승용,남,63세,상해없음,이륜,남,17세,경상
2015071300100665,2015년 7월 13일 22시,월요일,강원도 동해시 용정동,경상사고,0,0,2,0,차대차 - 추돌 - 주정차중,안전운전불이행,건조,맑음,교차로 - 교차로부근,승용,남,67세,상해없음,화물,남,50세,경상
2015071300100697,2015년 7월 13일 23시,월요일,강원도 원주시 무실동,중상사고,0,1,1,0,차대차 - 측면직각충돌,차로위반,건조,맑음,단일로 - 기타,원동기,남,41세,중상,승용,여,40세,경상
2015071300100698,2015년 7월 13일 23시,월요일,강원도 속초시 조양동,경상사고,0,0,1,0,차대사람 - 횡단중,안전운전불이행,건조,맑음,단일로 - 기타,승용,여,21세,상해없음,보행자,남,57세,경상
2015071400100064,2015년 7월 14일 05시,화요일,강원도 원주시 단계동,경상사고,0,0,1,0,차대차 - 측면직각충돌,교차로운행방법위반,건조,흐림,교차로 - 교차로안,승용,남,32세,상해없음,승용,여,44세,경상
2015071400100082,2015년 7월 14일 07시,화요일,강원도 춘천시 석사동,경상사고,0,0,2,0,차대차 - 측면직각충돌,교차로운행방법위반,건조,맑음,교차로 - 교차로부근,승용,남,60세,상해없음,승용,남,40세,경상
2015071400100151,2015년 7월 14일 09시,화요일,강원도 양양군 양양읍,경상사고,0,0,3,0,차대차 - 추돌 - 주정차중,안전운전불이행,건조,맑음,교차로 - 교차로부근,승용,여,47세,상해없음,승용,남,62세,경상
2015071400100152,2015년 7월 14일 09시,화요일,강원도 고성군 죽왕면,경상사고,0,0,1,0,차대차 - 추돌 - 진행중,안전운전불이행,건조,맑음,교차로 - 교차로부근,화물,남,44세,상해없음,승용,남,79세,경상
2015071400100180,2015년 7월 14일 10시,화요일,강원도 춘천시 소양로1가,중상사고,0,1,0,0,차대차 - 기타,중앙선침범,건조,맑음,단일로 - 기타,자전거,남,75세,중상,승용,남,44세,상해없음
2015071400100239,2015년 7월 14일 12시,화요일,강원도 춘천시 낙원동,중상사고,0,1,0,0,차대차 - 측면직각충돌,직진우회전진행방해,건조,맑음,교차로 - 교차로안,승용,남,32세,상해없음,이륜,남,17세,중상
2015071400100269,2015년 7월 14일 13시,화요일,강원도 홍천군 홍천읍,경상사고,0,0,2,0,차대차 - 측면직각충돌,안전운전불이행,건조,맑음,교차로 - 교차로안,승용,여,45세,상해없음,승용,여,32세,경상
2015071400100270,2015년 7월 14일 13시,화요일,강원도 횡성군 우천면,중상사고,0,1,0,0,차대차 - 추돌 - 진행중,안전운전불이행,건조,맑음,단일로 - 교량,승용,남,75세,상해없음,원동기,남,78세,중상
2015071400100302,2015년 7월 14일 14시,화요일,강원도 춘천시 우두동,경상사고,0,0,2,0,차대차 - 추돌 - 진행중,안전거리미확보,건조,맑음,단일로 - 기타,화물,남,48세,상해없음,승용,남,58세,경상
2015071400100303,2015년 7월 14일 14시,화요일,강원도 춘천시 우두동,경상사고,0,0,2,0,차대차 - 측면직각충돌,신호위반,건조,맑음,교차로 - 교차로안,승용,여,69세,상해없음,화물,남,40세,경상
2015071400100421,2015년 7월 14일 17시,화요일,강원도 강릉시 사천면,경상사고,0,0,2,0,차대차 - 기타,안전운전불이행,건조,맑음,단일로 - 기타,승용,여,60세,상해없음,원동기,남,76세,경상
2015071400100458,2015년 7월 14일 18시,화요일,강원도 강릉시 성산면,경상사고,0,0,1,0,차대차 - 기타,안전운전불이행,건조,맑음,단일로 - 기타,승용,남,49세,상해없음,승용,남,28세,경상
2015071400100459,2015년 7월 14일 18시,화요일,강원도 강릉시 용강동,경상사고,0,0,1,0,차대차 - 측면직각충돌,안전운전불이행,건조,맑음,단일로 - 기타,승용,남,51세,상해없음,승용,여,48세,경상
2015071400100460,2015년 7월 14일 18시,화요일,강원도 동해시 단봉동,경상사고,0,0,1,0,차대차 - 측면직각충돌,안전운전불이행,건조,맑음,교차로 - 교차로안,이륜,남,30세,경상,승용,남,48세,상해없음
2015071400100501,2015년 7월 14일 19시,화요일,강원도 춘천시 석사동,경상사고,0,0,1,0,차대차 - 추돌 - 주정차중,안전운전불이행,건조,맑음,단일로 - 기타,승용,남,41세,상해없음,승용,남,72세,경상
2015071400100583,2015년 7월 14일 21시,화요일,강원도 강릉시 교동,경상사고,0,0,1,0,차대사람 - 기타,안전운전불이행,건조,맑음,단일로 - 기타,승용,남,56세,상해없음,보행자,남,58세,경상
2015071400100609,2015년 7월 14일 22시,화요일,강원도 강릉시 안현동,경상사고,0,0,1,0,차대사람 - 기타,안전운전불이행,건조,맑음,기타 - 기타,원동기,남,27세,상해없음,보행자,남,18세,경상
2015071500100008,2015년 7월 15일 00시,수요일,강원도 동해시 부곡동,중상사고,0,1,0,0,차대사람 - 횡단중,안전운전불이행,건조,맑음,단일로 - 기타,승용,남,57세,상해없음,보행자,남,39세,중상
2015071500100026,2015년 7월 15일 01시,수요일,강원도 춘천시 온의동,사망사고,1,0,0,0,차량단독 - 도로외이탈 - 기타,안전운전불이행,건조,맑음,단일로 - 기타,승용,남,49세,사망,,,,
2015071500100027,2015년 7월 15일 01시,수요일,강원도 강릉시 명주동,경상사고,0,0,3,0,차대차 - 기타,중앙선침범,건조,맑음,단일로 - 기타,승용,남,32세,상해없음,승용,남,45세,경상
2015071500100035,2015년 7월 15일 02시,수요일,강원도 원주시 일산동,경상사고,0,0,1,0,차대사람 - 기타,보행자보호의무위반,건조,맑음,단일로 - 기타,승용,남,34세,상해없음,보행자,여,49세,경상
2015071500100062,2015년 7월 15일 05시,수요일,강원도 춘천시 신동면,중상사고,0,1,0,0,차량단독 - 공작물충돌,안전운전불이행,건조,맑음,단일로 - 기타,화물,남,30세,상해없음,,,,
2015071500100174,2015년 7월 15일 09시,수요일,강원도 강릉시 포남동,경상사고,0,0,1,0,차대차 - 기타,안전운전불이행,건조,맑음,단일로 - 기타,승용,남,32세,상해없음,자전거,여,48세,경상
2015071500100232,2015년 7월 15일 11시,수요일,강원도 원주시 태장동,경상사고,0,0,1,0,차대차 - 추돌 - 진행중,안전운전불이행,건조,맑음,단일로 - 기타,승용,남,44세,상해없음,승용,남,54세,경상
2015071500100233,2015년 7월 15일 11시,수요일,강원도 철원군 동송읍,경상사고,0,0,2,0,차대차 - 기타,중앙선침범,건조,맑음,단일로 - 기타,승용,여,62세,상해없음,승용,남,37세,상해없음
2015071500100265,2015년 7월 15일 12시,수요일,강원도 원주시 단계동,경상사고,0,0,2,0,차대차 - 추돌 - 진행중,안전거리미확보,건조,맑음,단일로 - 기타,승용,남,20세,상해없음,승용,여,57세,경상
2015071500100299,2015년 7월 15일 13시,수요일,강원도 춘천시 소양로2가,중상사고,0,1,0,0,차대차 - 측면직각충돌,기타,건조,맑음,교차로 - 교차로안,승용,여,62세,상해없음,승용,여,45세,중상
2015071500100300,2015년 7월 15일 13시,수요일,강원도 평창군 대관령면,경상사고,0,0,1,0,차대차 - 측면직각충돌,신호위반,습기,안개,교차로 - 교차로안,승용,남,37세,상해없음,농기계,남,70세,경상
2015071500100301,2015년 7월 15일 13시,수요일,강원도 태백시 화전동,경상사고,0,0,1,3,차대차 - 추돌 - 주정차중,안전운전불이행,건조,맑음,교차로 - 교차로부근,화물,남,55세,상해없음,승용,남,56세,경상
2015071500100333,2015년 7월 15일 14시,수요일,강원도 춘천시 효자동,경상사고,0,0,1,0,차대차 - 측면직각충돌,안전운전불이행,건조,맑음,단일로 - 기타,승용,남,20세,상해없음,승용,남,25세,경상
2015071500100334,2015년 7월 15일 14시,수요일,강원도 원주시 일산동,부상신고사고,0,0,0,1,차대차 - 기타,안전운전불이행,건조,맑음,단일로 - 기타,승용,남,50세,상해없음,승용,남,25세,부상신고
2015071500100371,2015년 7월 15일 15시,수요일,강원도 춘천시 중앙로2가,경상사고,0,0,1,0,차대사람 - 횡단중,보행자보호의무위반,건조,맑음,단일로 - 횡단보도상,자전거,남,13세,상해없음,보행자,여,64세,경상
2015071500100372,2015년 7월 15일 15시,수요일,강원도 원주시 소초면,경상사고,0,0,1,0,차대사람 - 횡단중,보행자보호의무위반,건조,맑음,단일로 - 기타,화물,남,57세,상해없음,보행자,남,16세,경상
2015071500100412,2015년 7월 15일 16시,수요일,강원도 강릉시 연곡면,경상사고,0,0,1,0,차대차 - 기타,안전운전불이행,건조,맑음,단일로 - 기타,승용,여,44세,상해없음,승용,여,55세,경상
2015071500100453,2015년 7월 15일 17시,수요일,강원도 고성군 토성면,경상사고,0,0,1,0,차량단독 - 도로외이탈 - 추락,기타,건조,맑음,기타 - 기타,승합,남,52세,상해없음,,,,
2015071500100508,2015년 7월 15일 18시,수요일,강원도 춘천시 후평동,경상사고,0,0,1,0,차대차 - 측면직각충돌,직진우회전진행방해,건조,맑음,교차로 - 교차로안,승용,남,74세,상해없음,이륜,남,67세,경상
2015071500100509,2015년 7월 15일 18시,수요일,강원도 강릉시 홍제동,경상사고,0,0,1,0,차대차 - 추돌 - 주정차중,안전운전불이행,건조,기타,단일로 - 기타,승합,남,23세,상해없음,승용,여,35세,경상
2015071500100510,2015년 7월 15일 18시,수요일,강원도 원주시 우산동,경상사고,0,0,3,0,차대차 - 추돌 - 주정차중,안전거리미확보,건조,맑음,단일로 - 기타,승용,남,37세,상해없음,승용,여,41세,경상
2015071500100511,2015년 7월 15일 18시,수요일,강원도 원주시 단구동,경상사고,0,0,2,0,차대사람 - 횡단중,안전운전불이행,건조,맑음,교차로 - 교차로부근,승용,남,32세,상해없음,보행자,여,24세,경상
2015071500100512,2015년 7월 15일 18시,수요일,강원도 홍천군 북방면,경상사고,0,0,1,0,차대차 - 추돌 - 진행중,안전운전불이행,건조,맑음,단일로 - 기타,승용,여,56세,상해없음,자전거,남,21세,경상
2015071500100513,2015년 7월 15일 18시,수요일,강원도 홍천군 홍천읍,경상사고,0,0,1,0,차대차 - 기타,안전거리미확보,건조,맑음,기타 - 기타,화물,남,43세,상해없음,승용,남,24세,경상
2015071500100551,2015년 7월 15일 19시,수요일,강원도 속초시 청호동,중상사고,0,1,0,0,차량단독 - 전도전복,안전운전불이행,건조,맑음,단일로 - 기타,원동기,남,79세,중상,,,,
2015071500100552,2015년 7월 15일 19시,수요일,강원도 평창군 용평면,경상사고,0,0,1,0,차대차 - 측면직각충돌,중앙선침범,건조,맑음,단일로 - 기타,화물,남,41세,상해없음,승용,여,48세,경상
2015071500100630,2015년 7월 15일 21시,수요일,강원도 춘천시 석사동,경상사고,0,0,1,0,차대차 - 측면직각충돌,교차로운행방법위반,건조,맑음,교차로 - 교차로안,승용,여,40세,상해없음,이륜,남,21세,경상
2015071500100631,2015년 7월 15일 21시,수요일,강원도 강릉시 구정면,경상사고,0,0,1,0,차대차 - 기타,중앙선침범,건조,흐림,단일로 - 기타,승용,남,57세,상해없음,화물,여,28세,경상
2015071500100657,2015년 7월 15일 22시,수요일,강원도 원주시 명륜동,경상사고,0,0,1,0,차대사람 - 횡단중,안전운전불이행,건조,맑음,교차로 - 교차로안,승용,남,55세,상해없음,보행자,남,54세,경상
2015071500100658,2015년 7월 15일 22시,수요일,강원도 원주시 단계동,부상신고사고,0,0,0,1,차대차 - 기타,안전운전불이행,건조,맑음,단일로 - 기타,기타불명,기타불명,기타불명,기타불명,승용,여,26세,부상신고
2015071500100659,2015년 7월 15일 22시,수요일,강원도 원주시 명륜동,경상사고,0,0,1,0,차대차 - 추돌 - 진행중,안전운전불이행,건조,맑음,단일로 - 기타,승용,여,23세,상해없음,승용,남,33세,경상
2015071500100660,2015년 7월 15일 22시,수요일,강원도 홍천군 북방면,경상사고,0,0,1,0,차대사람 - 차도통행중,안전운전불이행,건조,맑음,단일로 - 기타,승용,남,36세,상해없음,보행자,여,56세,경상
2015071600100012,2015년 7월 16일 00시,목요일,강원도 정선군 정선읍,부상신고사고,0,0,0,1,차대사람 - 횡단중,안전운전불이행,건조,맑음,단일로 - 기타,승용,남,32세,상해없음,보행자,남,19세,부상신고
2015071600100041,2015년 7월 16일 03시,목요일,강원도 삼척시 원덕읍,경상사고,0,0,1,0,차량단독 - 전도전복,안전운전불이행,건조,맑음,단일로 - 터널,승용,남,61세,상해없음,,,,
2015071600100126,2015년 7월 16일 08시,목요일,강원도 춘천시 후평동,경상사고,0,0,1,0,차대차 - 측면직각충돌,기타,습기,맑음,단일로 - 기타,기타불명,기타불명,기타불명,기타불명,자전거,남,16세,경상
2015071600100127,2015년 7월 16일 08시,목요일,강원도 춘천시 동내면,경상사고,0,0,1,0,차대차 - 측면직각충돌,교차로운행방법위반,건조,맑음,교차로 - 교차로안,승용,남,68세,상해없음,승용,남,43세,경상
2015071600100128,2015년 7월 16일 08시,목요일,강원도 원주시 흥업면,경상사고,0,0,2,0,차대차 - 기타,중앙선침범,건조,맑음,단일로 - 기타,승용,남,49세,경상,건설기계,남,31세,경상
2015071600100129,2015년 7월 16일 08시,목요일,강원도 원주시 개운동,중상사고,0,1,0,0,차대사람 - 길가장자리구역통행중,안전운전불이행,건조,맑음,단일로 - 기타,기타불명,기타불명,기타불명,기타불명,보행자,여,77세,중상
2015071600100130,2015년 7월 16일 08시,목요일,강원도 양양군 손양면,경상사고,0,0,1,0,차대차 - 측면직각충돌,안전거리미확보,건조,맑음,단일로 - 기타,화물,남,67세,상해없음,화물,남,54세,경상
2015071600100171,2015년 7월 16일 09시,목요일,강원도 원주시 관설동,중상사고,0,1,0,0,차대차 - 기타,과속,건조,맑음,단일로 - 기타,승용,남,50세,상해없음,화물,남,59세,상해없음
2015071600100201,2015년 7월 16일 10시,목요일,강원도 철원군 동송읍,중상사고,0,1,0,0,차대차 - 추돌 - 주정차중,안전운전불이행,건조,맑음,단일로 - 기타,화물,남,34세,상해없음,원동기,남,67세,중상
2015071600100264,2015년 7월 16일 12시,목요일,강원도 춘천시 서면,중상사고,0,1,0,0,차대차 - 측면직각충돌,교차로운행방법위반,건조,맑음,교차로 - 교차로안,화물,남,62세,기타불명,화물,남,65세,중상
2015071600100265,2015년 7월 16일 12시,목요일,강원도 정선군 북평면,중상사고,0,1,0,0,차량단독 - 기타,안전운전불이행,건조,맑음,단일로 - 기타,이륜,남,76세,상해없음,,,,
2015071600100291,2015년 7월 16일 13시,목요일,강원도 원주시 단구동,경상사고,0,0,3,0,차대차 - 기타,신호위반,건조,맑음,교차로 - 교차로안,이륜,남,18세,경상,승용,남,50세,경상
2015071600100328,2015년 7월 16일 14시,목요일,강원도 춘천시 퇴계동,중상사고,0,1,0,0,차대사람 - 횡단중,보행자보호의무위반,건조,맑음,교차로 - 교차로부근,승용,남,23세,상해없음,보행자,여,65세,중상
2015071600100329,2015년 7월 16일 14시,목요일,강원도 춘천시 동면,중상사고,0,1,0,0,차대차 - 측면직각충돌,안전운전불이행,건조,맑음,교차로 - 교차로부근,이륜,남,44세,중상,화물,남,54세,상해없음
2015071600100330,2015년 7월 16일 14시,목요일,강원도 태백시 화전동,중상사고,0,1,0,0,차대차 - 기타,교차로운행방법위반,건조,맑음,교차로 - 교차로안,승용,여,54세,상해없음,원동기,남,47세,중상
2015071600100366,2015년 7월 16일 15시,목요일,강원도 춘천시 퇴계동,경상사고,0,0,1,0,차대사람 - 횡단중,보행자보호의무위반,건조,맑음,단일로 - 횡단보도상,이륜,남,27세,상해없음,보행자,여,42세,경상
2015071600100396,2015년 7월 16일 16시,목요일,강원도 춘천시 우두동,경상사고,0,0,1,0,차대차 - 기타,안전운전불이행,건조,맑음,교차로 - 교차로부근,승용,남,61세,상해없음,자전거,남,34세,경상
2015071600100397,2015년 7월 16일 16시,목요일,강원도 철원군 동송읍,중상사고,0,1,0,0,차대차 - 측면직각충돌,안전운전불이행,건조,맑음,교차로 - 교차로안,승용,남,53세,상해없음,자전거,남,13세,중상
2015071600100493,2015년 7월 16일 18시,목요일,강원도 원주시 개운동,경상사고,0,0,1,0,차대사람 - 횡단중,안전운전불이행,건조,맑음,단일로 - 기타,승합,여,63세,상해없음,보행자,여,73세,경상
2015071600100538,2015년 7월 16일 19시,목요일,강원도 태백시 황지동,경상사고,0,0,1,0,차대사람 - 횡단중,보행자보호의무위반,건조,맑음,교차로 - 교차로부근,승용,남,57세,상해없음,보행자,여,20세,경상
2015071600100571,2015년 7월 16일 20시,목요일,강원도 원주시 지정면,경상사고,0,0,2,0,차대차 - 기타,안전운전불이행,건조,맑음,교차로 - 교차로안,승용,남,57세,상해없음,승용,남,28세,경상
2015071600100610,2015년 7월 16일 21시,목요일,강원도 춘천시 후평동,경상사고,0,0,1,1,차대차 - 측면직각충돌,신호위반,건조,맑음,교차로 - 교차로안,승용,여,55세,상해없음,승용,남,51세,경상
2015071600100611,2015년 7월 16일 21시,목요일,강원도 원주시 우산동,경상사고,0,0,2,0,차대차 - 기타,교차로운행방법위반,건조,맑음,교차로 - 교차로안,승용,남,56세,상해없음,승용,여,33세,경상
2015071600100612,2015년 7월 16일 21시,목요일,강원도 홍천군 두촌면,중상사고,0,2,1,0,차량단독 - 기타,기타,건조,맑음,단일로 - 기타,승합,여,65세,중상,,,,
2015071600100613,2015년 7월 16일 21시,목요일,강원도 동해시 용정동,경상사고,0,0,4,0,차대차 - 측면직각충돌,중앙선침범,건조,맑음,단일로 - 기타,승용,남,53세,상해없음,승용,여,43세,경상
2015071600100679,2015년 7월 16일 23시,목요일,강원도 강릉시 사천면,경상사고,0,0,2,0,차대차 - 기타,안전운전불이행,건조,맑음,단일로 - 기타,승용,남,33세,경상,농기계,남,51세,경상
2015071700100048,2015년 7월 17일 03시,금요일,강원도 원주시 문막읍,경상사고,0,0,3,0,차대차 - 추돌 - 진행중,안전운전불이행,건조,맑음,단일로 - 기타,승용,남,47세,상해없음,특수,남,31세,경상
2015071700100085,2015년 7월 17일 07시,금요일,강원도 춘천시 후평동,경상사고,0,0,1,0,차대차 - 추돌 - 주정차중,안전운전불이행,건조,맑음,교차로 - 교차로부근,승용,남,44세,상해없음,승용,여,54세,경상
2015071700100086,2015년 7월 17일 07시,금요일,강원도 강릉시 옥계면,경상사고,0,0,3,0,차대차 - 정면충돌,중앙선침범,건조,맑음,교차로 - 교차로부근,승용,남,49세,상해없음,승합,남,48세,상해없음
2015071700100122,2015년 7월 17일 08시,금요일,강원도 춘천시 근화동,경상사고,0,0,1,0,차대차 - 측면직각충돌,안전거리미확보,건조,맑음,단일로 - 기타,승용,여,42세,상해없음,승용,남,62세,경상
2015071700100123,2015년 7월 17일 08시,금요일,강원도 강릉시 포남동,경상사고,0,0,1,0,차대차 - 기타,안전운전불이행,건조,맑음,교차로 - 교차로안,승용,남,66세,상해없음,승용,남,29세,경상
2015071700100171,2015년 7월 17일 09시,금요일,강원도 춘천시 석사동,경상사고,0,0,1,0,차대사람 - 기타,보행자보호의무위반,건조,맑음,교차로 - 교차로부근,기타불명,기타불명,기타불명,기타불명,보행자,남,9세,경상
2015071700100172,2015년 7월 17일 09시,금요일,강원도 춘천시 후평동,경상사고,0,0,2,0,차대차 - 측면직각충돌,교차로운행방법위반,건조,맑음,교차로 - 교차로안,승용,여,72세,상해없음,승용,남,42세,상해없음
2015071700100173,2015년 7월 17일 09시,금요일,강원도 정선군 정선읍,중상사고,0,3,0,0,차대차 - 추돌 - 진행중,안전운전불이행,건조,맑음,단일로 - 교량,승용,남,66세,상해없음,화물,남,55세,중상
2015071700100198,2015년 7월 17일 10시,금요일,강원도 동해시 효가동,경상사고,0,0,4,0,차대차 - 추돌 - 주정차중,안전거리미확보,건조,맑음,단일로 - 기타,승용,남,62세,상해없음,승용,여,47세,경상
2015071700100253,2015년 7월 17일 12시,금요일,강원도 춘천시 사북면,부상신고사고,0,0,0,1,차대차 - 측면직각충돌,안전운전불이행,건조,맑음,단일로 - 기타,승합,여,58세,상해없음,승용,남,25세,상해없음
2015071700100254,2015년 7월 17일 12시,금요일,강원도 강릉시 사천면,경상사고,0,0,1,0,차대차 - 기타,안전운전불이행,건조,맑음,교차로 - 교차로안,승용,남,38세,상해없음,이륜,남,75세,경상
2015071700100278,2015년 7월 17일 13시,금요일,강원도 원주시 단계동,중상사고,0,1,0,0,차대사람 - 횡단중,안전운전불이행,건조,흐림,단일로 - 기타,이륜,남,33세,상해없음,보행자,여,7세,중상
2015071700100279,2015년 7월 17일 13시,금요일,강원도 속초시 영랑동,중상사고,0,1,0,0,차대사람 - 횡단중,안전운전불이행,건조,맑음,단일로 - 기타,승용,여,48세,상해없음,보행자,여,60세,중상
2015071700100312,2015년 7월 17일 14시,금요일,강원도 춘천시 삼천동,경상사고,0,0,2,2,차대차 - 추돌 - 주정차중,안전운전불이행,건조,맑음,교차로 - 교차로부근,승용,남,41세,상해없음,승용,여,68세,경상
2015071700100313,2015년 7월 17일 14시,금요일,강원도 원주시 학성동,경상사고,0,0,1,0,차대차 - 측면직각충돌,교차로운행방법위반,건조,맑음,교차로 - 교차로안,이륜,남,59세,상해없음,자전거,남,66세,경상
2015071700100387,2015년 7월 17일 16시,금요일,강원도 춘천시 사농동,경상사고,0,0,6,0,차대차 - 측면직각충돌,직진우회전진행방해,건조,맑음,교차로 - 교차로안,승합,여,41세,경상,승용,여,58세,경상
2015071700100388,2015년 7월 17일 16시,금요일,강원도 춘천시 석사동,경상사고,0,0,1,0,차대차 - 측면직각충돌,안전운전불이행,건조,맑음,단일로 - 기타,화물,남,42세,상해없음,승합,남,57세,경상
2015071700100389,2015년 7월 17일 16시,금요일,강원도 속초시 도문동,경상사고,0,0,1,0,차대차 - 기타,안전운전불이행,건조,맑음,단일로 - 기타,건설기계,남,47세,상해없음,승용,남,54세,상해없음
2015071700100441,2015년 7월 17일 17시,금요일,강원도 강릉시 옥천동,경상사고,0,0,1,0,차대사람 - 기타,안전운전불이행,건조,맑음,단일로 - 기타,승용,남,60세,상해없음,보행자,남,24세,경상
2015071700100442,2015년 7월 17일 17시,금요일,강원도 원주시 학성동,경상사고,0,0,1,0,차대차 - 추돌 - 진행중,안전운전불이행,건조,맑음,교차로 - 교차로부근,승용,남,62세,상해없음,승용,여,27세,경상
2015071700100443,2015년 7월 17일 17시,금요일,강원도 원주시 무실동,경상사고,0,0,1,0,차대사람 - 횡단중,보행자보호의무위반,건조,맑음,교차로 - 교차로부근,승용,남,65세,상해없음,보행자,여,14세,경상
2015071700100489,2015년 7월 17일 18시,금요일,강원도 철원군 동송읍,경상사고,0,0,1,0,차대차 - 측면직각충돌,안전운전불이행,건조,맑음,교차로 - 교차로안,화물,남,20세,상해없음,승용,남,39세,경상
2015071700100529,2015년 7월 17일 19시,금요일,강원도 춘천시 퇴계동,경상사고,0,0,4,0,차대차 - 추돌 - 진행중,안전거리미확보,건조,맑음,단일로 - 기타,승용,남,28세,상해없음,승합,남,25세,경상
2015071700100530,2015년 7월 17일 19시,금요일,강원도 원주시 학성동,중상사고,0,1,0,0,차대차 - 측면직각충돌,교차로운행방법위반,건조,맑음,교차로 - 교차로안,승용,남,36세,상해없음,이륜,남,22세,중상
2015071700100562,2015년 7월 17일 20시,금요일,강원도 춘천시 석사동,중상사고,0,1,0,0,차대차 - 측면직각충돌,안전거리미확보,건조,맑음,단일로 - 기타,승용,여,56세,상해없음,이륜,남,16세,중상
2015071700100600,2015년 7월 17일 21시,금요일,강원도 춘천시 효자동,경상사고,0,0,1,0,차대차 - 기타,신호위반,건조,맑음,교차로 - 교차로안,승용,남,33세,상해없음,이륜,남,36세,경상
2015071700100601,2015년 7월 17일 21시,금요일,강원도 영월군 영월읍,중상사고,0,1,0,2,차대차 - 기타,중앙선침범,건조,맑음,단일로 - 기타,승용,남,19세,상해없음,승용,여,32세,중상
2015071700100642,2015년 7월 17일 22시,금요일,강원도 원주시 개운동,부상신고사고,0,0,0,1,차대차 - 기타,안전운전불이행,건조,맑음,단일로 - 기타,기타불명,기타불명,기타불명,기타불명,승용,남,74세,부상신고