사고번호,사고일시,요일,시군구,사고내용,사망자수,중상자수,경상자수,부상신고자수,사고유형,법규위반,노면상태,기상상태,도로형태,가해운전자 차종,가해운전자 성별,가해운전자 연령,가해운전자 상해정도,피해운전자 차종,피해운전자 성별,피해운전자 연령,피해운전자 상해정도
2015072600100461,2015년 7월 26일 21시,일요일,강원도 춘천시 봉의동,경상사고,0,0,1,0,차대사람 - 횡단중,보행자보호의무위반,건조,맑음,단일로 - 횡단보도상,승용,남,26세,상해없음,보행자,여,21세,경상
2015072600100462,2015년 7월 26일 21시,일요일,강원도 속초시 동명동,경상사고,0,0,2,0,차대차 - 측면직각충돌,안전운전불이행,습기,비,단일로 - 기타,승용,남,54세,상해없음,승용,남,25세,경상
2015072600100463,2015년 7월 26일 21시,일요일,강원도 인제군 인제읍,사망사고,1,0,0,0,차대사람 - 차도통행중,안전운전불이행,건조,맑음,교차로 - 교차로부근,승용,남,61세,상해없음,보행자,남,56세,사망
2015072600100502,2015년 7월 26일 23시,일요일,강원도 원주시 단구동,중상사고,0,1,0,0,차대사람 - 횡단중,보행자보호의무위반,건조,맑음,단일로 - 기타,승용,남,27세,상해없음,보행자,여,85세,중상
2015072700100005,2015년 7월 27일 00시,월요일,강원도 정선군 사북읍,중상사고,0,1,0,0,차대사람 - 횡단중,안전운전불이행,건조,맑음,단일로 - 기타,화물,남,40세,상해없음,보행자,남,52세,중상
2015072700100061,2015년 7월 27일 06시,월요일,강원도 강릉시 주문진읍,경상사고,0,0,2,0,차대차 - 기타,안전운전불이행,건조,맑음,교차로 - 교차로부근,농기계,남,72세,상해없음,이륜,남,80세,경상
2015072700100073,2015년 7월 27일 07시,월요일,강원도 동해시 송정동,경상사고,0,0,1,0,차대차 - 측면직각충돌,안전거리미확보,건조,맑음,단일로 - 기타,승용,남,33세,상해없음,승용,남,36세,경상
2015072700100101,2015년 7월 27일 08시,월요일,강원도 원주시 단계동,경상사고,0,0,2,0,차대차 - 측면직각충돌,신호위반,건조,맑음,교차로 - 교차로안,화물,남,44세,상해없음,승용,남,63세,경상
2015072700100136,2015년 7월 27일 09시,월요일,강원도 춘천시 효자동,중상사고,0,1,0,0,차대사람 - 횡단중,보행자보호의무위반,건조,흐림,교차로 - 교차로안,화물,남,45세,상해없음,보행자,여,76세,중상
2015072700100137,2015년 7월 27일 09시,월요일,강원도 강릉시 포남동,경상사고,0,0,1,0,차대차 - 측면직각충돌,안전운전불이행,건조,맑음,단일로 - 기타,화물,남,38세,상해없음,화물,남,61세,경상
2015072700100182,2015년 7월 27일 10시,월요일,강원도 원주시 중앙동,중상사고,0,1,1,0,차대사람 - 보도통행중,기타,건조,맑음,단일로 - 횡단보도부근,승용,남,56세,상해없음,보행자,남,62세,중상
2015072700100183,2015년 7월 27일 10시,월요일,강원도 인제군 남면,중상사고,0,1,5,3,차대차 - 추돌 - 진행중,안전거리미확보,건조,맑음,단일로 - 기타,승용,남,47세,상해없음,승합,남,46세,경상
2015072700100214,2015년 7월 27일 11시,월요일,강원도 춘천시 퇴계동,경상사고,0,0,3,0,차대차 - 추돌 - 진행중,안전운전불이행,건조,맑음,교차로 - 교차로부근,화물,남,76세,상해없음,승용,남,61세,경상
2015072700100215,2015년 7월 27일 11시,월요일,강원도 원주시 단계동,중상사고,0,1,7,0,차량단독 - 기타,안전운전불이행,건조,맑음,교차로 - 교차로부근,승합,남,37세,상해없음,,,,
2015072700100243,2015년 7월 27일 12시,월요일,강원도 원주시 판부면,경상사고,0,0,2,0,차대차 - 추돌 - 진행중,안전거리미확보,건조,맑음,교차로 - 교차로부근,승용,여,33세,상해없음,승용,남,41세,경상
2015072700100244,2015년 7월 27일 12시,월요일,강원도 원주시 단계동,경상사고,0,0,2,0,차대차 - 추돌 - 주정차중,안전운전불이행,건조,맑음,단일로 - 기타,화물,남,43세,상해없음,승용,남,52세,경상
2015072700100268,2015년 7월 27일 13시,월요일,강원도 정선군 정선읍,경상사고,0,0,5,0,차대차 - 측면직각충돌,안전운전불이행,건조,맑음,교차로 - 교차로부근,승용,남,67세,상해없음,승합,남,57세,경상
2015072700100297,2015년 7월 27일 14시,월요일,강원도 원주시 무실동,중상사고,0,1,1,0,차대차 - 추돌 - 진행중,안전거리미확보,건조,맑음,단일로 - 기타,승용,남,26세,상해없음,승용,여,40세,중상
2015072700100298,2015년 7월 27일 14시,월요일,강원도 삼척시 정상동,중상사고,0,1,1,0,차대차 - 측면직각충돌,신호위반,건조,맑음,교차로 - 교차로안,화물,남,37세,상해없음,승용,여,51세,경상
2015072700100329,2015년 7월 27일 15시,월요일,강원도 춘천시 석사동,경상사고,0,0,1,0,차대사람 - 기타,안전운전불이행,건조,맑음,단일로 - 기타,화물,남,51세,상해없음,보행자,여,6세,경상
2015072700100330,2015년 7월 27일 15시,월요일,강원도 평창군 진부면,중상사고,0,3,4,0,차대차 - 추돌 - 진행중,안전거리미확보,건조,맑음,단일로 - 터널,승용,여,46세,경상,승용,여,53세,중상
2015072700100418,2015년 7월 27일 17시,월요일,강원도 원주시 문막읍,중상사고,0,1,0,0,차대사람 - 기타,안전운전불이행,건조,맑음,단일로 - 기타,승용,남,49세,상해없음,보행자,여,53세,중상
2015072700100453,2015년 7월 27일 18시,월요일,강원도 정선군 정선읍,경상사고,0,0,1,0,차대사람 - 횡단중,안전운전불이행,건조,맑음,단일로 - 기타,승용,남,60세,상해없음,보행자,남,14세,경상
2015072700100500,2015년 7월 27일 19시,월요일,강원도 춘천시 근화동,중상사고,0,1,0,0,차대차 - 측면직각충돌,불법유턴,건조,맑음,교차로 - 교차로안,승용,남,69세,상해없음,화물,남,25세,중상
2015072700100530,2015년 7월 27일 20시,월요일,강원도 원주시 흥업면,경상사고,0,0,1,0,차대차 - 추돌 - 진행중,신호위반,건조,맑음,교차로 - 교차로부근,승용,남,33세,경상,화물,남,52세,상해없음
2015072700100561,2015년 7월 27일 21시,월요일,강원도 춘천시 신동면,경상사고,0,0,2,0,차대차 - 측면직각충돌,신호위반,건조,맑음,교차로 - 교차로안,승용,남,25세,상해없음,승용,여,45세,경상
2015072700100562,2015년 7월 27일 21시,월요일,강원도 춘천시 효자동,경상사고,0,0,1,0,차대차 - 측면직각충돌,안전운전불이행,건조,맑음,단일로 - 기타,이륜,남,84세,경상,승용,남,26세,상해없음
2015072700100628,2015년 7월 27일 23시,월요일,강원도 원주시 단계동,경상사고,0,0,5,0,차대차 - 측면직각충돌,신호위반,건조,맑음,교차로 - 교차로안,승용,여,43세,상해없음,승용,남,51세,경상
2015072800100007,2015년 7월 28일 00시,화요일,강원도 삼척시 정상동,사망사고,1,0,0,0,차량단독 - 공작물충돌,안전운전불이행,건조,맑음,단일로 - 기타,승용,남,48세,사망,,,,
2015072800100050,2015년 7월 28일 03시,화요일,강원도 삼척시 남양동,경상사고,0,0,1,0,차대차 - 측면직각충돌,안전운전불이행,건조,맑음,교차로 - 교차로안,화물,남,43세,경상,승용,남,31세,상해없음
2015072800100089,2015년 7월 28일 06시,화요일,강원도 강릉시 옥천동,중상사고,0,1,0,0,차대차 - 기타,교차로운행방법위반,건조,맑음,교차로 - 교차로안,승용,남,58세,상해없음,자전거,남,79세,중상
2015072800100090,2015년 7월 28일 06시,화요일,강원도 삼척시 하장면,경상사고,0,0,1,0,차대사람 - 길가장자리구역통행중,안전운전불이행,건조,맑음,단일로 - 기타,화물,남,62세,상해없음,보행자,여,11세,경상
2015072800100091,2015년 7월 28일 06시,화요일,강원도 영월군 영월읍,중상사고,0,1,0,0,차대사람 - 횡단중,보행자보호의무위반,건조,맑음,교차로 - 교차로안,승용,남,64세,상해없음,보행자,여,42세,중상
2015072800100092,2015년 7월 28일 06시,화요일,강원도 태백시 장성동,부상신고사고,0,0,0,1,차대차 - 측면직각충돌,직진우회전진행방해,건조,맑음,교차로 - 교차로안,승용,남,45세,상해없음,승용,남,66세,부상신고
2015072800100134,2015년 7월 28일 08시,화요일,강원도 원주시 중앙동,경상사고,0,0,2,0,차대차 - 측면직각충돌,교차로운행방법위반,건조,맑음,단일로 - 기타,승합,여,66세,상해없음,승합,여,72세,경상
2015072800100135,2015년 7월 28일 08시,화요일,강원도 원주시 단계동,경상사고,0,0,1,0,차대차 - 측면직각충돌,안전운전불이행,건조,맑음,단일로 - 기타,건설기계,남,56세,상해없음,승용,남,36세,상해없음
2015072800100155,2015년 7월 28일 09시,화요일,강원도 동해시 북평동,경상사고,0,0,1,0,차대사람 - 차도통행중,안전운전불이행,건조,맑음,단일로 - 기타,승용,기타불명,기타불명,기타불명,보행자,여,57세,경상
2015072800100216,2015년 7월 28일 11시,화요일,강원도 춘천시 석사동,중상사고,0,1,0,0,차대차 - 측면직각충돌,교차로운행방법위반,건조,맑음,교차로 - 교차로안,승용,남,40세,상해없음,이륜,남,40세,중상
2015072800100217,2015년 7월 28일 11시,화요일,강원도 원주시 명륜동,중상사고,0,1,0,0,차대사람 - 기타,안전운전불이행,건조,맑음,단일로 - 기타,승용,여,54세,상해없음,보행자,여,19세,중상
2015072800100253,2015년 7월 28일 12시,화요일,강원도 춘천시 신동면,경상사고,0,0,1,0,차대차 - 측면직각충돌,안전운전불이행,건조,맑음,단일로 - 기타,건설기계,남,57세,상해없음,승용,남,63세,경상
2015072800100283,2015년 7월 28일 13시,화요일,강원도 속초시 장사동,중상사고,0,1,0,0,차대차 - 측면직각충돌,신호위반,건조,맑음,교차로 - 교차로안,승용,남,34세,상해없음,승용,남,44세,상해없음
2015072800100284,2015년 7월 28일 13시,화요일,강원도 영월군 영월읍,경상사고,0,0,1,0,차량단독 - 공작물충돌,안전운전불이행,건조,맑음,단일로 - 기타,승용,남,47세,경상,,,,
2015072800100285,2015년 7월 28일 13시,화요일,강원도 인제군 남면,중상사고,0,5,0,0,차량단독 - 기타,안전운전불이행,건조,맑음,단일로 - 기타,화물,남,55세,중상,,,,
2015072800100286,2015년 7월 28일 13시,화요일,강원도 동해시 천곡동,경상사고,0,0,1,0,차대차 - 측면직각충돌,교차로운행방법위반,건조,맑음,교차로 - 교차로안,승용,남,53세,상해없음,승용,남,38세,경상
2015072800100332,2015년 7월 28일 14시,화요일,강원도 춘천시 후평동,경상사고,0,0,1,0,차대사람 - 기타,안전운전불이행,건조,맑음,교차로 - 교차로부근,승용,남,45세,상해없음,보행자,남,11세,경상
2015072800100333,2015년 7월 28일 14시,화요일,강원도 고성군 간성읍,중상사고,0,3,3,0,차대차 - 측면직각충돌,신호위반,건조,맑음,교차로 - 교차로안,승용,남,32세,상해없음,승용,남,28세,경상
2015072800100373,2015년 7월 28일 15시,화요일,강원도 삼척시 정상동,경상사고,0,0,1,0,차대차 - 측면직각충돌,중앙선침범,건조,맑음,교차로 - 교차로부근,승용,남,52세,상해없음,승용,여,47세,경상
2015072800100476,2015년 7월 28일 18시,화요일,강원도 원주시 흥업면,경상사고,0,0,2,0,차대차 - 추돌 - 진행중,안전거리미확보,건조,맑음,단일로 - 기타,승용,남,42세,상해없음,승용,남,27세,경상
2015072800100510,2015년 7월 28일 19시,화요일,강원도 강릉시 교동,경상사고,0,0,2,0,차대차 - 기타,안전운전불이행,건조,맑음,교차로 - 교차로안,승용,남,30세,상해없음,화물,남,62세,경상
2015072800100549,2015년 7월 28일 20시,화요일,강원도 강릉시 초당동,경상사고,0,0,1,0,차대사람 - 기타,안전운전불이행,건조,맑음,단일로 - 기타,승용,기타불명,기타불명,기타불명,보행자,남,60세,경상
2015072800100550,2015년 7월 28일 20시,화요일,강원도 고성군 토성면,중상사고,0,1,4,0,차대차 - 측면직각충돌,직진우회전진행방해,건조,맑음,교차로 - 교차로안,승용,남,41세,상해없음,승용,남,30세,경상
2015072800100582,2015년 7월 28일 21시,화요일,강원도 강릉시 교동,경상사고,0,0,1,0,차대사람 - 기타,안전운전불이행,건조,맑음,단일로 - 기타,자전거,남,18세,상해없음,보행자,여,56세,경상
2015072800100583,2015년 7월 28일 21시,화요일,강원도 원주시 단계동,경상사고,0,0,1,0,차대차 - 측면직각충돌,안전운전불이행,건조,맑음,교차로 - 교차로안,승용,남,56세,상해없음,원동기,남,16세,경상
2015072800100584,2015년 7월 28일 21시,화요일,강원도 정선군 정선읍,중상사고,0,1,1,0,차대차 - 추돌 - 진행중,안전운전불이행,건조,맑음,교차로 - 교차로부근,승용,남,54세,상해없음,승용,남,44세,경상
2015072900100012,2015년 7월 29일 00시,수요일,강원도 춘천시 교동,경상사고,0,0,1,0,차대차 - 측면직각충돌,교차로운행방법위반,건조,맑음,교차로 - 교차로안,승용,남,58세,상해없음,자전거,남,21세,경상
2015072900100013,2015년 7월 29일 00시,수요일,강원도 원주시 단계동,경상사고,0,0,4,0,차대차 - 측면직각충돌,신호위반,습기,흐림,교차로 - 교차로안,승용,남,38세,상해없음,승용,여,20세,경상
2015072900100041,2015년 7월 29일 02시,수요일,강원도 춘천시 석사동,경상사고,0,0,2,0,차대차 - 측면직각충돌,안전운전불이행,건조,맑음,단일로 - 기타,승용,남,28세,상해없음,승용,남,49세,경상
2015072900100068,2015년 7월 29일 06시,수요일,강원도 춘천시 후평동,경상사고,0,0,1,0,차대차 - 측면직각충돌,직진우회전진행방해,건조,흐림,교차로 - 교차로안,승용,여,38세,상해없음,자전거,남,50세,경상
2015072900100181,2015년 7월 29일 10시,수요일,강원도 삼척시 사직동,경상사고,0,0,5,0,차대차 - 추돌 - 진행중,안전거리미확보,건조,흐림,단일로 - 기타,화물,남,59세,상해없음,승용,남,46세,경상
2015072900100214,2015년 7월 29일 11시,수요일,강원도 원주시 소초면,경상사고,0,0,3,0,차대차 - 기타,안전거리미확보,습기,비,단일로 - 기타,화물,남,58세,경상,화물,남,56세,경상
2015072900100215,2015년 7월 29일 11시,수요일,강원도 양양군 현북면,중상사고,0,1,0,0,차대사람 - 길가장자리구역통행중,안전운전불이행,건조,맑음,단일로 - 기타,승용,남,38세,상해없음,보행자,여,75세,중상
2015072900100240,2015년 7월 29일 12시,수요일,강원도 춘천시 동내면,중상사고,0,1,0,0,차대사람 - 길가장자리구역통행중,안전운전불이행,건조,맑음,단일로 - 기타,승용,여,36세,상해없음,보행자,남,51세,중상
2015072900100241,2015년 7월 29일 12시,수요일,강원도 원주시 지정면,경상사고,0,0,1,0,차대차 - 기타,안전운전불이행,건조,흐림,단일로 - 기타,화물,남,44세,상해없음,승용,남,21세,경상
2015072900100269,2015년 7월 29일 13시,수요일,강원도 강릉시 구정면,경상사고,0,0,1,0,차대차 - 측면직각충돌,안전운전불이행,건조,맑음,단일로 - 기타,승용,남,49세,상해없음,승용,여,45세,경상
2015072900100301,2015년 7월 29일 14시,수요일,강원도 강릉시 죽헌동,경상사고,0,0,6,0,차대차 - 추돌 - 진행중,안전운전불이행,건조,맑음,단일로 - 기타,화물,남,59세,상해없음,승용,남,53세,경상
2015072900100302,2015년 7월 29일 14시,수요일,강원도 원주시 명륜동,경상사고,0,0,1,0,차대차 - 측면직각충돌,안전운전불이행,건조,흐림,교차로 - 교차로안,승합,남,61세,상해없음,자전거,남,76세,경상
2015072900100303,2015년 7월 29일 14시,수요일,강원도 원주시 학성동,경상사고,0,0,1,0,차대차 - 측면직각충돌,교차로운행방법위반,건조,맑음,교차로 - 교차로부근,승용,남,64세,상해없음,자전거,남,11세,경상
2015072900100304,2015년 7월 29일 14시,수요일,강원도 삼척시 정상동,부상신고사고,0,0,0,2,차대차 - 기타,안전거리미확보,건조,맑음,단일로 - 기타,건설기계,남,55세,상해없음,승용,여,34세,부상신고
2015072900100305,2015년 7월 29일 14시,수요일,강원도 화천군 화천읍,경상사고,0,0,1,0,차대차 - 측면직각충돌,중앙선침범,습기,흐림,단일로 - 기타,승용,여,53세,상해없음,승용,남,65세,경상
2015072900100306,2015년 7월 29일 14시,수요일,강원도 평창군 용평면,경상사고,0,0,1,0,차대사람 - 기타,안전운전불이행,건조,흐림,단일로 - 기타,승용,남,44세,상해없음,보행자,여,47세,경상
2015072900100415,2015년 7월 29일 17시,수요일,강원도 원주시 가현동,경상사고,0,0,1,0,차대차 - 추돌 - 진행중,안전운전불이행,건조,맑음,단일로 - 기타,건설기계,남,45세,상해없음,승용,남,58세,경상
2015072900100455,2015년 7월 29일 18시,수요일,강원도 원주시 소초면,경상사고,0,0,3,0,차대차 - 측면직각충돌,신호위반,건조,맑음,교차로 - 교차로안,승용,여,37세,상해없음,승용,남,41세,경상
2015072900100456,2015년 7월 29일 18시,수요일,강원도 삼척시 근덕면,중상사고,0,1,0,0,차대차 - 측면직각충돌,안전운전불이행,건조,맑음,교차로 - 교차로안,승용,남,35세,상해없음,자전거,남,55세,중상
2015072900100497,2015년 7월 29일 19시,수요일,강원도 강릉시 노암동,경상사고,0,0,2,0,차대차 - 측면직각충돌,신호위반,건조,맑음,교차로 - 교차로안,화물,남,65세,상해없음,승용,남,28세,경상
2015072900100498,2015년 7월 29일 19시,수요일,강원도 원주시 학성동,경상사고,0,0,1,0,차대차 - 추돌 - 진행중,안전운전불이행,건조,흐림,교차로 - 교차로부근,승용,여,58세,상해없음,승용,여,36세,경상
2015072900100499,2015년 7월 29일 19시,수요일,강원도 양양군 양양읍,경상사고,0,0,3,0,차대차 - 측면직각충돌,중앙선침범,건조,맑음,단일로 - 기타,특수,남,34세,상해없음,승용,남,32세,경상
2015072900100535,2015년 7월 29일 20시,수요일,강원도 춘천시 석사동,경상사고,0,0,1,0,차대사람 - 횡단중,보행자보호의무위반,건조,맑음,교차로 - 교차로부근,승용,남,48세,상해없음,보행자,남,38세,경상
2015072900100574,2015년 7월 29일 21시,수요일,강원도 춘천시 우두동,경상사고,0,0,1,0,차대차 - 추돌 - 주정차중,안전운전불이행,건조,맑음,교차로 - 교차로부근,승용,여,47세,상해없음,승용,남,49세,경상
2015072900100575,2015년 7월 29일 21시,수요일,강원도 평창군 대관령면,중상사고,0,1,0,0,차대사람 - 차도통행중,안전운전불이행,건조,맑음,단일로 - 기타,승용,여,39세,상해없음,보행자,남,44세,중상
2015072900100576,2015년 7월 29일 21시,수요일,강원도 동해시 망상동,경상사고,0,0,1,0,차대차 - 측면직각충돌,안전거리미확보,건조,맑음,단일로 - 기타,화물,남,50세,상해없음,화물,남,43세,경상
2015072900100609,2015년 7월 29일 22시,수요일,강원도 원주시 학성동,경상사고,0,0,1,0,차대차 - 기타,안전거리미확보,건조,맑음,단일로 - 기타,승용,남,57세,경상,승용,남,35세,상해없음
2015072900100610,2015년 7월 29일 22시,수요일,강원도 원주시 단계동,경상사고,0,0,1,0,차대차 - 측면직각충돌,안전운전불이행,건조,맑음,단일로 - 기타,승용,남,38세,상해없음,승용,여,57세,경상
2015072900100646,2015년 7월 29일 23시,수요일,강원도 태백시 장성동,경상사고,0,0,4,0,차대차 - 측면직각충돌,안전운전불이행,습기,흐림,교차로 - 교차로안,승용,남,55세,상해없음,승용,남,62세,경상
2015073000100028,2015년 7월 30일 01시,목요일,강원도 횡성군 둔내면,중상사고,0,1,0,0,차대차 - 추돌 - 진행중,안전거리미확보,건조,맑음,기타 - 기타,승용,남,26세,상해없음,승용,남,61세,중상
2015073000100045,2015년 7월 30일 02시,목요일,강원도 속초시 교동,중상사고,0,1,0,0,차대사람 - 횡단중,안전운전불이행,건조,맑음,교차로 - 교차로안,승용,남,35세,상해없음,보행자,여,23세,중상
2015073000100055,2015년 7월 30일 03시,목요일,강원도 춘천시 효자동,경상사고,0,0,1,0,차대차 - 추돌 - 진행중,안전운전불이행,건조,맑음,단일로 - 기타,승용,남,25세,상해없음,승용,남,25세,상해없음
2015073000100111,2015년 7월 30일 08시,목요일,강원도 춘천시 석사동,경상사고,0,0,1,0,차대차 - 추돌 - 주정차중,안전운전불이행,건조,맑음,교차로 - 교차로부근,승용,여,40세,상해없음,승용,남,55세,경상
2015073000100112,2015년 7월 30일 08시,목요일,강원도 태백시 화전동,경상사고,0,0,1,0,차대차 - 기타,안전운전불이행,건조,맑음,기타 - 기타,승용,남,45세,상해없음,승용,남,62세,경상
2015073000100145,2015년 7월 30일 09시,목요일,강원도 강릉시 옥천동,경상사고,0,0,1,0,차대차 - 기타,안전운전불이행,건조,맑음,교차로 - 교차로안,승용,여,40세,상해없음,원동기,남,24세,경상
2015073000100171,2015년 7월 30일 10시,목요일,강원도 동해시 망상동,중상사고,0,2,0,3,차대차 - 측면직각충돌,안전운전불이행,건조,맑음,교차로 - 교차로안,승용,여,46세,상해없음,승용,남,58세,중상
2015073000100217,2015년 7월 30일 11시,목요일,강원도 속초시 조양동,경상사고,0,0,1,0,차대차 - 측면직각충돌,안전운전불이행,건조,맑음,단일로 - 기타,승용,남,56세,상해없음,이륜,남,63세,경상
2015073000100218,2015년 7월 30일 11시,목요일,강원도 삼척시 원덕읍,중상사고,0,3,1,0,차대차 - 측면직각충돌,중앙선침범,건조,맑음,단일로 - 기타,승용,남,49세,상해없음,승용,남,38세,중상
2015073000100219,2015년 7월 30일 11시,목요일,강원도 태백시 황지동,경상사고,0,0,1,2,차대차 - 측면직각충돌,직진우회전진행방해,건조,맑음,교차로 - 교차로안,승용,여,27세,부상신고,건설기계,남,51세,경상
2015073000100250,2015년 7월 30일 12시,목요일,강원도 속초시 장사동,경상사고,0,0,4,0,차대차 - 측면직각충돌,안전운전불이행,건조,맑음,단일로 - 기타,승용,남,44세,상해없음,승용,남,39세,경상
2015073000100251,2015년 7월 30일 12시,목요일,강원도 삼척시 교동,경상사고,0,0,1,0,차대사람 - 횡단중,신호위반,건조,맑음,교차로 - 교차로부근,승용,남,55세,상해없음,보행자,남,62세,경상
2015073000100252,2015년 7월 30일 12시,목요일,강원도 홍천군 홍천읍,경상사고,0,0,1,0,차대차 - 측면직각충돌,안전운전불이행,건조,맑음,교차로 - 교차로안,승용,남,64세,상해없음,승용,여,53세,경상
2015073000100253,2015년 7월 30일 12시,목요일,강원도 태백시 황지동,경상사고,0,0,3,0,차대차 - 기타,교차로운행방법위반,건조,맑음,교차로 - 교차로안,승용,여,64세,상해없음,승용,여,40세,경상
2015073000100286,2015년 7월 30일 13시,목요일,강원도 홍천군 서면,경상사고,0,0,2,0,차대차 - 측면직각충돌,중앙선침범,건조,맑음,단일로 - 기타,승용,남,37세,상해없음,승용,여,31세,경상
2015073000100334,2015년 7월 30일 14시,목요일,강원도 강릉시 안현동,경상사고,0,0,1,0,차대사람 - 횡단중,보행자보호의무위반,건조,맑음,단일로 - 횡단보도상,승용,남,23세,상해없음,보행자,여,22세,경상
2015073000100335,2015년 7월 30일 14시,목요일,강원도 강릉시 강문동,경상사고,0,0,1,0,차대차 - 기타,안전운전불이행,건조,맑음,단일로 - 기타,승용,남,39세,상해없음,자전거,남,60세,경상
2015073000100372,2015년 7월 30일 15시,목요일,강원도 속초시 조양동,경상사고,0,0,6,0,차대차 - 정면충돌,중앙선침범,건조,맑음,교차로 - 교차로부근,승용,남,34세,상해없음,승용,남,25세,경상
2015073000100373,2015년 7월 30일 15시,목요일,강원도 원주시 관설동,중상사고,0,3,4,0,차대차 - 추돌 - 주정차중,안전운전불이행,건조,맑음,단일로 - 기타,승용,남,37세,상해없음,승용,남,44세,상해없음
2015073000100413,2015년 7월 30일 16시,목요일,강원도 정선군 사북읍,경상사고,0,0,1,0,차대차 - 측면직각충돌,신호위반,건조,맑음,교차로 - 교차로안,승용,여,57세,상해없음,승용,여,54세,경상
2015073000100414,2015년 7월 30일 16시,목요일,강원도 인제군 북면,중상사고,0,1,0,0,차대차 - 측면직각충돌,안전운전불이행,건조,맑음,단일로 - 기타,이륜,남,22세,상해없음,이륜,남,22세,중상
2015073000100444,2015년 7월 30일 17시,목요일,강원도 삼척시 도계읍,부상신고사고,0,0,0,1,차대차 - 측면직각충돌,교차로운행방법위반,건조,맑음,교차로 - 교차로안,자전거,남,7세,부상신고,승합,남,59세,상해없음
2015073000100445,2015년 7월 30일 17시,목요일,강원도 정선군 신동읍,중상사고,0,1,0,0,차대차 - 추돌 - 진행중,안전운전불이행,건조,맑음,단일로 - 기타,승합,남,25세,상해없음,원동기,남,79세,중상
2015073000100491,2015년 7월 30일 18시,목요일,강원도 정선군 정선읍,경상사고,0,0,1,0,차대차 - 추돌 - 진행중,안전운전불이행,건조,맑음,기타 - 기타,승용,남,38세,상해없음,원동기,남,41세,경상
2015073000100531,2015년 7월 30일 19시,목요일,강원도 춘천시 석사동,경상사고,0,0,1,0,차대차 - 기타,안전운전불이행,건조,맑음,단일로 - 기타,원동기,남,16세,상해없음,승용,남,67세,경상
2015073000100532,2015년 7월 30일 19시,목요일,강원도 강릉시 내곡동,경상사고,0,0,1,0,차대차 - 추돌 - 진행중,안전운전불이행,건조,맑음,교차로 - 교차로부근,승용,여,57세,상해없음,화물,남,25세,경상
2015073000100533,2015년 7월 30일 19시,목요일,강원도 원주시 평원동,중상사고,0,1,0,0,차대차 - 측면직각충돌,안전운전불이행,건조,맑음,단일로 - 기타,승용,남,28세,상해없음,자전거,남,78세,중상
2015073000100534,2015년 7월 30일 19시,목요일,강원도 원주시 지정면,중상사고,0,1,0,0,차대차 - 추돌 - 주정차중,안전운전불이행,건조,맑음,단일로 - 기타,승용,여,63세,상해없음,승용,여,39세,상해없음
2015073000100607,2015년 7월 30일 21시,목요일,강원도 춘천시 근화동,중상사고,0,1,0,1,차대차 - 추돌 - 진행중,안전운전불이행,건조,맑음,교차로 - 교차로부근,기타불명,기타불명,기타불명,기타불명,승용,남,45세,부상신고
2015073000100608,2015년 7월 30일 21시,목요일,강원도 춘천시 동내면,중상사고,0,1,1,0,차대차 - 추돌 - 주정차중,안전운전불이행,건조,맑음,단일로 - 기타,승용,여,24세,상해없음,승용,여,38세,중상
2015073000100645,2015년 7월 30일 22시,목요일,강원도 춘천시 동내면,경상사고,0,0,1,0,차대사람 - 길가장자리구역통행중,안전운전불이행,건조,맑음,교차로 - 교차로부근,승용,여,40세,상해없음,보행자,남,40세,경상
2015073100100012,2015년 7월 31일 00시,금요일,강원도 강릉시 연곡면,사망사고,1,0,2,0,차량단독 - 공작물충돌,안전운전불이행,건조,맑음,단일로 - 기타,승용,여,51세,사망,,,,
2015073100100064,2015년 7월 31일 04시,금요일,강원도 원주시 단계동,중상사고,0,1,0,0,차대차 - 측면직각충돌,안전운전불이행,건조,맑음,교차로 - 교차로부근,자전거,남,71세,중상,승용,남,48세,상해없음
2015073100100071,2015년 7월 31일 05시,금요일,강원도 속초시 조양동,중상사고,0,1,1,0,차대차 - 추돌 - 진행중,안전운전불이행,건조,맑음,교차로 - 교차로안,화물,남,55세,상해없음,승용,여,58세,중상
2015073100100080,2015년 7월 31일 06시,금요일,강원도 강릉시 죽헌동,중상사고,0,1,2,0,차대차 - 기타,안전운전불이행,건조,맑음,교차로 - 교차로안,승용,여,57세,상해없음,승용,남,70세,경상
2015073100100081,2015년 7월 31일 06시,금요일,강원도 원주시 문막읍,경상사고,0,0,1,0,차대차 - 측면직각충돌,신호위반,건조,맑음,교차로 - 교차로안,승용,여,52세,상해없음,화물,남,36세,경상
2015073100100125,2015년 7월 31일 08시,금요일,강원도 원주시 명륜동,경상사고,0,0,3,0,차대차 - 추돌 - 진행중,안전거리미확보,건조,맑음,단일로 - 기타,승용,남,56세,상해없음,승용,남,50세,경상
2015073100100148,2015년 7월 31일 09시,금요일,강원도 춘천시 효자동,경상사고,0,0,2,0,차대차 - 추돌 - 진행중,교차로운행방법위반,건조,흐림,교차로 - 교차로부근,승용,남,79세,상해없음,승용,여,39세,경상