사고번호,사고일시,요일,시군구,사고내용,사망자수,중상자수,경상자수,부상신고자수,사고유형,법규위반,노면상태,기상상태,도로형태,가해운전자 차종,가해운전자 성별,가해운전자 연령,가해운전자 상해정도,피해운전자 차종,피해운전자 성별,피해운전자 연령,피해운전자 상해정도
2015073100100149,2015년 7월 31일 09시,금요일,강원도 강릉시 옥계면,중상사고,0,1,0,0,차대사람 - 기타,안전운전불이행,건조,맑음,기타 - 기타,화물,남,64세,상해없음,보행자,남,61세,중상
2015073100100150,2015년 7월 31일 09시,금요일,강원도 평창군 봉평면,경상사고,0,0,5,3,차대차 - 기타,안전거리미확보,건조,맑음,기타 - 기타,승용,남,49세,부상신고,승용,남,28세,상해없음
2015073100100173,2015년 7월 31일 10시,금요일,강원도 영월군 남면,경상사고,0,0,3,1,차대차 - 기타,차로위반,건조,맑음,단일로 - 기타,승용,남,47세,경상,승용,남,22세,경상
2015073100100174,2015년 7월 31일 10시,금요일,강원도 철원군 김화읍,사망사고,1,0,1,0,차대차 - 측면직각충돌,교차로운행방법위반,건조,맑음,교차로 - 교차로안,이륜,남,85세,사망,화물,남,44세,경상
2015073100100175,2015년 7월 31일 10시,금요일,강원도 횡성군 둔내면,경상사고,0,0,3,0,차대차 - 추돌 - 진행중,안전거리미확보,건조,맑음,기타 - 기타,승용,남,29세,상해없음,승용,여,52세,상해없음
2015073100100285,2015년 7월 31일 13시,금요일,강원도 춘천시 동면,경상사고,0,0,1,0,차대차 - 측면직각충돌,안전운전불이행,건조,맑음,단일로 - 기타,승용,남,37세,상해없음,승합,남,22세,경상
2015073100100286,2015년 7월 31일 13시,금요일,강원도 홍천군 서면,경상사고,0,0,1,0,차대차 - 기타,안전운전불이행,건조,맑음,단일로 - 기타,승용,남,50세,상해없음,승용,남,81세,경상
2015073100100287,2015년 7월 31일 13시,금요일,강원도 고성군 거진읍,경상사고,0,0,1,0,차대차 - 추돌 - 진행중,중앙선침범,건조,맑음,단일로 - 기타,승용,남,61세,상해없음,화물,남,44세,경상
2015073100100320,2015년 7월 31일 14시,금요일,강원도 원주시 관설동,경상사고,0,0,2,0,차량단독 - 공작물충돌,안전운전불이행,건조,맑음,단일로 - 기타,이륜,남,17세,경상,,,,
2015073100100321,2015년 7월 31일 14시,금요일,강원도 원주시 무실동,경상사고,0,0,1,0,차대사람 - 횡단중,보행자보호의무위반,건조,맑음,단일로 - 횡단보도상,승용,남,48세,상해없음,보행자,여,56세,경상
2015073100100322,2015년 7월 31일 14시,금요일,강원도 동해시 천곡동,경상사고,0,0,2,0,차대차 - 추돌 - 진행중,안전거리미확보,건조,맑음,교차로 - 교차로부근,승용,남,54세,상해없음,승용,남,71세,경상
2015073100100323,2015년 7월 31일 14시,금요일,강원도 동해시 효가동,중상사고,0,1,0,0,차대차 - 추돌 - 주정차중,안전거리미확보,건조,맑음,단일로 - 기타,승용,여,31세,상해없음,승용,여,41세,중상
2015073100100353,2015년 7월 31일 15시,금요일,강원도 춘천시 온의동,경상사고,0,0,1,0,차대차 - 측면직각충돌,안전거리미확보,건조,맑음,단일로 - 기타,건설기계,남,52세,상해없음,승용,여,38세,경상
2015073100100354,2015년 7월 31일 15시,금요일,강원도 원주시 학성동,경상사고,0,0,1,0,차대차 - 기타,안전거리미확보,건조,맑음,단일로 - 기타,승용,남,71세,상해없음,승용,여,53세,상해없음
2015073100100395,2015년 7월 31일 16시,금요일,강원도 춘천시 석사동,경상사고,0,0,1,0,차대차 - 추돌 - 진행중,안전운전불이행,건조,맑음,교차로 - 교차로부근,승합,여,44세,상해없음,승용,여,66세,경상
2015073100100396,2015년 7월 31일 16시,금요일,강원도 원주시 문막읍,중상사고,0,1,1,0,차대차 - 추돌 - 진행중,안전거리미확보,건조,맑음,교차로 - 교차로부근,화물,남,35세,상해없음,승용,남,54세,경상
2015073100100397,2015년 7월 31일 16시,금요일,강원도 삼척시 근덕면,경상사고,0,0,1,0,차대사람 - 기타,안전운전불이행,건조,맑음,기타 - 기타,승용,남,23세,상해없음,보행자,남,14세,경상
2015073100100439,2015년 7월 31일 17시,금요일,강원도 원주시 단구동,경상사고,0,0,1,0,차대차 - 추돌 - 진행중,신호위반,건조,맑음,교차로 - 교차로안,이륜,여,62세,경상,승용,여,43세,상해없음
2015073100100491,2015년 7월 31일 18시,금요일,강원도 춘천시 후평동,경상사고,0,0,1,1,차대차 - 기타,신호위반,건조,맑음,교차로 - 교차로안,승용,남,32세,상해없음,승용,남,52세,경상
2015073100100492,2015년 7월 31일 18시,금요일,강원도 강릉시 초당동,경상사고,0,0,3,0,차대차 - 기타,안전운전불이행,건조,맑음,교차로 - 교차로안,화물,남,71세,상해없음,승용,남,27세,경상
2015073100100493,2015년 7월 31일 18시,금요일,강원도 원주시 평원동,중상사고,0,1,0,0,차량단독 - 기타,안전운전불이행,건조,맑음,단일로 - 기타,승합,남,42세,상해없음,,,,
2015073100100627,2015년 7월 31일 21시,금요일,강원도 강릉시 내곡동,경상사고,0,0,5,0,차대차 - 기타,안전운전불이행,건조,맑음,교차로 - 교차로부근,승용,남,56세,상해없음,승용,여,37세,경상
2015073100100628,2015년 7월 31일 21시,금요일,강원도 정선군 정선읍,경상사고,0,0,1,0,차대차 - 측면직각충돌,안전운전불이행,건조,맑음,교차로 - 교차로안,승용,남,58세,상해없음,승용,남,52세,경상
2015080100100060,2015년 8월 1일 03시,토요일,강원도 원주시 단계동,중상사고,0,1,0,0,차대차 - 측면직각충돌,신호위반,건조,맑음,교차로 - 교차로안,승용,남,60세,상해없음,이륜,남,56세,중상
2015080100100072,2015년 8월 1일 04시,토요일,강원도 양양군 양양읍,경상사고,0,0,3,0,차대차 - 추돌 - 주정차중,안전운전불이행,건조,맑음,교차로 - 교차로부근,화물,남,29세,상해없음,승용,남,30세,경상
2015080100100109,2015년 8월 1일 07시,토요일,강원도 삼척시 노곡면,중상사고,0,1,1,0,차량단독 - 도로외이탈 - 기타,안전운전불이행,건조,맑음,단일로 - 기타,승용,남,27세,경상,,,,
2015080100100132,2015년 8월 1일 08시,토요일,강원도 춘천시 동내면,경상사고,0,0,1,1,차대차 - 측면직각충돌,직진우회전진행방해,건조,맑음,교차로 - 교차로안,승용,남,43세,상해없음,화물,남,42세,경상
2015080100100147,2015년 8월 1일 09시,토요일,강원도 양양군 서면,중상사고,0,2,0,0,차대차 - 정면충돌,중앙선침범,습기,흐림,단일로 - 기타,승용,남,56세,상해없음,승용,남,34세,중상
2015080100100148,2015년 8월 1일 09시,토요일,강원도 원주시 소초면,경상사고,0,0,3,0,차대차 - 추돌 - 주정차중,안전거리미확보,건조,맑음,기타 - 기타,승용,여,42세,상해없음,승용,여,51세,경상
2015080100100209,2015년 8월 1일 11시,토요일,강원도 원주시 단계동,경상사고,0,0,1,0,차대사람 - 횡단중,안전운전불이행,건조,맑음,단일로 - 기타,승용,여,54세,상해없음,보행자,여,59세,경상
2015080100100210,2015년 8월 1일 11시,토요일,강원도 속초시 교동,중상사고,0,3,1,0,차대차 - 추돌 - 주정차중,안전운전불이행,건조,맑음,교차로 - 교차로부근,승용,남,41세,상해없음,승용,남,51세,중상
2015080100100211,2015년 8월 1일 11시,토요일,강원도 화천군 상서면,경상사고,0,0,1,0,차대차 - 측면직각충돌,안전운전불이행,건조,맑음,단일로 - 기타,농기계,남,45세,상해없음,원동기,여,59세,경상
2015080100100245,2015년 8월 1일 12시,토요일,강원도 원주시 문막읍,경상사고,0,0,3,0,차대차 - 기타,안전거리미확보,건조,맑음,교차로 - 교차로부근,건설기계,남,55세,상해없음,승용,남,66세,경상
2015080100100246,2015년 8월 1일 12시,토요일,강원도 고성군 거진읍,경상사고,0,0,1,0,차대사람 - 차도통행중,안전운전불이행,건조,맑음,단일로 - 기타,승용,남,30세,상해없음,보행자,남,5세,경상
2015080100100289,2015년 8월 1일 13시,토요일,강원도 철원군 동송읍,경상사고,0,0,1,1,차대차 - 추돌 - 진행중,안전운전불이행,건조,맑음,단일로 - 기타,화물,남,44세,상해없음,승용,남,56세,부상신고
2015080100100324,2015년 8월 1일 14시,토요일,강원도 영월군 주천면,부상신고사고,0,0,0,1,차대사람 - 횡단중,안전운전불이행,건조,맑음,단일로 - 기타,승용,남,47세,상해없음,보행자,남,3세,부상신고
2015080100100325,2015년 8월 1일 14시,토요일,강원도 홍천군 홍천읍,경상사고,0,0,1,0,차대차 - 측면직각충돌,안전운전불이행,건조,맑음,교차로 - 교차로부근,승용,남,32세,상해없음,승용,남,61세,경상
2015080100100368,2015년 8월 1일 15시,토요일,강원도 횡성군 갑천면,중상사고,0,2,3,0,차대차 - 측면직각충돌,중앙선침범,건조,맑음,단일로 - 기타,승용,남,62세,상해없음,승용,남,47세,경상
2015080100100369,2015년 8월 1일 15시,토요일,강원도 철원군 서면,경상사고,0,0,1,0,차대차 - 측면직각충돌,교차로운행방법위반,습기,비,교차로 - 교차로안,승용,남,40세,상해없음,승용,남,33세,경상
2015080100100370,2015년 8월 1일 15시,토요일,강원도 철원군 김화읍,중상사고,0,1,0,0,차대사람 - 기타,안전운전불이행,건조,맑음,단일로 - 기타,승용,남,39세,상해없음,보행자,남,17세,중상
2015080100100402,2015년 8월 1일 16시,토요일,강원도 강릉시 입암동,경상사고,0,0,1,0,차대차 - 측면직각충돌,교차로운행방법위반,건조,맑음,교차로 - 교차로안,승용,여,49세,상해없음,승용,남,41세,경상
2015080100100403,2015년 8월 1일 16시,토요일,강원도 원주시 학성동,경상사고,0,0,1,0,차대차 - 기타,차로위반,건조,맑음,단일로 - 기타,화물,남,42세,상해없음,승용,남,45세,경상
2015080100100404,2015년 8월 1일 16시,토요일,강원도 평창군 대화면,경상사고,0,0,1,0,차대사람 - 길가장자리구역통행중,안전운전불이행,건조,맑음,단일로 - 기타,승용,남,54세,상해없음,보행자,남,62세,경상
2015080100100405,2015년 8월 1일 16시,토요일,강원도 철원군 갈말읍,경상사고,0,0,2,0,차대차 - 측면직각충돌,안전운전불이행,습기,비,단일로 - 기타,승용,남,26세,상해없음,승용,남,42세,경상
2015080100100437,2015년 8월 1일 17시,토요일,강원도 홍천군 홍천읍,경상사고,0,0,1,0,차대차 - 측면직각충돌,안전운전불이행,건조,맑음,교차로 - 교차로안,승용,남,62세,상해없음,승합,남,41세,상해없음
2015080100100438,2015년 8월 1일 17시,토요일,강원도 인제군 남면,경상사고,0,0,2,0,차대차 - 측면직각충돌,안전운전불이행,건조,맑음,교차로 - 교차로안,승합,남,21세,상해없음,승용,남,34세,경상
2015080100100471,2015년 8월 1일 18시,토요일,강원도 강릉시 안현동,경상사고,0,0,2,0,차대차 - 기타,안전운전불이행,건조,맑음,단일로 - 기타,승용,남,55세,상해없음,승용,남,24세,경상
2015080100100472,2015년 8월 1일 18시,토요일,강원도 동해시 천곡동,경상사고,0,0,1,0,차대차 - 추돌 - 진행중,안전거리미확보,건조,맑음,단일로 - 기타,화물,남,74세,상해없음,승용,남,38세,경상
2015080100100507,2015년 8월 1일 19시,토요일,강원도 강릉시 교동,경상사고,0,0,1,0,차대차 - 기타,교차로운행방법위반,건조,맑음,교차로 - 교차로안,승용,남,28세,상해없음,원동기,남,65세,경상
2015080100100508,2015년 8월 1일 19시,토요일,강원도 원주시 단계동,경상사고,0,0,2,0,차대차 - 측면직각충돌,안전운전불이행,건조,맑음,단일로 - 기타,승용,남,33세,상해없음,승용,남,54세,경상
2015080100100509,2015년 8월 1일 19시,토요일,강원도 양양군 양양읍,중상사고,0,2,1,0,차대차 - 정면충돌,중앙선침범,건조,맑음,교차로 - 교차로안,화물,남,28세,상해없음,승용,남,38세,중상
2015080100100540,2015년 8월 1일 20시,토요일,강원도 인제군 남면,중상사고,0,1,2,0,차량단독 - 공작물충돌,안전운전불이행,습기,비,단일로 - 기타,승용,여,39세,경상,,,,
2015080100100582,2015년 8월 1일 21시,토요일,강원도 강릉시 죽헌동,경상사고,0,0,2,0,차대차 - 기타,안전운전불이행,습기,비,교차로 - 교차로부근,승용,남,57세,상해없음,승용,남,39세,경상
2015080100100611,2015년 8월 1일 22시,토요일,강원도 홍천군 홍천읍,경상사고,0,0,4,0,차대차 - 측면직각충돌,안전운전불이행,건조,맑음,교차로 - 교차로부근,승용,여,54세,상해없음,승용,여,58세,경상
2015080100100638,2015년 8월 1일 23시,토요일,강원도 춘천시 서면,중상사고,0,1,0,0,차대차 - 측면직각충돌,교차로운행방법위반,건조,맑음,교차로 - 교차로안,승용,남,69세,상해없음,승용,남,56세,상해없음
2015080200100011,2015년 8월 2일 00시,일요일,강원도 춘천시 소양로1가,경상사고,0,0,1,0,차대차 - 측면직각충돌,중앙선침범,건조,맑음,교차로 - 교차로부근,승용,여,58세,상해없음,승용,남,35세,경상
2015080200100032,2015년 8월 2일 01시,일요일,강원도 삼척시 근덕면,경상사고,0,0,4,0,차대차 - 측면직각충돌,안전운전불이행,건조,맑음,기타 - 기타,승용,남,49세,상해없음,화물,남,21세,경상
2015080200100073,2015년 8월 2일 03시,일요일,강원도 인제군 인제읍,중상사고,0,1,0,0,차대차 - 추돌 - 진행중,안전운전불이행,건조,맑음,단일로 - 기타,승용,남,52세,상해없음,화물,여,54세,기타불명
2015080200100111,2015년 8월 2일 06시,일요일,강원도 춘천시 사북면,중상사고,0,1,1,0,차대차 - 측면직각충돌,안전운전불이행,습기,비,단일로 - 기타,승용,남,33세,상해없음,승용,남,29세,중상
2015080200100119,2015년 8월 2일 07시,일요일,강원도 원주시 지정면,경상사고,0,0,2,0,차대차 - 측면직각충돌,교차로운행방법위반,건조,맑음,교차로 - 교차로안,승용,여,44세,상해없음,화물,남,62세,경상
2015080200100120,2015년 8월 2일 07시,일요일,강원도 속초시 대포동,중상사고,0,1,0,0,차대차 - 측면직각충돌,신호위반,습기,비,교차로 - 교차로안,승용,남,58세,상해없음,승용,남,24세,중상
2015080200100121,2015년 8월 2일 07시,일요일,강원도 인제군 인제읍,중상사고,0,2,1,0,차량단독 - 공작물충돌,안전운전불이행,습기,비,단일로 - 기타,승합,남,52세,상해없음,,,,
2015080200100122,2015년 8월 2일 07시,일요일,강원도 횡성군 둔내면,경상사고,0,0,1,0,차량단독 - 공작물충돌,안전운전불이행,습기,비,단일로 - 기타,승용,남,25세,경상,,,,
2015080200100134,2015년 8월 2일 08시,일요일,강원도 속초시 조양동,경상사고,0,0,1,0,차대차 - 측면직각충돌,직진우회전진행방해,습기,비,교차로 - 교차로안,승용,남,51세,상해없음,승용,남,50세,상해없음
2015080200100146,2015년 8월 2일 09시,일요일,강원도 홍천군 동면,사망사고,1,0,0,0,차량단독 - 전도전복,안전운전불이행,습기,흐림,단일로 - 기타,농기계,남,72세,사망,,,,
2015080200100185,2015년 8월 2일 11시,일요일,강원도 원주시 명륜동,중상사고,0,1,0,0,차대차 - 추돌 - 진행중,안전운전불이행,건조,맑음,기타 - 기타,승합,남,65세,상해없음,승용,남,24세,중상
2015080200100186,2015년 8월 2일 11시,일요일,강원도 인제군 북면,경상사고,0,0,1,0,차대사람 - 기타,안전운전불이행,건조,맑음,단일로 - 기타,승용,남,31세,상해없음,보행자,남,4세,경상
2015080200100187,2015년 8월 2일 11시,일요일,강원도 춘천시 동내면,사망사고,1,0,0,0,차량단독 - 공작물충돌,안전운전불이행,습기,비,단일로 - 기타,승용,남,26세,상해없음,,,,
2015080200100210,2015년 8월 2일 12시,일요일,강원도 원주시 단계동,경상사고,0,0,1,0,차대차 - 기타,안전운전불이행,건조,흐림,교차로 - 교차로부근,승용,남,29세,상해없음,이륜,남,20세,경상
2015080200100240,2015년 8월 2일 13시,일요일,강원도 홍천군 홍천읍,경상사고,0,0,1,0,차대차 - 추돌 - 진행중,안전운전불이행,건조,맑음,교차로 - 교차로안,원동기,남,67세,경상,승용,남,66세,상해없음
2015080200100241,2015년 8월 2일 13시,일요일,강원도 횡성군 강림면,경상사고,0,0,2,0,차대차 - 측면직각충돌,중앙선침범,건조,맑음,단일로 - 기타,승용,여,47세,상해없음,자전거,남,57세,경상
2015080200100267,2015년 8월 2일 14시,일요일,강원도 속초시 교동,중상사고,0,1,6,0,차대차 - 측면직각충돌,직진우회전진행방해,건조,맑음,교차로 - 교차로안,승용,남,37세,상해없음,승용,남,32세,경상
2015080200100268,2015년 8월 2일 14시,일요일,강원도 양양군 현북면,중상사고,0,2,1,0,차대차 - 측면직각충돌,중앙선침범,건조,맑음,단일로 - 기타,화물,남,60세,상해없음,승용,남,29세,중상
2015080200100269,2015년 8월 2일 14시,일요일,강원도 태백시 철암동,경상사고,0,0,1,1,차대차 - 측면직각충돌,불법유턴,건조,맑음,단일로 - 기타,승용,남,70세,상해없음,승용,남,40세,경상
2015080200100270,2015년 8월 2일 14시,일요일,강원도 태백시 황지동,부상신고사고,0,0,0,1,차대사람 - 기타,안전운전불이행,건조,맑음,기타 - 기타,승용,남,기타불명,기타불명,보행자,남,30세,부상신고
2015080200100271,2015년 8월 2일 14시,일요일,강원도 고성군 토성면,중상사고,0,1,0,0,차대사람 - 차도통행중,안전운전불이행,건조,맑음,기타 - 기타,화물,남,36세,상해없음,보행자,남,16세,중상
2015080200100272,2015년 8월 2일 14시,일요일,강원도 동해시 평릉동,중상사고,0,1,0,0,차대차 - 측면직각충돌,직진우회전진행방해,습기,맑음,교차로 - 교차로안,승용,여,20세,상해없음,원동기,남,77세,중상
2015080200100300,2015년 8월 2일 15시,일요일,강원도 춘천시 신북읍,경상사고,0,0,1,0,차대차 - 추돌 - 주정차중,안전운전불이행,건조,맑음,단일로 - 기타,승용,남,37세,상해없음,승용,남,40세,상해없음
2015080200100301,2015년 8월 2일 15시,일요일,강원도 춘천시 퇴계동,경상사고,0,0,2,0,차대차 - 추돌 - 주정차중,안전운전불이행,건조,맑음,단일로 - 기타,승용,여,59세,기타불명,승용,남,61세,경상
2015080200100302,2015년 8월 2일 15시,일요일,강원도 강릉시 교동,경상사고,0,0,1,0,차대차 - 측면직각충돌,안전운전불이행,건조,맑음,단일로 - 기타,승용,남,42세,기타불명,승용,여,41세,경상
2015080200100334,2015년 8월 2일 16시,일요일,강원도 원주시 신림면,경상사고,0,0,1,0,차대차 - 기타,안전거리미확보,건조,흐림,기타 - 기타,승용,남,65세,상해없음,승용,남,60세,경상
2015080200100363,2015년 8월 2일 17시,일요일,강원도 동해시 효가동,경상사고,0,0,4,0,차대차 - 추돌 - 주정차중,안전운전불이행,건조,맑음,단일로 - 기타,승용,남,67세,상해없음,승용,여,48세,경상
2015080200100388,2015년 8월 2일 18시,일요일,강원도 속초시 청호동,중상사고,0,1,1,0,차대차 - 측면직각충돌,안전운전불이행,건조,맑음,단일로 - 기타,승용,남,72세,상해없음,승용,여,43세,경상
2015080200100450,2015년 8월 2일 20시,일요일,강원도 강릉시 사천면,중상사고,0,1,0,0,차대사람 - 횡단중,안전운전불이행,건조,맑음,단일로 - 기타,화물,여,50세,상해없음,보행자,여,69세,중상
2015080200100451,2015년 8월 2일 20시,일요일,강원도 원주시 명륜동,경상사고,0,0,2,0,차대차 - 추돌 - 진행중,안전운전불이행,습기,맑음,교차로 - 교차로부근,승용,남,41세,상해없음,승용,여,38세,경상
2015080200100500,2015년 8월 2일 22시,일요일,강원도 고성군 죽왕면,경상사고,0,0,1,0,차대사람 - 기타,안전운전불이행,건조,맑음,교차로 - 교차로안,승용,남,27세,상해없음,보행자,여,48세,경상
2015080200100523,2015년 8월 2일 23시,일요일,강원도 양양군 서면,중상사고,0,1,1,0,차대차 - 정면충돌,중앙선침범,건조,맑음,단일로 - 기타,승용,남,55세,상해없음,승용,남,52세,중상
2015080300100008,2015년 8월 3일 00시,월요일,강원도 강릉시 교동,경상사고,0,0,1,0,차대차 - 기타,안전운전불이행,건조,맑음,교차로 - 교차로부근,승용,남,29세,상해없음,승용,여,56세,경상
2015080300100028,2015년 8월 3일 02시,월요일,강원도 춘천시 중앙로2가,경상사고,0,0,1,0,차대차 - 측면직각충돌,신호위반,건조,맑음,교차로 - 교차로안,승용,남,27세,상해없음,승합,남,22세,경상
2015080300100037,2015년 8월 3일 03시,월요일,강원도 원주시 소초면,사망사고,1,0,0,0,차대사람 - 기타,안전운전불이행,기타,안개,단일로 - 기타,화물,남,45세,상해없음,보행자,여,87세,사망
2015080300100086,2015년 8월 3일 07시,월요일,강원도 원주시 개운동,경상사고,0,0,1,0,차대차 - 추돌 - 진행중,안전거리미확보,건조,맑음,단일로 - 기타,승용,남,58세,상해없음,승용,여,40세,경상
2015080300100087,2015년 8월 3일 07시,월요일,강원도 삼척시 미로면,중상사고,0,2,0,0,차대차 - 기타,중앙선침범,건조,맑음,단일로 - 기타,화물,남,35세,중상,화물,남,49세,중상
2015080300100112,2015년 8월 3일 08시,월요일,강원도 강릉시 포남동,경상사고,0,0,3,0,차대차 - 측면직각충돌,안전운전불이행,건조,맑음,교차로 - 교차로안,승합,남,44세,상해없음,승용,남,35세,경상
2015080300100130,2015년 8월 3일 09시,월요일,강원도 원주시 단구동,경상사고,0,0,1,0,차대차 - 측면직각충돌,교차로운행방법위반,건조,맑음,교차로 - 교차로안,이륜,남,58세,경상,승용,여,46세,상해없음
2015080300100131,2015년 8월 3일 09시,월요일,강원도 삼척시 남양동,경상사고,0,0,1,0,차대차 - 측면직각충돌,안전운전불이행,건조,맑음,교차로 - 교차로안,승용,남,55세,상해없음,승용,남,64세,경상
2015080300100162,2015년 8월 3일 10시,월요일,강원도 춘천시 소양로1가,경상사고,0,0,2,0,차대차 - 측면직각충돌,신호위반,건조,맑음,교차로 - 교차로안,화물,남,53세,상해없음,승용,남,56세,경상
2015080300100196,2015년 8월 3일 11시,월요일,강원도 춘천시 약사동,중상사고,0,1,0,0,차대차 - 측면직각충돌,안전운전불이행,건조,맑음,교차로 - 교차로부근,승용,남,42세,상해없음,자전거,남,83세,중상
2015080300100197,2015년 8월 3일 11시,월요일,강원도 강릉시 포남동,중상사고,0,1,0,0,차대차 - 측면직각충돌,안전운전불이행,건조,맑음,교차로 - 교차로안,승용,남,61세,상해없음,이륜,남,72세,중상
2015080300100198,2015년 8월 3일 11시,월요일,강원도 삼척시 도계읍,중상사고,0,1,0,0,차대차 - 기타,안전운전불이행,건조,맑음,교차로 - 교차로안,승용,남,37세,상해없음,이륜,남,71세,중상
2015080300100199,2015년 8월 3일 11시,월요일,강원도 횡성군 안흥면,경상사고,0,0,1,0,차대차 - 기타,안전거리미확보,건조,맑음,단일로 - 기타,화물,남,52세,상해없음,승합,남,42세,경상
2015080300100270,2015년 8월 3일 13시,월요일,강원도 원주시 흥업면,경상사고,0,0,1,0,차대차 - 측면직각충돌,신호위반,건조,맑음,교차로 - 교차로안,화물,남,55세,상해없음,화물,남,55세,경상
2015080300100271,2015년 8월 3일 13시,월요일,강원도 원주시 단계동,부상신고사고,0,0,0,1,차대차 - 측면직각충돌,안전운전불이행,건조,맑음,교차로 - 교차로안,승용,남,67세,부상신고,건설기계,남,51세,상해없음
2015080300100313,2015년 8월 3일 14시,월요일,강원도 강릉시 연곡면,경상사고,0,0,1,0,차대차 - 측면직각충돌,안전운전불이행,건조,맑음,교차로 - 교차로부근,승용,남,47세,상해없음,승용,여,57세,경상
2015080300100314,2015년 8월 3일 14시,월요일,강원도 강릉시 임당동,경상사고,0,0,1,0,차대차 - 측면직각충돌,안전운전불이행,건조,맑음,교차로 - 교차로안,승용,남,87세,상해없음,승용,남,35세,경상
2015080300100315,2015년 8월 3일 14시,월요일,강원도 양양군 손양면,경상사고,0,0,1,0,차대차 - 측면직각충돌,안전운전불이행,건조,맑음,교차로 - 교차로부근,승용,남,36세,상해없음,자전거,남,38세,경상
2015080300100316,2015년 8월 3일 14시,월요일,강원도 태백시 장성동,부상신고사고,0,0,0,1,차대차 - 추돌 - 진행중,안전거리미확보,건조,맑음,교차로 - 교차로부근,승용,여,64세,상해없음,승용,남,36세,부상신고
2015080300100317,2015년 8월 3일 14시,월요일,강원도 강릉시 왕산면,경상사고,0,0,2,0,차대차 - 추돌 - 주정차중,안전거리미확보,건조,맑음,단일로 - 터널,승용,남,25세,상해없음,승용,남,39세,경상
2015080300100356,2015년 8월 3일 15시,월요일,강원도 원주시 소초면,경상사고,0,0,1,0,차대차 - 추돌 - 주정차중,안전운전불이행,건조,맑음,교차로 - 교차로부근,화물,남,62세,상해없음,승용,남,59세,경상
2015080300100357,2015년 8월 3일 15시,월요일,강원도 평창군 용평면,경상사고,0,0,6,0,차대차 - 기타,중앙선침범,건조,맑음,단일로 - 기타,승용,남,26세,상해없음,승용,남,43세,경상
2015080300100358,2015년 8월 3일 15시,월요일,강원도 인제군 북면,경상사고,0,0,2,0,차대차 - 추돌 - 주정차중,안전거리미확보,건조,맑음,교차로 - 교차로부근,승용,남,20세,상해없음,승용,남,26세,경상
2015080300100395,2015년 8월 3일 16시,월요일,강원도 강릉시 사천면,경상사고,0,0,1,0,차대차 - 측면직각충돌,안전운전불이행,건조,맑음,단일로 - 기타,화물,남,52세,상해없음,승용,여,60세,경상
2015080300100396,2015년 8월 3일 16시,월요일,강원도 강릉시 홍제동,경상사고,0,0,2,0,차대차 - 측면직각충돌,신호위반,건조,맑음,교차로 - 교차로안,승용,여,67세,상해없음,승용,남,30세,경상
2015080300100444,2015년 8월 3일 17시,월요일,강원도 춘천시 퇴계동,경상사고,0,0,1,0,차대차 - 측면직각충돌,신호위반,건조,맑음,교차로 - 교차로안,승용,남,27세,상해없음,승용,남,54세,경상
2015080300100445,2015년 8월 3일 17시,월요일,강원도 강릉시 남문동,사망사고,1,0,0,0,차량단독 - 공작물충돌,안전운전불이행,건조,맑음,단일로 - 기타,승용,남,77세,상해없음,,,,
2015080300100493,2015년 8월 3일 18시,월요일,강원도 강릉시 죽헌동,경상사고,0,0,3,0,차대차 - 추돌 - 주정차중,안전운전불이행,건조,맑음,교차로 - 교차로부근,승용,남,21세,상해없음,승용,남,48세,경상
2015080300100494,2015년 8월 3일 18시,월요일,강원도 원주시 단구동,중상사고,0,1,0,0,차대차 - 기타,안전거리미확보,건조,맑음,단일로 - 기타,승용,남,35세,상해없음,승용,여,34세,중상
2015080300100525,2015년 8월 3일 19시,월요일,강원도 춘천시 사북면,경상사고,0,0,1,0,차대차 - 측면직각충돌,기타,건조,맑음,단일로 - 기타,승용,남,60세,상해없음,승용,남,59세,경상
2015080300100526,2015년 8월 3일 19시,월요일,강원도 원주시 단구동,경상사고,0,0,2,1,차대차 - 측면직각충돌,교차로운행방법위반,건조,맑음,교차로 - 교차로안,승용,여,54세,부상신고,승용,여,50세,경상
2015080300100599,2015년 8월 3일 21시,월요일,강원도 원주시 관설동,경상사고,0,0,6,0,차대차 - 추돌 - 주정차중,안전운전불이행,건조,맑음,교차로 - 교차로부근,승용,남,45세,상해없음,승용,여,35세,경상
2015080300100600,2015년 8월 3일 21시,월요일,강원도 동해시 천곡동,경상사고,0,0,4,0,차대차 - 측면직각충돌,안전운전불이행,건조,맑음,교차로 - 교차로부근,승용,여,46세,경상,승용,남,19세,경상
2015080300100629,2015년 8월 3일 22시,월요일,강원도 화천군 간동면,경상사고,0,0,2,0,차대차 - 추돌 - 진행중,안전거리미확보,건조,맑음,단일로 - 기타,화물,남,48세,상해없음,승용,여,53세,경상
2015080300100650,2015년 8월 3일 23시,월요일,강원도 춘천시 퇴계동,경상사고,0,0,1,0,차대차 - 추돌 - 진행중,안전운전불이행,건조,맑음,단일로 - 기타,승용,남,34세,상해없음,자전거,남,42세,경상
2015080300100651,2015년 8월 3일 23시,월요일,강원도 원주시 단계동,경상사고,0,0,2,0,차대차 - 측면직각충돌,신호위반,건조,맑음,교차로 - 교차로안,승용,여,23세,상해없음,승용,여,39세,경상
2015080400100010,2015년 8월 4일 00시,화요일,강원도 강릉시 포남동,경상사고,0,0,2,0,차대차 - 기타,안전운전불이행,건조,맑음,교차로 - 교차로부근,승용,남,49세,상해없음,승용,남,21세,상해없음