사고번호,사고일시,요일,시군구,사고내용,사망자수,중상자수,경상자수,부상신고자수,사고유형,법규위반,노면상태,기상상태,도로형태,가해운전자 차종,가해운전자 성별,가해운전자 연령,가해운전자 상해정도,피해운전자 차종,피해운전자 성별,피해운전자 연령,피해운전자 상해정도
2015080400100011,2015년 8월 4일 00시,화요일,강원도 속초시 청학동,경상사고,0,0,1,0,차대차 - 측면직각충돌,안전운전불이행,건조,맑음,교차로 - 교차로안,승합,남,44세,상해없음,자전거,남,42세,경상
2015080400100027,2015년 8월 4일 01시,화요일,강원도 홍천군 남면,경상사고,0,0,1,0,차량단독 - 공작물충돌,안전운전불이행,건조,맑음,단일로 - 기타,원동기,남,16세,상해없음,,,,
2015080400100047,2015년 8월 4일 03시,화요일,강원도 원주시 호저면,경상사고,0,0,1,0,차량단독 - 공작물충돌,안전운전불이행,건조,맑음,교차로 - 교차로안,승용,남,48세,상해없음,,,,
2015080400100067,2015년 8월 4일 05시,화요일,강원도 강릉시 안현동,경상사고,0,0,2,0,차대차 - 정면충돌,중앙선침범,건조,맑음,교차로 - 교차로부근,승용,남,22세,상해없음,승용,여,23세,경상
2015080400100068,2015년 8월 4일 05시,화요일,강원도 속초시 조양동,사망사고,1,0,0,0,차량단독 - 공작물충돌,안전운전불이행,건조,맑음,단일로 - 기타,이륜,남,27세,사망,,,,
2015080400100069,2015년 8월 4일 05시,화요일,강원도 삼척시 남양동,중상사고,0,1,1,0,차대차 - 측면직각충돌,직진우회전진행방해,건조,맑음,교차로 - 교차로안,화물,남,79세,상해없음,승용,남,36세,경상
2015080400100103,2015년 8월 4일 07시,화요일,강원도 강릉시 주문진읍,중상사고,0,1,0,0,차대차 - 측면직각충돌,안전운전불이행,건조,맑음,교차로 - 교차로안,화물,남,63세,상해없음,이륜,여,56세,중상
2015080400100120,2015년 8월 4일 08시,화요일,강원도 속초시 조양동,중상사고,0,1,0,0,차대차 - 측면직각충돌,교차로운행방법위반,건조,맑음,교차로 - 교차로안,승용,남,40세,상해없음,승용,남,46세,중상
2015080400100145,2015년 8월 4일 09시,화요일,강원도 원주시 태장동,중상사고,0,1,0,0,차대차 - 측면직각충돌,신호위반,건조,맑음,교차로 - 교차로안,화물,남,61세,상해없음,승용,여,47세,중상
2015080400100146,2015년 8월 4일 09시,화요일,강원도 원주시 명륜동,경상사고,0,0,1,0,차대사람 - 길가장자리구역통행중,안전운전불이행,건조,맑음,단일로 - 기타,승용,여,46세,상해없음,보행자,여,49세,경상
2015080400100147,2015년 8월 4일 09시,화요일,강원도 동해시 발한동,경상사고,0,0,2,0,차대차 - 측면직각충돌,안전운전불이행,건조,맑음,교차로 - 교차로안,화물,남,76세,상해없음,승용,남,51세,경상
2015080400100148,2015년 8월 4일 09시,화요일,강원도 동해시 천곡동,중상사고,0,1,0,0,차대차 - 측면직각충돌,중앙선침범,건조,맑음,단일로 - 기타,승용,남,22세,상해없음,승용,남,42세,중상
2015080400100174,2015년 8월 4일 10시,화요일,강원도 춘천시 퇴계동,중상사고,0,1,0,0,차대사람 - 차도통행중,안전운전불이행,건조,맑음,교차로 - 교차로부근,승용,남,66세,상해없음,보행자,여,76세,중상
2015080400100175,2015년 8월 4일 10시,화요일,강원도 춘천시 후평동,경상사고,0,0,1,0,차대사람 - 길가장자리구역통행중,안전운전불이행,건조,맑음,단일로 - 기타,승용,여,45세,상해없음,보행자,남,56세,경상
2015080400100176,2015년 8월 4일 10시,화요일,강원도 삼척시 도경동,경상사고,0,0,3,0,차대차 - 측면직각충돌,안전운전불이행,건조,맑음,교차로 - 교차로안,승용,남,52세,상해없음,승용,남,32세,경상
2015080400100177,2015년 8월 4일 10시,화요일,강원도 홍천군 서석면,중상사고,0,1,0,0,차대사람 - 차도통행중,안전운전불이행,건조,맑음,단일로 - 기타,승용,남,48세,상해없음,보행자,여,80세,중상
2015080400100178,2015년 8월 4일 10시,화요일,강원도 정선군 남면,중상사고,0,1,0,0,차대차 - 기타,안전운전불이행,건조,맑음,단일로 - 기타,승용,여,54세,상해없음,원동기,남,74세,중상
2015080400100179,2015년 8월 4일 10시,화요일,강원도 횡성군 갑천면,중상사고,0,1,0,0,차대사람 - 차도통행중,보행자보호의무위반,건조,맑음,단일로 - 기타,승용,여,50세,상해없음,보행자,여,8세,중상
2015080400100180,2015년 8월 4일 10시,화요일,강원도 인제군 남면,중상사고,0,1,1,0,차량단독 - 전도전복,안전운전불이행,건조,맑음,단일로 - 기타,화물,남,56세,상해없음,,,,
2015080400100222,2015년 8월 4일 11시,화요일,강원도 동해시 효가동,경상사고,0,0,1,0,차대차 - 추돌 - 주정차중,안전운전불이행,건조,맑음,단일로 - 기타,승용,남,67세,상해없음,승용,여,50세,경상
2015080400100257,2015년 8월 4일 12시,화요일,강원도 삼척시 오분동,경상사고,0,0,2,0,차대차 - 측면직각충돌,안전거리미확보,건조,맑음,단일로 - 기타,승용,여,69세,경상,승합,남,53세,상해없음
2015080400100297,2015년 8월 4일 13시,화요일,강원도 원주시 단계동,경상사고,0,0,1,1,차대차 - 측면직각충돌,직진우회전진행방해,건조,맑음,교차로 - 교차로안,승용,여,58세,부상신고,승용,남,37세,경상
2015080400100298,2015년 8월 4일 13시,화요일,강원도 홍천군 내촌면,중상사고,0,1,1,0,차대차 - 정면충돌,안전운전불이행,건조,맑음,단일로 - 기타,승용,남,58세,상해없음,승용,여,54세,경상
2015080400100299,2015년 8월 4일 13시,화요일,강원도 화천군 화천읍,중상사고,0,1,0,0,차대차 - 측면직각충돌,직진우회전진행방해,건조,맑음,교차로 - 교차로안,이륜,남,21세,중상,화물,남,48세,상해없음
2015080400100300,2015년 8월 4일 13시,화요일,강원도 양구군 양구읍,중상사고,0,1,0,0,차대사람 - 횡단중,안전운전불이행,건조,맑음,교차로 - 교차로안,화물,남,50세,상해없음,보행자,여,81세,중상
2015080400100332,2015년 8월 4일 14시,화요일,강원도 강릉시 주문진읍,경상사고,0,0,1,0,차대차 - 기타,안전운전불이행,건조,맑음,단일로 - 기타,화물,남,55세,상해없음,자전거,남,81세,경상
2015080400100333,2015년 8월 4일 14시,화요일,강원도 원주시 단구동,경상사고,0,0,1,0,차대차 - 기타,안전운전불이행,건조,맑음,단일로 - 기타,승용,남,36세,상해없음,자전거,남,14세,경상
2015080400100334,2015년 8월 4일 14시,화요일,강원도 고성군 간성읍,경상사고,0,0,1,0,차대사람 - 횡단중,보행자보호의무위반,건조,맑음,단일로 - 횡단보도상,승용,남,73세,상해없음,보행자,남,6세,경상
2015080400100374,2015년 8월 4일 15시,화요일,강원도 동해시 효가동,경상사고,0,0,2,0,차대차 - 추돌 - 주정차중,안전운전불이행,건조,맑음,단일로 - 기타,승용,여,65세,상해없음,승용,남,41세,상해없음
2015080400100375,2015년 8월 4일 15시,화요일,강원도 횡성군 둔내면,중상사고,0,4,3,0,차대차 - 기타,안전운전불이행,건조,맑음,단일로 - 기타,승용,여,40세,중상,승용,여,45세,경상
2015080400100408,2015년 8월 4일 16시,화요일,강원도 원주시 개운동,경상사고,0,0,1,0,차대차 - 측면직각충돌,직진우회전진행방해,건조,맑음,교차로 - 교차로부근,승용,여,62세,상해없음,자전거,여,64세,경상
2015080400100489,2015년 8월 4일 18시,화요일,강원도 춘천시 효자동,경상사고,0,0,1,0,차대차 - 측면직각충돌,안전운전불이행,건조,맑음,단일로 - 기타,화물,남,51세,상해없음,승용,남,23세,경상
2015080400100490,2015년 8월 4일 18시,화요일,강원도 원주시 명륜동,경상사고,0,0,1,0,차대사람 - 보도통행중,안전운전불이행,건조,맑음,단일로 - 기타,승용,남,51세,상해없음,보행자,남,25세,경상
2015080400100572,2015년 8월 4일 20시,화요일,강원도 춘천시 신북읍,경상사고,0,0,1,0,차대차 - 측면직각충돌,안전운전불이행,건조,맑음,단일로 - 기타,자전거,남,21세,상해없음,자전거,남,54세,경상
2015080400100573,2015년 8월 4일 20시,화요일,강원도 영월군 주천면,경상사고,0,0,1,0,차대차 - 측면직각충돌,안전운전불이행,건조,맑음,단일로 - 기타,승용,여,55세,상해없음,승용,여,48세,경상
2015080400100574,2015년 8월 4일 20시,화요일,강원도 고성군 거진읍,중상사고,0,1,0,0,차대차 - 측면직각충돌,기타,건조,맑음,교차로 - 교차로안,원동기,여,36세,상해없음,승용,남,39세,상해없음
2015080400100614,2015년 8월 4일 21시,화요일,강원도 강릉시 교동,경상사고,0,0,1,0,차대사람 - 기타,안전운전불이행,건조,맑음,단일로 - 기타,승용,남,60세,상해없음,보행자,남,42세,경상
2015080400100615,2015년 8월 4일 21시,화요일,강원도 동해시 발한동,중상사고,0,1,0,0,차대사람 - 길가장자리구역통행중,안전운전불이행,건조,맑음,단일로 - 기타,승용,남,54세,상해없음,보행자,여,82세,중상
2015080400100639,2015년 8월 4일 22시,화요일,강원도 원주시 학성동,중상사고,0,1,0,0,차대차 - 추돌 - 진행중,신호위반,건조,맑음,교차로 - 교차로안,승용,남,50세,상해없음,자전거,남,24세,중상
2015080400100671,2015년 8월 4일 23시,화요일,강원도 태백시 화전동,사망사고,1,0,0,0,차대사람 - 보도통행중,보행자보호의무위반,건조,맑음,단일로 - 기타,화물,남,55세,상해없음,보행자,여,67세,사망
2015080500100029,2015년 8월 5일 01시,수요일,강원도 강릉시 안현동,중상사고,0,1,1,0,차대차 - 기타,안전운전불이행,건조,맑음,단일로 - 기타,승용,남,22세,상해없음,이륜,남,16세,중상
2015080500100030,2015년 8월 5일 01시,수요일,강원도 삼척시 도계읍,경상사고,0,0,1,0,차대차 - 추돌 - 진행중,안전운전불이행,건조,맑음,단일로 - 기타,승용,남,37세,상해없음,화물,남,32세,상해없음
2015080500100075,2015년 8월 5일 05시,수요일,강원도 원주시 호저면,중상사고,0,1,1,0,차대차 - 측면직각충돌,신호위반,건조,맑음,교차로 - 교차로안,승용,남,75세,상해없음,승용,남,48세,경상
2015080500100150,2015년 8월 5일 09시,수요일,강원도 홍천군 서면,경상사고,0,0,1,0,차대차 - 추돌 - 주정차중,안전운전불이행,건조,맑음,단일로 - 기타,화물,남,36세,상해없음,승합,남,54세,상해없음
2015080500100151,2015년 8월 5일 09시,수요일,강원도 고성군 죽왕면,경상사고,0,0,2,0,차대차 - 추돌 - 진행중,안전거리미확보,건조,맑음,교차로 - 교차로부근,승용,남,71세,상해없음,화물,여,48세,경상
2015080500100187,2015년 8월 5일 10시,수요일,강원도 춘천시 석사동,경상사고,0,0,1,0,차대차 - 기타,교차로운행방법위반,건조,맑음,교차로 - 교차로안,승용,남,60세,상해없음,승용,여,59세,상해없음
2015080500100188,2015년 8월 5일 10시,수요일,강원도 동해시 단봉동,경상사고,0,0,1,0,차대차 - 추돌 - 진행중,안전거리미확보,건조,맑음,단일로 - 기타,건설기계,남,52세,상해없음,승용,남,32세,경상
2015080500100220,2015년 8월 5일 11시,수요일,강원도 양양군 양양읍,경상사고,0,0,1,0,차대사람 - 기타,안전운전불이행,건조,맑음,단일로 - 기타,건설기계,남,52세,상해없음,보행자,남,54세,경상
2015080500100270,2015년 8월 5일 13시,수요일,강원도 원주시 단구동,경상사고,0,0,1,0,차대차 - 측면직각충돌,신호위반,건조,맑음,기타 - 기타,승용,남,56세,상해없음,자전거,여,73세,경상
2015080500100271,2015년 8월 5일 13시,수요일,강원도 동해시 신흥동,중상사고,0,3,0,0,차대차 - 정면충돌,중앙선침범,건조,맑음,단일로 - 기타,승용,남,67세,상해없음,승용,남,43세,중상
2015080500100312,2015년 8월 5일 14시,수요일,강원도 원주시 행구동,경상사고,0,0,1,0,차대차 - 추돌 - 진행중,교차로운행방법위반,건조,맑음,교차로 - 교차로안,승용,남,73세,상해없음,승용,남,44세,경상
2015080500100313,2015년 8월 5일 14시,수요일,강원도 원주시 소초면,경상사고,0,0,1,0,차대차 - 측면직각충돌,교차로운행방법위반,건조,맑음,교차로 - 교차로안,승용,남,56세,상해없음,승용,남,54세,경상
2015080500100314,2015년 8월 5일 14시,수요일,강원도 양양군 서면,경상사고,0,0,1,0,차대차 - 측면직각충돌,안전거리미확보,건조,맑음,단일로 - 기타,승용,여,53세,상해없음,승용,남,28세,경상
2015080500100315,2015년 8월 5일 14시,수요일,강원도 양양군 강현면,경상사고,0,0,1,0,차대차 - 측면직각충돌,직진우회전진행방해,건조,맑음,교차로 - 교차로안,승용,남,23세,상해없음,승용,남,69세,경상
2015080500100316,2015년 8월 5일 14시,수요일,강원도 횡성군 둔내면,중상사고,0,1,2,0,차대차 - 추돌 - 진행중,안전거리미확보,건조,맑음,단일로 - 터널,승용,남,21세,상해없음,승용,남,24세,상해없음
2015080500100350,2015년 8월 5일 15시,수요일,강원도 춘천시 동면,경상사고,0,0,1,0,차대차 - 정면충돌,중앙선침범,건조,맑음,교차로 - 교차로부근,승용,남,73세,상해없음,승용,남,33세,경상
2015080500100351,2015년 8월 5일 15시,수요일,강원도 원주시 무실동,경상사고,0,0,3,0,차대차 - 추돌 - 진행중,안전거리미확보,건조,맑음,교차로 - 교차로부근,화물,남,28세,상해없음,화물,남,54세,경상
2015080500100352,2015년 8월 5일 15시,수요일,강원도 원주시 무실동,경상사고,0,0,2,0,차대차 - 기타,신호위반,건조,맑음,교차로 - 교차로안,승용,남,87세,상해없음,승합,남,37세,경상
2015080500100353,2015년 8월 5일 15시,수요일,강원도 동해시 천곡동,경상사고,0,0,1,0,차대차 - 추돌 - 주정차중,안전운전불이행,건조,맑음,단일로 - 기타,승용,여,43세,상해없음,승용,남,27세,상해없음
2015080500100418,2015년 8월 5일 17시,수요일,강원도 춘천시 석사동,경상사고,0,0,1,0,차대차 - 측면직각충돌,신호위반,건조,맑음,단일로 - 횡단보도상,승용,남,39세,상해없음,자전거,남,13세,경상
2015080500100473,2015년 8월 5일 18시,수요일,강원도 속초시 교동,경상사고,0,0,1,0,차대사람 - 기타,안전운전불이행,건조,맑음,교차로 - 교차로안,승용,남,55세,상해없음,보행자,남,9세,경상
2015080500100474,2015년 8월 5일 18시,수요일,강원도 속초시 노학동,경상사고,0,0,1,0,차대사람 - 길가장자리구역통행중,안전운전불이행,건조,맑음,교차로 - 교차로부근,이륜,남,39세,상해없음,보행자,여,20세,경상
2015080500100515,2015년 8월 5일 19시,수요일,강원도 태백시 황지동,경상사고,0,0,1,0,차대사람 - 기타,안전운전불이행,건조,맑음,기타 - 기타,승용,남,58세,상해없음,보행자,여,71세,경상
2015080500100541,2015년 8월 5일 20시,수요일,강원도 홍천군 홍천읍,중상사고,0,1,0,0,차대사람 - 횡단중,신호위반,건조,맑음,교차로 - 교차로안,승용,여,44세,상해없음,보행자,여,76세,중상
2015080500100570,2015년 8월 5일 21시,수요일,강원도 양양군 현남면,부상신고사고,0,0,0,1,차대차 - 추돌 - 진행중,기타,건조,맑음,교차로 - 교차로부근,화물,남,69세,상해없음,승용,남,45세,부상신고
2015080500100571,2015년 8월 5일 21시,수요일,강원도 철원군 서면,중상사고,0,1,2,0,차대차 - 측면직각충돌,교차로운행방법위반,건조,맑음,교차로 - 교차로안,승용,남,26세,상해없음,승용,남,57세,경상
2015080500100610,2015년 8월 5일 22시,수요일,강원도 정선군 정선읍,경상사고,0,0,2,0,차대차 - 측면직각충돌,안전운전불이행,건조,맑음,교차로 - 교차로안,화물,남,60세,상해없음,승용,남,33세,경상
2015080600100015,2015년 8월 6일 00시,목요일,강원도 춘천시 퇴계동,경상사고,0,0,4,0,차대차 - 측면직각충돌,안전운전불이행,건조,맑음,교차로 - 교차로안,승용,남,37세,상해없음,승합,남,54세,경상
2015080600100056,2015년 8월 6일 05시,목요일,강원도 강릉시 강문동,중상사고,0,2,1,0,차대차 - 기타,안전운전불이행,건조,맑음,단일로 - 기타,승용,남,20세,상해없음,승용,남,47세,상해없음
2015080600100070,2015년 8월 6일 06시,목요일,강원도 강릉시 안현동,경상사고,0,0,1,0,차대차 - 측면직각충돌,안전운전불이행,건조,맑음,단일로 - 기타,승용,남,25세,상해없음,승용,남,58세,상해없음
2015080600100145,2015년 8월 6일 09시,목요일,강원도 삼척시 신기면,경상사고,0,0,4,1,차대차 - 측면직각충돌,안전거리미확보,건조,맑음,단일로 - 기타,승용,남,60세,상해없음,승용,남,27세,경상
2015080600100146,2015년 8월 6일 09시,목요일,강원도 홍천군 북방면,중상사고,0,1,0,0,차대차 - 추돌 - 진행중,안전운전불이행,건조,맑음,교차로 - 교차로안,승용,남,22세,상해없음,원동기,여,65세,중상
2015080600100147,2015년 8월 6일 09시,목요일,강원도 평창군 평창읍,중상사고,0,1,0,0,차대차 - 기타,중앙선침범,건조,맑음,단일로 - 기타,승용,남,60세,상해없음,승용,여,66세,중상
2015080600100208,2015년 8월 6일 11시,목요일,강원도 춘천시 북산면,사망사고,1,0,0,0,차량단독 - 전도전복,안전운전불이행,건조,맑음,단일로 - 기타,원동기,남,49세,사망,,,,
2015080600100209,2015년 8월 6일 11시,목요일,강원도 원주시 학성동,경상사고,0,0,1,0,차대사람 - 기타,안전운전불이행,건조,맑음,기타 - 기타,승용,남,33세,상해없음,보행자,여,74세,경상
2015080600100210,2015년 8월 6일 11시,목요일,강원도 태백시 황지동,경상사고,0,0,1,0,차대차 - 추돌 - 주정차중,안전거리미확보,건조,맑음,단일로 - 기타,승용,남,68세,상해없음,승용,여,37세,경상
2015080600100211,2015년 8월 6일 11시,목요일,강원도 동해시 용정동,중상사고,0,1,0,0,차대차 - 측면직각충돌,안전운전불이행,건조,맑음,단일로 - 기타,승용,남,68세,상해없음,승용,남,44세,중상
2015080600100212,2015년 8월 6일 11시,목요일,강원도 원주시 소초면,경상사고,0,0,1,0,차대차 - 추돌 - 진행중,안전운전불이행,건조,맑음,단일로 - 기타,승용,남,28세,상해없음,승용,여,41세,경상
2015080600100245,2015년 8월 6일 12시,목요일,강원도 춘천시 퇴계동,중상사고,0,1,1,0,차대차 - 추돌 - 주정차중,안전거리미확보,건조,맑음,교차로 - 교차로부근,승용,여,63세,상해없음,승용,여,32세,중상
2015080600100246,2015년 8월 6일 12시,목요일,강원도 춘천시 중앙로1가,중상사고,0,1,0,0,차량단독 - 기타,안전운전불이행,건조,맑음,단일로 - 기타,승합,남,47세,상해없음,,,,
2015080600100308,2015년 8월 6일 14시,목요일,강원도 춘천시 석사동,경상사고,0,0,2,0,차대차 - 추돌 - 주정차중,안전거리미확보,건조,맑음,단일로 - 기타,화물,남,64세,기타불명,승용,남,57세,경상
2015080600100309,2015년 8월 6일 14시,목요일,강원도 횡성군 안흥면,경상사고,0,0,1,0,차대사람 - 기타,안전운전불이행,건조,맑음,기타 - 기타,승용,남,33세,상해없음,보행자,남,53세,경상
2015080600100346,2015년 8월 6일 15시,목요일,강원도 원주시 개운동,경상사고,0,0,1,0,차대사람 - 기타,안전운전불이행,건조,맑음,교차로 - 교차로부근,승합,남,48세,상해없음,보행자,남,75세,경상
2015080600100347,2015년 8월 6일 15시,목요일,강원도 원주시 단계동,경상사고,0,0,1,0,차대차 - 측면직각충돌,차로위반,건조,맑음,단일로 - 기타,승용,남,43세,상해없음,승용,남,44세,경상
2015080600100348,2015년 8월 6일 15시,목요일,강원도 삼척시 당저동,경상사고,0,0,1,0,차대사람 - 횡단중,보행자보호의무위반,건조,맑음,단일로 - 기타,승용,남,36세,상해없음,보행자,여,9세,경상
2015080600100349,2015년 8월 6일 15시,목요일,강원도 화천군 화천읍,경상사고,0,0,1,0,차대차 - 기타,안전운전불이행,건조,맑음,단일로 - 기타,농기계,남,67세,상해없음,승용,남,38세,경상
2015080600100395,2015년 8월 6일 16시,목요일,강원도 횡성군 공근면,경상사고,0,0,1,0,차대차 - 측면직각충돌,안전거리미확보,건조,맑음,교차로 - 교차로부근,승용,남,70세,상해없음,승합,남,61세,경상
2015080600100439,2015년 8월 6일 17시,목요일,강원도 춘천시 온의동,중상사고,0,1,1,0,차대차 - 측면직각충돌,중앙선침범,건조,맑음,교차로 - 교차로부근,승용,남,53세,상해없음,승용,여,53세,경상
2015080600100440,2015년 8월 6일 17시,목요일,강원도 삼척시 교동,경상사고,0,0,1,0,차대차 - 측면직각충돌,안전운전불이행,건조,맑음,단일로 - 기타,건설기계,남,38세,상해없음,승용,남,55세,상해없음
2015080600100441,2015년 8월 6일 17시,목요일,강원도 인제군 남면,중상사고,0,1,2,0,차대차 - 추돌 - 진행중,안전운전불이행,건조,맑음,단일로 - 기타,승용,여,34세,상해없음,승용,여,50세,경상
2015080600100481,2015년 8월 6일 18시,목요일,강원도 속초시 조양동,중상사고,0,1,0,0,차대차 - 추돌 - 주정차중,안전운전불이행,건조,맑음,교차로 - 교차로부근,승용,남,65세,상해없음,승용,남,49세,중상
2015080600100526,2015년 8월 6일 19시,목요일,강원도 강릉시 입암동,경상사고,0,0,1,0,차대차 - 기타,안전운전불이행,건조,맑음,교차로 - 교차로안,승용,남,47세,상해없음,승용,여,26세,경상
2015080600100527,2015년 8월 6일 19시,목요일,강원도 속초시 영랑동,경상사고,0,0,1,0,차대차 - 추돌 - 주정차중,안전운전불이행,건조,맑음,단일로 - 기타,화물,남,56세,상해없음,승용,남,59세,경상
2015080600100528,2015년 8월 6일 19시,목요일,강원도 횡성군 우천면,경상사고,0,0,2,0,차대차 - 추돌 - 진행중,안전운전불이행,건조,맑음,단일로 - 기타,화물,남,48세,상해없음,승용,남,28세,경상
2015080600100581,2015년 8월 6일 20시,목요일,강원도 강릉시 연곡면,중상사고,0,1,0,0,차대사람 - 기타,안전운전불이행,건조,맑음,단일로 - 기타,승용,남,71세,상해없음,보행자,남,19세,중상
2015080600100622,2015년 8월 6일 21시,목요일,강원도 춘천시 석사동,경상사고,0,0,2,0,차대차 - 추돌 - 주정차중,안전운전불이행,건조,맑음,단일로 - 기타,승용,여,48세,상해없음,승용,남,41세,경상
2015080600100623,2015년 8월 6일 21시,목요일,강원도 원주시 단계동,부상신고사고,0,0,0,1,차량단독 - 기타,안전운전불이행,기타,기타,기타 - 기타,기타불명,기타불명,기타불명,기타불명,,,,
2015080600100624,2015년 8월 6일 21시,목요일,강원도 원주시 단구동,중상사고,0,1,0,0,차대차 - 측면직각충돌,안전운전불이행,건조,맑음,단일로 - 기타,승용,남,46세,상해없음,이륜,남,28세,중상
2015080700100084,2015년 8월 7일 06시,금요일,강원도 강릉시 교동,경상사고,0,0,1,0,차대차 - 추돌 - 진행중,안전운전불이행,건조,맑음,교차로 - 교차로안,승용,남,24세,상해없음,화물,남,47세,경상
2015080700100131,2015년 8월 7일 08시,금요일,강원도 삼척시 당저동,경상사고,0,0,1,0,차대차 - 기타,안전운전불이행,건조,맑음,단일로 - 기타,화물,남,75세,상해없음,승용,여,29세,경상
2015080700100132,2015년 8월 7일 08시,금요일,강원도 인제군 북면,중상사고,0,1,0,0,차대차 - 측면직각충돌,안전운전불이행,건조,맑음,단일로 - 기타,건설기계,남,53세,상해없음,승용,여,56세,중상
2015080700100172,2015년 8월 7일 09시,금요일,강원도 춘천시 동산면,사망사고,1,3,0,0,차대차 - 추돌 - 주정차중,안전운전불이행,건조,맑음,단일로 - 기타,화물,남,51세,상해없음,승용,남,43세,중상
2015080700100235,2015년 8월 7일 11시,금요일,강원도 속초시 조양동,경상사고,0,0,1,0,차대차 - 추돌 - 진행중,안전운전불이행,건조,맑음,교차로 - 교차로부근,화물,남,46세,상해없음,승용,남,68세,경상
2015080700100257,2015년 8월 7일 12시,금요일,강원도 춘천시 남산면,중상사고,0,1,1,0,차대차 - 측면직각충돌,교차로운행방법위반,건조,맑음,교차로 - 교차로안,화물,남,57세,중상,승용,남,35세,경상
2015080700100258,2015년 8월 7일 12시,금요일,강원도 원주시 문막읍,부상신고사고,0,0,0,1,차대차 - 측면직각충돌,안전운전불이행,건조,맑음,단일로 - 기타,승용,여,48세,상해없음,자전거,남,16세,부상신고
2015080700100259,2015년 8월 7일 12시,금요일,강원도 횡성군 횡성읍,중상사고,0,1,0,0,차대차 - 측면직각충돌,안전운전불이행,건조,맑음,단일로 - 기타,승용,여,45세,상해없음,원동기,남,64세,중상
2015080700100300,2015년 8월 7일 13시,금요일,강원도 평창군 봉평면,경상사고,0,0,7,0,차대차 - 추돌 - 진행중,안전운전불이행,건조,맑음,단일로 - 터널,승용,남,31세,상해없음,승용,남,40세,경상
2015080700100327,2015년 8월 7일 14시,금요일,강원도 춘천시 퇴계동,경상사고,0,0,3,0,차대차 - 기타,교차로운행방법위반,건조,맑음,교차로 - 교차로안,승용,남,72세,상해없음,승용,남,61세,경상
2015080700100328,2015년 8월 7일 14시,금요일,강원도 춘천시 약사동,경상사고,0,0,1,0,차대사람 - 횡단중,신호위반,건조,맑음,단일로 - 기타,승용,남,68세,상해없음,보행자,여,57세,경상
2015080700100329,2015년 8월 7일 14시,금요일,강원도 강릉시 강동면,중상사고,0,1,13,0,차대차 - 기타,안전거리미확보,건조,맑음,단일로 - 기타,승합,남,59세,상해없음,화물,남,56세,상해없음
2015080700100330,2015년 8월 7일 14시,금요일,강원도 강릉시 연곡면,경상사고,0,0,4,0,차대차 - 추돌 - 진행중,안전운전불이행,건조,맑음,교차로 - 교차로안,승용,남,23세,상해없음,승용,남,38세,상해없음
2015080700100331,2015년 8월 7일 14시,금요일,강원도 원주시 명륜동,중상사고,0,1,0,0,차대차 - 측면직각충돌,교차로운행방법위반,건조,맑음,교차로 - 교차로부근,화물,남,32세,상해없음,승용,여,46세,중상
2015080700100394,2015년 8월 7일 16시,금요일,강원도 춘천시 우두동,경상사고,0,0,1,2,차대차 - 추돌 - 진행중,안전운전불이행,건조,맑음,단일로 - 기타,승용,여,34세,상해없음,승용,여,43세,부상신고
2015080700100395,2015년 8월 7일 16시,금요일,강원도 태백시 혈동,부상신고사고,0,0,0,2,차대차 - 정면충돌,중앙선침범,건조,맑음,단일로 - 기타,승용,남,45세,상해없음,승합,남,45세,부상신고
2015080700100396,2015년 8월 7일 16시,금요일,강원도 철원군 동송읍,경상사고,0,0,1,0,차대차 - 측면직각충돌,교차로운행방법위반,건조,맑음,교차로 - 교차로안,화물,남,47세,상해없음,승용,여,44세,경상
2015080700100431,2015년 8월 7일 17시,금요일,강원도 원주시 봉산동,경상사고,0,0,1,0,차대차 - 기타,안전운전불이행,건조,맑음,단일로 - 기타,화물,남,46세,상해없음,승용,남,20세,기타불명
2015080700100432,2015년 8월 7일 17시,금요일,강원도 태백시 상사미동,경상사고,0,0,1,0,차대사람 - 기타,안전운전불이행,건조,맑음,단일로 - 기타,화물,남,46세,상해없음,보행자,남,61세,경상
2015080700100433,2015년 8월 7일 17시,금요일,강원도 철원군 서면,경상사고,0,0,1,0,차대차 - 정면충돌,중앙선침범,건조,맑음,단일로 - 기타,화물,남,58세,상해없음,화물,남,54세,경상
2015080700100485,2015년 8월 7일 18시,금요일,강원도 춘천시 근화동,중상사고,0,2,2,0,차대차 - 측면직각충돌,교차로운행방법위반,건조,맑음,교차로 - 교차로안,승합,남,47세,상해없음,승용,남,51세,중상
2015080700100486,2015년 8월 7일 18시,금요일,강원도 춘천시 석사동,경상사고,0,0,1,0,차대차 - 측면직각충돌,안전운전불이행,건조,맑음,단일로 - 기타,기타불명,기타불명,기타불명,기타불명,자전거,여,9세,경상
2015080700100487,2015년 8월 7일 18시,금요일,강원도 강릉시 입암동,경상사고,0,0,1,0,차대사람 - 기타,안전운전불이행,건조,맑음,기타 - 기타,승용,여,33세,상해없음,보행자,여,66세,경상
2015080700100488,2015년 8월 7일 18시,금요일,강원도 강릉시 옥계면,경상사고,0,0,1,0,차대차 - 측면직각충돌,중앙선침범,건조,맑음,단일로 - 기타,승용,여,38세,상해없음,승용,여,50세,경상
2015080700100520,2015년 8월 7일 19시,금요일,강원도 동해시 발한동,중상사고,0,2,0,0,차대사람 - 횡단중,안전운전불이행,건조,맑음,교차로 - 교차로안,승용,여,55세,상해없음,보행자,여,62세,중상