사고번호,사고일시,요일,시군구,사고내용,사망자수,중상자수,경상자수,부상신고자수,사고유형,법규위반,노면상태,기상상태,도로형태,가해운전자 차종,가해운전자 성별,가해운전자 연령,가해운전자 상해정도,피해운전자 차종,피해운전자 성별,피해운전자 연령,피해운전자 상해정도
2015080700100550,2015년 8월 7일 20시,금요일,강원도 강릉시 연곡면,경상사고,0,0,2,0,차대차 - 추돌 - 진행중,안전운전불이행,건조,맑음,단일로 - 기타,승용,남,62세,상해없음,승용,여,62세,경상
2015080700100551,2015년 8월 7일 20시,금요일,강원도 원주시 관설동,경상사고,0,0,1,0,차대차 - 기타,안전운전불이행,건조,맑음,교차로 - 교차로안,승용,남,39세,상해없음,이륜,남,23세,경상
2015080700100552,2015년 8월 7일 20시,금요일,강원도 원주시 개운동,경상사고,0,0,1,0,차대차 - 측면직각충돌,안전거리미확보,건조,맑음,교차로 - 교차로부근,승용,남,55세,상해없음,승용,남,35세,상해없음
2015080700100553,2015년 8월 7일 20시,금요일,강원도 속초시 조양동,중상사고,0,1,0,0,차대차 - 측면직각충돌,안전거리미확보,건조,맑음,단일로 - 기타,승용,남,52세,상해없음,화물,남,55세,중상
2015080700100624,2015년 8월 7일 22시,금요일,강원도 강릉시 연곡면,경상사고,0,0,1,0,차대사람 - 길가장자리구역통행중,안전운전불이행,건조,맑음,단일로 - 기타,승용,남,36세,상해없음,보행자,남,66세,경상
2015080700100625,2015년 8월 7일 22시,금요일,강원도 강릉시 안현동,부상신고사고,0,0,0,2,차대차 - 추돌 - 진행중,안전운전불이행,건조,맑음,단일로 - 기타,승용,남,18세,상해없음,승용,남,27세,부상신고
2015080700100626,2015년 8월 7일 22시,금요일,강원도 원주시 단계동,중상사고,0,1,0,0,차대사람 - 횡단중,안전운전불이행,건조,맑음,단일로 - 기타,승용,남,36세,상해없음,보행자,여,46세,중상
2015080700100627,2015년 8월 7일 22시,금요일,강원도 원주시 소초면,중상사고,0,1,0,0,차대사람 - 횡단중,안전운전불이행,건조,맑음,단일로 - 기타,승용,여,49세,상해없음,보행자,남,62세,중상
2015080800100014,2015년 8월 8일 00시,토요일,강원도 춘천시 석사동,경상사고,0,0,2,0,차대차 - 추돌 - 진행중,안전운전불이행,건조,맑음,단일로 - 기타,이륜,남,43세,경상,승용,남,60세,경상
2015080800100035,2015년 8월 8일 01시,토요일,강원도 원주시 단계동,경상사고,0,0,1,0,차대사람 - 기타,보행자보호의무위반,건조,맑음,단일로 - 기타,승용,남,30세,상해없음,보행자,남,32세,경상
2015080800100052,2015년 8월 8일 02시,토요일,강원도 양양군 강현면,중상사고,0,3,2,0,차량단독 - 공작물충돌,안전운전불이행,건조,맑음,단일로 - 기타,승합,남,24세,중상,,,,
2015080800100117,2015년 8월 8일 06시,토요일,강원도 홍천군 홍천읍,경상사고,0,0,1,0,차대차 - 측면직각충돌,안전운전불이행,건조,맑음,교차로 - 교차로안,화물,남,47세,상해없음,화물,남,55세,경상
2015080800100155,2015년 8월 8일 08시,토요일,강원도 춘천시 남면,경상사고,0,0,2,0,차대차 - 측면직각충돌,기타,건조,맑음,단일로 - 기타,승합,남,59세,상해없음,승용,남,31세,경상
2015080800100156,2015년 8월 8일 08시,토요일,강원도 춘천시 퇴계동,부상신고사고,0,0,0,1,차대차 - 측면직각충돌,안전운전불이행,건조,맑음,교차로 - 교차로부근,자전거,남,77세,부상신고,승용,남,43세,상해없음
2015080800100157,2015년 8월 8일 08시,토요일,강원도 철원군 갈말읍,경상사고,0,0,1,0,차대차 - 기타,안전운전불이행,건조,맑음,단일로 - 기타,승용,남,20세,상해없음,승용,남,29세,경상
2015080800100206,2015년 8월 8일 10시,토요일,강원도 원주시 단계동,경상사고,0,0,1,0,차대차 - 추돌 - 진행중,안전거리미확보,건조,맑음,교차로 - 교차로부근,승용,남,32세,상해없음,이륜,남,72세,경상
2015080800100207,2015년 8월 8일 10시,토요일,강원도 양양군 강현면,경상사고,0,0,1,0,차대사람 - 기타,안전운전불이행,건조,맑음,단일로 - 기타,승용,남,74세,상해없음,보행자,여,52세,경상
2015080800100240,2015년 8월 8일 11시,토요일,강원도 춘천시 서면,경상사고,0,0,1,0,차대차 - 기타,안전운전불이행,건조,맑음,단일로 - 기타,자전거,남,14세,상해없음,자전거,남,35세,경상
2015080800100241,2015년 8월 8일 11시,토요일,강원도 춘천시 신북읍,경상사고,0,0,2,0,차대차 - 측면직각충돌,중앙선침범,건조,맑음,교차로 - 교차로부근,화물,남,58세,상해없음,승합,남,73세,경상
2015080800100242,2015년 8월 8일 11시,토요일,강원도 동해시 천곡동,중상사고,0,1,0,0,차대차 - 정면충돌,안전운전불이행,건조,맑음,교차로 - 교차로부근,승용,남,32세,상해없음,원동기,남,18세,중상
2015080800100281,2015년 8월 8일 12시,토요일,강원도 속초시 설악동,경상사고,0,0,1,0,차대차 - 측면직각충돌,교차로운행방법위반,건조,맑음,교차로 - 교차로안,승용,남,68세,상해없음,승합,남,41세,상해없음
2015080800100315,2015년 8월 8일 13시,토요일,강원도 춘천시 서면,경상사고,0,0,3,0,차대차 - 측면직각충돌,중앙선침범,건조,맑음,단일로 - 기타,승용,남,44세,상해없음,승용,남,51세,경상
2015080800100354,2015년 8월 8일 14시,토요일,강원도 삼척시 정상동,중상사고,0,2,6,0,차대차 - 추돌 - 진행중,안전거리미확보,건조,맑음,교차로 - 교차로부근,화물,남,47세,상해없음,승용,남,26세,경상
2015080800100390,2015년 8월 8일 15시,토요일,강원도 춘천시 삼천동,경상사고,0,0,2,0,차대차 - 측면직각충돌,직진우회전진행방해,건조,맑음,교차로 - 교차로안,승용,남,32세,상해없음,승용,남,31세,경상
2015080800100391,2015년 8월 8일 15시,토요일,강원도 원주시 판부면,경상사고,0,0,1,0,차대차 - 추돌 - 진행중,안전운전불이행,습기,비,단일로 - 기타,승용,남,38세,상해없음,승용,남,38세,경상
2015080800100430,2015년 8월 8일 16시,토요일,강원도 춘천시 송암동,경상사고,0,0,2,0,차대차 - 측면직각충돌,교차로운행방법위반,습기,흐림,단일로 - 기타,승용,남,47세,상해없음,이륜,여,46세,경상
2015080800100431,2015년 8월 8일 16시,토요일,강원도 춘천시 서면,경상사고,0,0,5,0,차대차 - 측면직각충돌,안전운전불이행,습기,흐림,단일로 - 기타,승용,여,21세,상해없음,승합,남,23세,경상
2015080800100432,2015년 8월 8일 16시,토요일,강원도 강릉시 안현동,경상사고,0,0,2,0,차대차 - 추돌 - 진행중,안전운전불이행,건조,맑음,단일로 - 기타,승용,남,26세,상해없음,승용,여,23세,경상
2015080800100433,2015년 8월 8일 16시,토요일,강원도 속초시 조양동,경상사고,0,0,3,0,차대차 - 추돌 - 진행중,안전운전불이행,습기,비,교차로 - 교차로부근,승용,남,51세,상해없음,승용,남,27세,상해없음
2015080800100476,2015년 8월 8일 17시,토요일,강원도 춘천시 후평동,경상사고,0,0,1,0,차대차 - 측면직각충돌,직진우회전진행방해,건조,맑음,교차로 - 교차로안,승용,남,54세,상해없음,이륜,남,34세,경상
2015080800100477,2015년 8월 8일 17시,토요일,강원도 춘천시 서면,중상사고,0,2,1,0,차량단독 - 공작물충돌,안전운전불이행,습기,맑음,단일로 - 기타,승용,남,49세,상해없음,,,,
2015080800100478,2015년 8월 8일 17시,토요일,강원도 춘천시 효자동,경상사고,0,0,2,0,차대차 - 측면직각충돌,안전운전불이행,건조,맑음,단일로 - 기타,승용,여,42세,상해없음,승합,남,39세,경상
2015080800100479,2015년 8월 8일 17시,토요일,강원도 원주시 봉산동,경상사고,0,0,3,0,차대차 - 추돌 - 진행중,안전거리미확보,건조,맑음,교차로 - 교차로부근,승용,여,68세,상해없음,승용,남,29세,경상
2015080800100480,2015년 8월 8일 17시,토요일,강원도 화천군 화천읍,중상사고,0,1,0,0,차대차 - 측면직각충돌,직진우회전진행방해,습기,비,교차로 - 교차로안,승용,남,62세,상해없음,화물,남,50세,중상
2015080800100481,2015년 8월 8일 17시,토요일,강원도 인제군 북면,중상사고,0,2,5,0,차대차 - 추돌 - 진행중,안전운전불이행,습기,비,단일로 - 기타,승용,여,40세,상해없음,승용,남,38세,중상
2015080800100482,2015년 8월 8일 17시,토요일,강원도 동해시 효가동,중상사고,0,1,1,0,차대차 - 측면직각충돌,안전운전불이행,습기,비,교차로 - 교차로부근,화물,남,58세,상해없음,화물,남,56세,경상
2015080800100524,2015년 8월 8일 18시,토요일,강원도 원주시 무실동,경상사고,0,0,1,0,차대사람 - 보도통행중,안전운전불이행,건조,맑음,교차로 - 교차로안,승용,남,23세,상해없음,보행자,여,19세,경상
2015080800100525,2015년 8월 8일 18시,토요일,강원도 원주시 우산동,경상사고,0,0,1,0,차대차 - 측면직각충돌,안전운전불이행,건조,맑음,교차로 - 교차로안,승용,남,58세,상해없음,이륜,남,17세,경상
2015080800100526,2015년 8월 8일 18시,토요일,강원도 평창군 대화면,경상사고,0,0,3,2,차대차 - 추돌 - 진행중,안전운전불이행,건조,맑음,교차로 - 교차로부근,승용,여,54세,상해없음,승용,남,54세,경상
2015080800100527,2015년 8월 8일 18시,토요일,강원도 횡성군 둔내면,중상사고,0,1,1,0,차대차 - 측면직각충돌,안전운전불이행,습기,흐림,교차로 - 교차로안,승용,남,48세,상해없음,원동기,여,63세,경상
2015080800100528,2015년 8월 8일 18시,토요일,강원도 평창군 대관령면,중상사고,0,2,2,0,차대차 - 추돌 - 진행중,안전운전불이행,습기,비,단일로 - 기타,승용,기타불명,기타불명,기타불명,승용,남,35세,경상
2015080800100561,2015년 8월 8일 19시,토요일,강원도 철원군 동송읍,경상사고,0,0,1,0,차대차 - 추돌 - 진행중,안전운전불이행,건조,맑음,교차로 - 교차로부근,승용,남,45세,상해없음,승용,여,40세,경상
2015080800100562,2015년 8월 8일 19시,토요일,강원도 동해시 천곡동,중상사고,0,1,0,0,차대사람 - 길가장자리구역통행중,안전운전불이행,건조,맑음,단일로 - 기타,승용,여,43세,상해없음,보행자,여,34세,중상
2015080800100594,2015년 8월 8일 20시,토요일,강원도 춘천시 우두동,중상사고,0,1,0,0,차대차 - 측면직각충돌,신호위반,건조,맑음,교차로 - 교차로안,승용,남,48세,상해없음,이륜,남,17세,중상
2015080800100595,2015년 8월 8일 20시,토요일,강원도 삼척시 교동,중상사고,0,2,0,0,차대차 - 기타,안전운전불이행,건조,맑음,교차로 - 교차로안,승용,남,43세,상해없음,화물,남,61세,중상
2015080800100596,2015년 8월 8일 20시,토요일,강원도 영월군 한반도면,중상사고,0,2,1,0,차대차 - 기타,차로위반,건조,맑음,단일로 - 기타,승용,남,56세,상해없음,화물,남,63세,중상
2015080800100597,2015년 8월 8일 20시,토요일,강원도 태백시 황지동,중상사고,0,1,0,0,차대사람 - 횡단중,보행자보호의무위반,습기,비,단일로 - 횡단보도상,승용,남,24세,상해없음,보행자,남,75세,중상
2015080800100626,2015년 8월 8일 21시,토요일,강원도 강릉시 노암동,경상사고,0,0,1,0,차대차 - 기타,신호위반,건조,맑음,교차로 - 교차로안,기타불명,기타불명,기타불명,기타불명,자전거,남,26세,경상
2015080800100627,2015년 8월 8일 21시,토요일,강원도 화천군 화천읍,중상사고,0,1,0,0,차대사람 - 횡단중,안전운전불이행,건조,기타,교차로 - 교차로안,승합,남,37세,상해없음,보행자,남,20세,중상
2015080800100654,2015년 8월 8일 22시,토요일,강원도 춘천시 석사동,경상사고,0,0,1,0,차대차 - 측면직각충돌,안전운전불이행,건조,맑음,단일로 - 기타,승용,남,28세,상해없음,승용,여,40세,경상
2015080800100655,2015년 8월 8일 22시,토요일,강원도 춘천시 퇴계동,경상사고,0,0,1,0,차대차 - 측면직각충돌,안전운전불이행,건조,맑음,교차로 - 교차로부근,승용,여,28세,상해없음,승용,여,45세,경상
2015080800100656,2015년 8월 8일 22시,토요일,강원도 고성군 토성면,경상사고,0,0,3,0,차대차 - 추돌 - 주정차중,안전운전불이행,건조,맑음,단일로 - 기타,승용,여,46세,상해없음,승용,남,54세,경상
2015080800100657,2015년 8월 8일 22시,토요일,강원도 동해시 평릉동,중상사고,0,1,0,0,차대사람 - 횡단중,보행자보호의무위반,건조,맑음,교차로 - 교차로부근,이륜,남,18세,상해없음,보행자,여,55세,중상
2015080900100009,2015년 8월 9일 00시,일요일,강원도 춘천시 석사동,경상사고,0,0,3,0,차대차 - 측면직각충돌,안전운전불이행,건조,맑음,단일로 - 기타,승용,여,48세,상해없음,승용,남,55세,경상
2015080900100064,2015년 8월 9일 04시,일요일,강원도 양구군 양구읍,부상신고사고,0,0,0,1,차량단독 - 공작물충돌,안전운전불이행,건조,맑음,단일로 - 기타,화물,여,18세,부상신고,,,,
2015080900100088,2015년 8월 9일 06시,일요일,강원도 원주시 우산동,중상사고,0,1,0,0,차대차 - 측면직각충돌,안전운전불이행,건조,맑음,교차로 - 교차로부근,원동기,남,17세,상해없음,자전거,남,51세,중상
2015080900100140,2015년 8월 9일 10시,일요일,강원도 원주시 중앙동,경상사고,0,0,1,0,차대차 - 기타,교차로운행방법위반,건조,맑음,교차로 - 교차로안,승용,남,49세,상해없음,원동기,남,22세,경상
2015080900100166,2015년 8월 9일 11시,일요일,강원도 철원군 근남면,경상사고,0,0,1,0,차대차 - 측면직각충돌,교차로운행방법위반,건조,맑음,교차로 - 교차로안,승용,남,49세,상해없음,승합,남,60세,경상
2015080900100167,2015년 8월 9일 11시,일요일,강원도 춘천시 남면,경상사고,0,0,6,0,차대차 - 추돌 - 진행중,안전거리미확보,건조,맑음,기타 - 기타,승용,남,58세,경상,승용,남,28세,경상
2015080900100187,2015년 8월 9일 12시,일요일,강원도 춘천시 동면,사망사고,1,0,0,0,차량단독 - 공작물충돌,안전운전불이행,건조,맑음,단일로 - 기타,이륜,남,28세,사망,,,,
2015080900100188,2015년 8월 9일 12시,일요일,강원도 강릉시 포남동,경상사고,0,0,6,0,차대차 - 기타,안전운전불이행,건조,맑음,단일로 - 기타,승용,남,63세,상해없음,승용,남,48세,경상
2015080900100216,2015년 8월 9일 13시,일요일,강원도 강릉시 주문진읍,경상사고,0,0,3,0,차대차 - 기타,신호위반,건조,맑음,교차로 - 교차로안,승용,남,58세,상해없음,승용,남,48세,경상
2015080900100217,2015년 8월 9일 13시,일요일,강원도 양양군 현남면,경상사고,0,0,1,0,차대차 - 측면직각충돌,안전운전불이행,건조,맑음,단일로 - 기타,화물,남,59세,상해없음,승용,여,66세,경상
2015080900100243,2015년 8월 9일 14시,일요일,강원도 원주시 우산동,경상사고,0,0,3,0,차대차 - 측면직각충돌,교차로운행방법위반,건조,맑음,교차로 - 교차로안,승용,남,54세,상해없음,승용,여,49세,경상
2015080900100244,2015년 8월 9일 14시,일요일,강원도 원주시 반곡동,중상사고,0,1,0,0,차대차 - 측면직각충돌,중앙선침범,건조,맑음,단일로 - 기타,승용,남,32세,상해없음,승용,여,39세,중상
2015080900100245,2015년 8월 9일 14시,일요일,강원도 철원군 근남면,중상사고,0,1,2,0,차대차 - 측면직각충돌,교차로운행방법위반,건조,맑음,교차로 - 교차로안,승용,남,76세,상해없음,승용,남,57세,경상
2015080900100322,2015년 8월 9일 17시,일요일,강원도 원주시 개운동,경상사고,0,0,1,0,차대차 - 기타,차로위반,건조,맑음,단일로 - 기타,승용,여,50세,상해없음,승용,남,43세,상해없음
2015080900100323,2015년 8월 9일 17시,일요일,강원도 양양군 양양읍,경상사고,0,0,1,0,차대차 - 추돌 - 주정차중,안전운전불이행,건조,맑음,교차로 - 교차로안,원동기,남,69세,상해없음,이륜,남,90세 이상,경상
2015080900100324,2015년 8월 9일 17시,일요일,강원도 횡성군 둔내면,경상사고,0,0,1,0,차대차 - 측면직각충돌,안전운전불이행,건조,맑음,교차로 - 교차로안,승용,여,71세,경상,승용,여,44세,상해없음
2015080900100325,2015년 8월 9일 17시,일요일,강원도 동해시 이도동,중상사고,0,1,1,0,차대차 - 정면충돌,안전운전불이행,건조,맑음,교차로 - 교차로안,원동기,남,76세,상해없음,승용,여,56세,경상
2015080900100388,2015년 8월 9일 19시,일요일,강원도 원주시 학성동,경상사고,0,0,1,0,차대차 - 측면직각충돌,교차로운행방법위반,건조,맑음,교차로 - 교차로안,이륜,남,54세,경상,승합,남,67세,상해없음
2015080900100389,2015년 8월 9일 19시,일요일,강원도 횡성군 횡성읍,경상사고,0,0,1,0,차대사람 - 길가장자리구역통행중,안전운전불이행,건조,맑음,기타 - 기타,승용,남,52세,상해없음,보행자,남,23세,경상
2015080900100423,2015년 8월 9일 20시,일요일,강원도 원주시 소초면,사망사고,1,0,0,0,차대사람 - 차도통행중,안전운전불이행,건조,맑음,단일로 - 기타,승용,남,25세,상해없음,보행자,남,48세,사망
2015080900100424,2015년 8월 9일 20시,일요일,강원도 양양군 강현면,경상사고,0,0,1,0,차대차 - 측면직각충돌,교차로운행방법위반,건조,맑음,교차로 - 교차로안,승용,남,66세,상해없음,승용,남,31세,상해없음
2015080900100425,2015년 8월 9일 20시,일요일,강원도 홍천군 홍천읍,중상사고,0,1,0,0,차대사람 - 길가장자리구역통행중,안전운전불이행,건조,맑음,단일로 - 기타,이륜,남,57세,상해없음,보행자,여,83세,중상
2015080900100457,2015년 8월 9일 21시,일요일,강원도 강릉시 교동,중상사고,0,1,0,0,차대사람 - 횡단중,안전운전불이행,건조,맑음,단일로 - 기타,승합,남,35세,상해없음,보행자,여,35세,중상
2015080900100458,2015년 8월 9일 21시,일요일,강원도 속초시 교동,경상사고,0,0,1,0,차대차 - 측면직각충돌,신호위반,건조,맑음,교차로 - 교차로안,원동기,남,44세,상해없음,승용,남,45세,경상
2015080900100459,2015년 8월 9일 21시,일요일,강원도 삼척시 원덕읍,경상사고,0,0,1,0,차대사람 - 횡단중,안전운전불이행,건조,맑음,교차로 - 교차로안,승용,남,48세,상해없음,보행자,남,53세,경상
2015080900100503,2015년 8월 9일 23시,일요일,강원도 강릉시 교동,경상사고,0,0,1,0,차대차 - 추돌 - 주정차중,안전운전불이행,건조,맑음,단일로 - 기타,승용,남,64세,상해없음,승용,남,44세,경상
2015081000100043,2015년 8월 10일 04시,월요일,강원도 춘천시 후평동,중상사고,0,1,0,0,차대사람 - 기타,안전운전불이행,건조,맑음,단일로 - 기타,기타불명,기타불명,기타불명,기타불명,보행자,여,69세,중상
2015081000100060,2015년 8월 10일 06시,월요일,강원도 춘천시 후평동,경상사고,0,0,3,0,차대차 - 측면직각충돌,교차로운행방법위반,건조,맑음,교차로 - 교차로안,승용,남,56세,상해없음,승용,남,70세,경상
2015081000100079,2015년 8월 10일 07시,월요일,강원도 태백시 황지동,경상사고,0,0,1,0,차대사람 - 기타,안전운전불이행,건조,맑음,단일로 - 기타,승용,남,31세,상해없음,보행자,여,67세,경상
2015081000100080,2015년 8월 10일 07시,월요일,강원도 태백시 화전동,중상사고,0,1,0,0,차량단독 - 공작물충돌,안전운전불이행,건조,맑음,단일로 - 기타,화물,남,47세,상해없음,,,,
2015081000100081,2015년 8월 10일 07시,월요일,강원도 동해시 나안동,경상사고,0,0,1,0,차대차 - 추돌 - 주정차중,안전거리미확보,건조,맑음,단일로 - 기타,승용,남,29세,상해없음,승용,남,50세,경상
2015081000100136,2015년 8월 10일 09시,월요일,강원도 속초시 청호동,중상사고,0,1,1,0,차대차 - 측면직각충돌,직진우회전진행방해,건조,맑음,교차로 - 교차로안,승용,남,43세,상해없음,승용,여,35세,중상
2015081000100137,2015년 8월 10일 09시,월요일,강원도 영월군 영월읍,중상사고,0,1,1,0,차대차 - 측면직각충돌,교차로운행방법위반,건조,맑음,교차로 - 교차로안,승용,여,54세,상해없음,승용,남,58세,경상
2015081000100168,2015년 8월 10일 10시,월요일,강원도 춘천시 소양로1가,경상사고,0,0,1,0,차대차 - 측면직각충돌,안전운전불이행,건조,맑음,교차로 - 교차로부근,승용,남,66세,상해없음,승용,남,49세,경상
2015081000100169,2015년 8월 10일 10시,월요일,강원도 춘천시 신북읍,경상사고,0,0,1,0,차대차 - 측면직각충돌,교차로운행방법위반,건조,맑음,교차로 - 교차로안,승용,여,44세,상해없음,승용,남,35세,경상
2015081000100170,2015년 8월 10일 10시,월요일,강원도 평창군 평창읍,경상사고,0,0,1,0,차대차 - 측면직각충돌,중앙선침범,건조,맑음,단일로 - 기타,승용,남,73세,상해없음,승용,여,32세,경상
2015081000100200,2015년 8월 10일 11시,월요일,강원도 춘천시 동내면,경상사고,0,0,4,0,차대차 - 측면직각충돌,안전운전불이행,건조,맑음,교차로 - 교차로안,화물,남,30세,경상,승용,여,56세,경상
2015081000100201,2015년 8월 10일 11시,월요일,강원도 동해시 송정동,경상사고,0,0,3,0,차대차 - 추돌 - 진행중,안전거리미확보,건조,맑음,교차로 - 교차로부근,건설기계,남,57세,상해없음,승용,남,28세,경상
2015081000100231,2015년 8월 10일 12시,월요일,강원도 강릉시 교동,경상사고,0,0,1,0,차대차 - 측면직각충돌,신호위반,건조,맑음,교차로 - 교차로안,승합,남,32세,상해없음,이륜,남,77세,경상
2015081000100232,2015년 8월 10일 12시,월요일,강원도 속초시 조양동,중상사고,0,2,3,0,차대차 - 추돌 - 주정차중,안전운전불이행,건조,맑음,단일로 - 기타,승용,여,38세,상해없음,승용,남,35세,경상
2015081000100233,2015년 8월 10일 12시,월요일,강원도 속초시 청호동,경상사고,0,0,1,0,차대차 - 측면직각충돌,직진우회전진행방해,건조,맑음,교차로 - 교차로안,승용,남,60세,상해없음,승용,여,53세,경상
2015081000100234,2015년 8월 10일 12시,월요일,강원도 양양군 서면,중상사고,0,1,3,0,차대차 - 측면직각충돌,중앙선침범,건조,맑음,단일로 - 기타,화물,남,57세,경상,승용,여,53세,경상
2015081000100235,2015년 8월 10일 12시,월요일,강원도 원주시 신림면,경상사고,0,0,4,0,차대차 - 측면직각충돌,안전운전불이행,건조,맑음,기타 - 기타,승용,여,20세,경상,승용,남,51세,경상
2015081000100236,2015년 8월 10일 12시,월요일,강원도 횡성군 둔내면,중상사고,0,2,8,0,차대차 - 추돌 - 진행중,안전거리미확보,건조,맑음,기타 - 기타,승용,남,41세,경상,승용,남,38세,경상
2015081000100279,2015년 8월 10일 13시,월요일,강원도 춘천시 동내면,중상사고,0,2,0,0,차대차 - 측면직각충돌,교차로운행방법위반,건조,맑음,교차로 - 교차로안,승용,여,38세,상해없음,승용,여,54세,중상
2015081000100280,2015년 8월 10일 13시,월요일,강원도 춘천시 교동,경상사고,0,0,1,0,차대차 - 측면직각충돌,교차로운행방법위반,건조,맑음,교차로 - 교차로안,승용,남,32세,상해없음,원동기,남,36세,경상
2015081000100281,2015년 8월 10일 13시,월요일,강원도 삼척시 정하동,경상사고,0,0,2,0,차대차 - 기타,안전거리미확보,건조,맑음,교차로 - 교차로부근,건설기계,남,57세,상해없음,승용,남,26세,경상
2015081000100320,2015년 8월 10일 14시,월요일,강원도 원주시 단구동,경상사고,0,0,1,0,차대차 - 측면직각충돌,교차로운행방법위반,건조,맑음,교차로 - 교차로안,화물,남,22세,상해없음,승용,여,50세,경상
2015081000100321,2015년 8월 10일 14시,월요일,강원도 삼척시 도계읍,중상사고,0,1,1,0,차대차 - 기타,중앙선침범,건조,흐림,교차로 - 교차로부근,건설기계,남,68세,중상,건설기계,남,49세,경상
2015081000100322,2015년 8월 10일 14시,월요일,강원도 횡성군 둔내면,경상사고,0,0,4,0,차대차 - 추돌 - 진행중,안전거리미확보,건조,맑음,기타 - 기타,승용,남,19세,상해없음,승용,남,30세,경상
2015081000100323,2015년 8월 10일 14시,월요일,강원도 횡성군 둔내면,경상사고,0,0,2,0,차대차 - 추돌 - 진행중,안전거리미확보,건조,맑음,기타 - 기타,승용,남,57세,상해없음,승용,남,18세,상해없음
2015081000100362,2015년 8월 10일 15시,월요일,강원도 원주시 단계동,경상사고,0,0,1,0,차대차 - 추돌 - 진행중,안전운전불이행,건조,맑음,교차로 - 교차로안,승용,남,21세,상해없음,승용,여,31세,경상
2015081000100363,2015년 8월 10일 15시,월요일,강원도 삼척시 갈천동,경상사고,0,0,1,0,차대차 - 기타,안전운전불이행,건조,맑음,교차로 - 교차로안,건설기계,남,54세,상해없음,승용,남,40세,경상
2015081000100405,2015년 8월 10일 16시,월요일,강원도 강릉시 교동,경상사고,0,0,2,0,차대차 - 기타,안전운전불이행,건조,맑음,단일로 - 기타,승용,여,54세,상해없음,화물,남,35세,경상
2015081000100446,2015년 8월 10일 17시,월요일,강원도 강릉시 포남동,부상신고사고,0,0,0,2,차대차 - 기타,안전운전불이행,건조,맑음,교차로 - 교차로부근,승용,남,73세,상해없음,승용,여,39세,부상신고
2015081000100447,2015년 8월 10일 17시,월요일,강원도 인제군 북면,중상사고,0,1,0,0,차대사람 - 횡단중,안전운전불이행,건조,맑음,교차로 - 교차로부근,승용,여,41세,상해없음,보행자,남,18세,중상
2015081000100483,2015년 8월 10일 18시,월요일,강원도 동해시 용정동,중상사고,0,1,5,0,차대차 - 추돌 - 주정차중,안전거리미확보,건조,맑음,단일로 - 기타,화물,남,40세,상해없음,승용,남,40세,경상
2015081000100530,2015년 8월 10일 19시,월요일,강원도 원주시 호저면,경상사고,0,0,1,0,차대차 - 측면직각충돌,교차로운행방법위반,건조,맑음,교차로 - 교차로안,화물,남,74세,상해없음,승합,남,53세,경상
2015081000100531,2015년 8월 10일 19시,월요일,강원도 정선군 남면,경상사고,0,0,2,0,차량단독 - 전도전복,안전운전불이행,기타,맑음,단일로 - 기타,이륜,남,24세,경상,,,,
2015081000100532,2015년 8월 10일 19시,월요일,강원도 정선군 남면,중상사고,0,1,0,0,차량단독 - 전도전복,안전운전불이행,기타,맑음,단일로 - 기타,이륜,남,32세,중상,,,,
2015081000100661,2015년 8월 10일 23시,월요일,강원도 춘천시 퇴계동,경상사고,0,0,2,0,차대차 - 기타,안전운전불이행,건조,맑음,교차로 - 교차로부근,승용,여,29세,상해없음,승용,남,37세,경상
2015081100100029,2015년 8월 11일 01시,화요일,강원도 강릉시 성산면,경상사고,0,0,2,0,차대차 - 추돌 - 주정차중,안전운전불이행,건조,맑음,단일로 - 기타,승용,남,33세,상해없음,승용,여,41세,경상
2015081100100041,2015년 8월 11일 03시,화요일,강원도 강릉시 성남동,중상사고,0,1,0,0,차량단독 - 공작물충돌,안전운전불이행,건조,맑음,교차로 - 교차로부근,이륜,남,16세,상해없음,,,,
2015081100100042,2015년 8월 11일 03시,화요일,강원도 홍천군 두촌면,경상사고,0,0,1,0,차량단독 - 공작물충돌,안전운전불이행,건조,맑음,단일로 - 기타,승용,남,33세,상해없음,,,,
2015081100100060,2015년 8월 11일 05시,화요일,강원도 정선군 신동읍,중상사고,0,1,0,0,차대사람 - 차도통행중,안전운전불이행,기타,안개,단일로 - 기타,화물,남,65세,상해없음,보행자,여,78세,중상
2015081100100122,2015년 8월 11일 08시,화요일,강원도 춘천시 소양로1가,경상사고,0,0,1,1,차대차 - 추돌 - 진행중,안전운전불이행,건조,맑음,단일로 - 교량,승용,남,67세,상해없음,승용,여,33세,부상신고
2015081100100123,2015년 8월 11일 08시,화요일,강원도 원주시 명륜동,경상사고,0,0,2,0,차대차 - 추돌 - 주정차중,안전거리미확보,건조,맑음,교차로 - 교차로부근,승용,남,57세,경상,승용,남,54세,경상
2015081100100150,2015년 8월 11일 09시,화요일,강원도 평창군 평창읍,중상사고,0,1,0,0,차대사람 - 보도통행중,중앙선침범,건조,맑음,단일로 - 기타,화물,남,71세,상해없음,보행자,남,60세,중상
2015081100100183,2015년 8월 11일 10시,화요일,강원도 원주시 소초면,경상사고,0,0,1,0,차대차 - 측면직각충돌,안전운전불이행,건조,맑음,교차로 - 교차로안,승합,남,68세,상해없음,승용,여,56세,경상