사고번호,사고일시,요일,시군구,사고내용,사망자수,중상자수,경상자수,부상신고자수,사고유형,법규위반,노면상태,기상상태,도로형태,가해운전자 차종,가해운전자 성별,가해운전자 연령,가해운전자 상해정도,피해운전자 차종,피해운전자 성별,피해운전자 연령,피해운전자 상해정도
2015081600100084,2015년 8월 16일 06시,일요일,강원도 원주시 문막읍,경상사고,0,0,1,0,차대차 - 측면직각충돌,교차로운행방법위반,건조,맑음,교차로 - 교차로안,승용,여,34세,상해없음,화물,남,55세,경상
2015081600100085,2015년 8월 16일 06시,일요일,강원도 평창군 대관령면,중상사고,0,2,0,2,차대차 - 측면직각충돌,안전운전불이행,건조,맑음,교차로 - 교차로안,승용,여,39세,상해없음,승용,남,63세,부상신고
2015081600100126,2015년 8월 16일 09시,일요일,강원도 원주시 지정면,경상사고,0,0,1,0,차대차 - 측면직각충돌,신호위반,습기,비,교차로 - 교차로안,승용,여,38세,상해없음,승용,여,29세,경상
2015081600100127,2015년 8월 16일 09시,일요일,강원도 삼척시 근덕면,중상사고,0,1,0,0,차대사람 - 기타,안전운전불이행,건조,맑음,교차로 - 교차로부근,승용,남,37세,상해없음,보행자,여,7세,중상
2015081600100145,2015년 8월 16일 10시,일요일,강원도 속초시 노학동,경상사고,0,0,2,0,차대차 - 측면직각충돌,안전운전불이행,건조,맑음,단일로 - 기타,건설기계,남,46세,상해없음,승용,남,56세,경상
2015081600100167,2015년 8월 16일 11시,일요일,강원도 고성군 토성면,경상사고,0,0,1,0,차대차 - 추돌 - 진행중,안전운전불이행,건조,맑음,교차로 - 교차로부근,승용,남,43세,상해없음,승용,남,39세,경상
2015081600100187,2015년 8월 16일 12시,일요일,강원도 영월군 남면,중상사고,0,2,2,2,차대차 - 추돌 - 진행중,안전운전불이행,건조,맑음,단일로 - 기타,승용,남,47세,상해없음,승용,여,42세,경상
2015081600100221,2015년 8월 16일 13시,일요일,강원도 강릉시 포남동,경상사고,0,0,1,0,차대사람 - 횡단중,안전운전불이행,건조,맑음,단일로 - 기타,승용,남,71세,상해없음,보행자,여,5세,경상
2015081600100222,2015년 8월 16일 13시,일요일,강원도 정선군 신동읍,경상사고,0,0,2,0,차대차 - 기타,중앙선침범,건조,흐림,단일로 - 기타,승용,남,55세,상해없음,승용,남,33세,경상
2015081600100223,2015년 8월 16일 13시,일요일,강원도 인제군 인제읍,경상사고,0,0,2,0,차대차 - 추돌 - 진행중,안전운전불이행,건조,맑음,단일로 - 기타,원동기,남,18세,경상,승용,남,36세,상해없음
2015081600100258,2015년 8월 16일 14시,일요일,강원도 강릉시 주문진읍,중상사고,0,1,0,0,차대차 - 정면충돌,안전운전불이행,건조,맑음,단일로 - 기타,화물,남,57세,상해없음,자전거,남,36세,중상
2015081600100259,2015년 8월 16일 14시,일요일,강원도 원주시 부론면,경상사고,0,0,2,0,차대차 - 정면충돌,안전운전불이행,건조,맑음,단일로 - 기타,화물,남,69세,경상,승합,남,32세,경상
2015081600100291,2015년 8월 16일 15시,일요일,강원도 춘천시 서면,경상사고,0,0,1,0,차대차 - 정면충돌,안전운전불이행,건조,맑음,단일로 - 기타,승용,남,37세,상해없음,승용,남,34세,경상
2015081600100292,2015년 8월 16일 15시,일요일,강원도 춘천시 우두동,중상사고,0,1,0,0,차대차 - 측면직각충돌,안전운전불이행,건조,맑음,단일로 - 기타,승용,여,71세,상해없음,승용,여,44세,중상
2015081600100325,2015년 8월 16일 16시,일요일,강원도 춘천시 서면,부상신고사고,0,0,0,1,차대차 - 측면직각충돌,안전운전불이행,건조,맑음,교차로 - 교차로안,승용,남,31세,상해없음,승용,남,23세,부상신고
2015081600100358,2015년 8월 16일 17시,일요일,강원도 강릉시 왕산면,중상사고,0,1,0,0,차량단독 - 공작물충돌,안전운전불이행,건조,흐림,단일로 - 기타,승용,남,41세,상해없음,,,,
2015081600100359,2015년 8월 16일 17시,일요일,강원도 원주시 무실동,경상사고,0,0,1,0,차대차 - 측면직각충돌,직진우회전진행방해,건조,맑음,교차로 - 교차로안,승용,남,55세,상해없음,이륜,남,23세,경상
2015081600100360,2015년 8월 16일 17시,일요일,강원도 속초시 교동,부상신고사고,0,0,0,1,차대차 - 측면직각충돌,교차로운행방법위반,습기,흐림,교차로 - 교차로안,승용,남,55세,상해없음,이륜,남,21세,부상신고
2015081600100399,2015년 8월 16일 18시,일요일,강원도 춘천시 후평동,경상사고,0,0,4,0,차대차 - 추돌 - 진행중,안전운전불이행,건조,맑음,단일로 - 기타,승용,남,48세,상해없음,승용,남,59세,경상
2015081600100400,2015년 8월 16일 18시,일요일,강원도 춘천시 퇴계동,경상사고,0,0,2,0,차대차 - 추돌 - 주정차중,안전운전불이행,건조,맑음,교차로 - 교차로부근,승용,남,55세,상해없음,승용,여,55세,경상
2015081600100401,2015년 8월 16일 18시,일요일,강원도 원주시 단계동,경상사고,0,0,1,0,차대차 - 추돌 - 진행중,안전운전불이행,건조,맑음,교차로 - 교차로부근,승용,남,30세,상해없음,승용,여,23세,경상
2015081600100402,2015년 8월 16일 18시,일요일,강원도 횡성군 둔내면,경상사고,0,0,1,0,차대차 - 측면직각충돌,안전운전불이행,습기,비,교차로 - 교차로안,승용,여,58세,상해없음,승용,여,50세,경상
2015081600100583,2015년 8월 16일 23시,일요일,강원도 원주시 판부면,경상사고,0,0,4,0,차대차 - 측면직각충돌,신호위반,건조,맑음,교차로 - 교차로안,이륜,남,17세,경상,승용,여,33세,경상
2015081700100010,2015년 8월 17일 00시,월요일,강원도 홍천군 홍천읍,중상사고,0,1,0,0,차량단독 - 공작물충돌,안전운전불이행,습기,흐림,단일로 - 기타,화물,남,22세,중상,,,,
2015081700100023,2015년 8월 17일 02시,월요일,강원도 원주시 학성동,경상사고,0,0,2,0,차대차 - 측면직각충돌,안전운전불이행,습기,맑음,교차로 - 교차로안,승용,남,30세,상해없음,승용,남,33세,경상
2015081700100072,2015년 8월 17일 07시,월요일,강원도 원주시 문막읍,경상사고,0,0,1,0,차대차 - 측면직각충돌,안전거리미확보,건조,맑음,단일로 - 기타,승용,여,72세,상해없음,승합,남,20세,경상
2015081700100105,2015년 8월 17일 08시,월요일,강원도 동해시 발한동,경상사고,0,0,3,0,차대차 - 추돌 - 주정차중,안전거리미확보,건조,맑음,단일로 - 기타,승용,여,65세,상해없음,화물,남,53세,경상
2015081700100135,2015년 8월 17일 09시,월요일,강원도 홍천군 서면,중상사고,0,1,0,0,차량단독 - 기타,기타,건조,맑음,단일로 - 기타,승합,남,43세,상해없음,,,,
2015081700100170,2015년 8월 17일 10시,월요일,강원도 춘천시 신동면,경상사고,0,0,1,2,차대차 - 측면직각충돌,신호위반,건조,맑음,교차로 - 교차로안,승용,여,52세,상해없음,승용,남,29세,경상
2015081700100171,2015년 8월 17일 10시,월요일,강원도 원주시 문막읍,중상사고,0,1,0,0,차대사람 - 횡단중,신호위반,건조,맑음,단일로 - 횡단보도상,화물,남,66세,상해없음,보행자,남,73세,중상
2015081700100172,2015년 8월 17일 10시,월요일,강원도 원주시 관설동,중상사고,0,1,0,0,차대사람 - 기타,안전운전불이행,건조,맑음,단일로 - 기타,승합,남,62세,상해없음,보행자,여,80세,중상
2015081700100173,2015년 8월 17일 10시,월요일,강원도 원주시 문막읍,중상사고,0,1,1,0,차대차 - 추돌 - 진행중,차로위반,건조,맑음,단일로 - 기타,이륜,남,62세,경상,승합,여,31세,상해없음
2015081700100211,2015년 8월 17일 11시,월요일,강원도 원주시 단구동,경상사고,0,0,1,0,차대차 - 측면직각충돌,안전운전불이행,건조,맑음,단일로 - 기타,승용,남,50세,상해없음,승용,여,49세,경상
2015081700100212,2015년 8월 17일 11시,월요일,강원도 홍천군 홍천읍,경상사고,0,0,1,0,차대차 - 기타,안전운전불이행,건조,맑음,단일로 - 기타,승용,남,34세,경상,화물,남,56세,상해없음
2015081700100256,2015년 8월 17일 12시,월요일,강원도 춘천시 소양로3가,경상사고,0,0,1,0,차대차 - 추돌 - 주정차중,안전운전불이행,건조,맑음,교차로 - 교차로부근,화물,남,48세,상해없음,승용,여,51세,경상
2015081700100257,2015년 8월 17일 12시,월요일,강원도 춘천시 효자동,경상사고,0,0,1,2,차대차 - 측면직각충돌,교차로운행방법위반,건조,맑음,교차로 - 교차로안,승용,여,49세,상해없음,승용,남,67세,경상
2015081700100293,2015년 8월 17일 13시,월요일,강원도 속초시 노학동,중상사고,0,1,1,0,차대차 - 측면직각충돌,안전운전불이행,건조,맑음,단일로 - 기타,승용,남,58세,상해없음,승용,남,36세,경상
2015081700100328,2015년 8월 17일 14시,월요일,강원도 춘천시 석사동,경상사고,0,0,2,0,차대차 - 추돌 - 주정차중,안전거리미확보,건조,맑음,단일로 - 기타,승용,남,70세,상해없음,화물,남,46세,경상
2015081700100329,2015년 8월 17일 14시,월요일,강원도 홍천군 홍천읍,중상사고,0,1,0,0,차대차 - 추돌 - 진행중,중앙선침범,건조,맑음,단일로 - 기타,이륜,남,47세,중상,승용,남,40세,상해없음
2015081700100330,2015년 8월 17일 14시,월요일,강원도 고성군 간성읍,경상사고,0,0,1,0,차대사람 - 기타,안전운전불이행,건조,맑음,단일로 - 기타,승용,여,39세,상해없음,보행자,여,37세,경상
2015081700100366,2015년 8월 17일 15시,월요일,강원도 원주시 문막읍,중상사고,0,1,2,0,차대차 - 기타,교차로운행방법위반,건조,맑음,교차로 - 교차로안,승용,남,44세,상해없음,승용,여,38세,경상
2015081700100367,2015년 8월 17일 15시,월요일,강원도 원주시 개운동,경상사고,0,0,1,0,차대차 - 측면직각충돌,안전운전불이행,건조,맑음,교차로 - 교차로부근,승용,남,52세,상해없음,자전거,남,25세,경상
2015081700100368,2015년 8월 17일 15시,월요일,강원도 속초시 교동,경상사고,0,0,1,0,차대사람 - 기타,안전운전불이행,건조,맑음,단일로 - 기타,승용,남,60세,상해없음,보행자,여,33세,경상
2015081700100369,2015년 8월 17일 15시,월요일,강원도 홍천군 내면,경상사고,0,0,1,0,차량단독 - 공작물충돌,안전운전불이행,건조,맑음,단일로 - 기타,승용,여,61세,상해없음,,,,
2015081700100419,2015년 8월 17일 16시,월요일,강원도 춘천시 석사동,경상사고,0,0,1,0,차대차 - 측면직각충돌,안전운전불이행,건조,맑음,단일로 - 기타,승용,여,45세,상해없음,원동기,남,80세,경상
2015081700100420,2015년 8월 17일 16시,월요일,강원도 춘천시 석사동,경상사고,0,0,2,0,차대차 - 추돌 - 주정차중,안전운전불이행,건조,맑음,단일로 - 기타,승용,남,64세,상해없음,승용,여,33세,경상
2015081700100421,2015년 8월 17일 16시,월요일,강원도 철원군 동송읍,중상사고,0,1,0,0,차대사람 - 횡단중,안전운전불이행,건조,맑음,단일로 - 기타,승용,여,47세,상해없음,보행자,여,74세,중상
2015081700100459,2015년 8월 17일 17시,월요일,강원도 춘천시 효자동,경상사고,0,0,1,0,차대차 - 추돌 - 주정차중,안전운전불이행,건조,맑음,단일로 - 기타,승합,남,63세,상해없음,원동기,남,44세,경상
2015081700100460,2015년 8월 17일 17시,월요일,강원도 원주시 단구동,경상사고,0,0,2,0,차대차 - 추돌 - 주정차중,안전거리미확보,건조,맑음,교차로 - 교차로부근,특수,남,47세,상해없음,승합,여,34세,경상
2015081700100461,2015년 8월 17일 17시,월요일,강원도 속초시 청호동,중상사고,0,1,1,0,차대차 - 추돌 - 진행중,안전운전불이행,건조,맑음,단일로 - 기타,승용,남,19세,상해없음,승용,남,37세,중상
2015081700100462,2015년 8월 17일 17시,월요일,강원도 삼척시 근덕면,경상사고,0,0,2,0,차대차 - 측면직각충돌,중앙선침범,건조,맑음,단일로 - 기타,승합,남,66세,상해없음,승용,남,60세,경상
2015081700100463,2015년 8월 17일 17시,월요일,강원도 양구군 양구읍,경상사고,0,0,1,0,차대차 - 추돌 - 주정차중,안전운전불이행,건조,맑음,단일로 - 기타,승용,남,47세,상해없음,승용,여,38세,경상
2015081700100517,2015년 8월 17일 18시,월요일,강원도 삼척시 원덕읍,경상사고,0,0,1,0,차대차 - 측면직각충돌,안전운전불이행,건조,맑음,교차로 - 교차로부근,승합,남,58세,상해없음,승용,남,45세,경상
2015081700100518,2015년 8월 17일 18시,월요일,강원도 동해시 나안동,경상사고,0,0,1,0,차대차 - 측면직각충돌,안전운전불이행,건조,맑음,단일로 - 기타,화물,남,32세,상해없음,승용,남,49세,경상
2015081700100616,2015년 8월 17일 20시,월요일,강원도 속초시 조양동,중상사고,0,2,0,0,차대차 - 측면직각충돌,안전운전불이행,습기,비,교차로 - 교차로안,승용,남,62세,상해없음,승용,남,39세,중상
2015081700100645,2015년 8월 17일 21시,월요일,강원도 속초시 영랑동,중상사고,0,1,0,0,차대사람 - 차도통행중,안전운전불이행,건조,맑음,단일로 - 기타,승용,남,41세,상해없음,보행자,남,63세,중상
2015081700100707,2015년 8월 17일 23시,월요일,강원도 인제군 북면,사망사고,1,1,0,0,차량단독 - 기타,안전운전불이행,건조,맑음,단일로 - 기타,승용,남,60세,중상,,,,
2015081800100006,2015년 8월 18일 00시,화요일,강원도 춘천시 운교동,중상사고,0,1,0,0,차대사람 - 횡단중,보행자보호의무위반,건조,맑음,단일로 - 횡단보도상,승용,남,29세,상해없음,보행자,남,55세,중상
2015081800100133,2015년 8월 18일 08시,화요일,강원도 원주시 문막읍,경상사고,0,0,1,0,차대차 - 측면직각충돌,교차로운행방법위반,건조,맑음,교차로 - 교차로안,승용,남,56세,상해없음,승용,여,50세,경상
2015081800100173,2015년 8월 18일 09시,화요일,강원도 춘천시 동면,경상사고,0,0,1,0,차대차 - 추돌 - 주정차중,안전운전불이행,건조,맑음,교차로 - 교차로부근,승용,남,49세,상해없음,승용,여,55세,경상
2015081800100174,2015년 8월 18일 09시,화요일,강원도 춘천시 소양로2가,경상사고,0,0,1,0,차대차 - 측면직각충돌,차로위반,건조,맑음,단일로 - 기타,승용,남,33세,상해없음,승합,남,51세,기타불명
2015081800100175,2015년 8월 18일 09시,화요일,강원도 홍천군 화촌면,경상사고,0,0,4,0,차대차 - 추돌 - 진행중,안전거리미확보,건조,맑음,기타 - 기타,승합,남,56세,상해없음,승용,남,48세,경상
2015081800100207,2015년 8월 18일 10시,화요일,강원도 춘천시 석사동,경상사고,0,0,1,0,차대사람 - 횡단중,신호위반,건조,맑음,단일로 - 기타,승용,여,64세,상해없음,보행자,남,9세,경상
2015081800100239,2015년 8월 18일 11시,화요일,강원도 원주시 부론면,경상사고,0,0,1,0,차대차 - 측면직각충돌,안전운전불이행,건조,맑음,단일로 - 기타,이륜,남,63세,경상,승용,남,59세,상해없음
2015081800100240,2015년 8월 18일 11시,화요일,강원도 원주시 평원동,경상사고,0,0,1,0,차대차 - 기타,안전운전불이행,건조,맑음,교차로 - 교차로부근,승용,여,46세,상해없음,자전거,남,85세,경상
2015081800100268,2015년 8월 18일 12시,화요일,강원도 춘천시 퇴계동,경상사고,0,0,1,0,차대차 - 측면직각충돌,신호위반,건조,맑음,교차로 - 교차로안,승용,남,37세,상해없음,승합,남,52세,경상
2015081800100269,2015년 8월 18일 12시,화요일,강원도 홍천군 홍천읍,중상사고,0,1,1,0,차대차 - 추돌 - 진행중,안전운전불이행,건조,맑음,단일로 - 기타,화물,남,48세,상해없음,승용,남,75세,중상
2015081800100270,2015년 8월 18일 12시,화요일,강원도 인제군 남면,중상사고,0,2,0,0,차량단독 - 공작물충돌,안전운전불이행,건조,맑음,단일로 - 기타,승용,여,24세,중상,,,,
2015081800100271,2015년 8월 18일 12시,화요일,강원도 동해시 천곡동,중상사고,0,1,0,0,차대차 - 추돌 - 진행중,안전운전불이행,건조,맑음,단일로 - 기타,이륜,남,67세,중상,승용,여,68세,상해없음
2015081800100344,2015년 8월 18일 14시,화요일,강원도 원주시 문막읍,중상사고,0,1,0,0,차대차 - 추돌 - 진행중,안전거리미확보,건조,맑음,교차로 - 교차로부근,승용,남,55세,상해없음,승합,여,29세,중상
2015081800100345,2015년 8월 18일 14시,화요일,강원도 태백시 황지동,경상사고,0,0,1,0,차대차 - 추돌 - 주정차중,안전운전불이행,건조,맑음,단일로 - 기타,화물,남,60세,상해없음,승용,여,46세,경상
2015081800100346,2015년 8월 18일 14시,화요일,강원도 동해시 발한동,중상사고,0,1,0,0,차대차 - 측면직각충돌,교차로운행방법위반,건조,맑음,교차로 - 교차로안,승용,여,39세,상해없음,이륜,남,51세,중상
2015081800100380,2015년 8월 18일 15시,화요일,강원도 원주시 우산동,경상사고,0,0,1,0,차대차 - 측면직각충돌,안전운전불이행,건조,맑음,교차로 - 교차로안,화물,남,63세,상해없음,승용,여,58세,경상
2015081800100381,2015년 8월 18일 15시,화요일,강원도 원주시 우산동,중상사고,0,1,0,0,차대차 - 측면직각충돌,안전운전불이행,건조,맑음,단일로 - 기타,건설기계,남,50세,기타불명,승용,여,35세,중상
2015081800100411,2015년 8월 18일 16시,화요일,강원도 원주시 우산동,경상사고,0,0,1,0,차대차 - 측면직각충돌,교차로운행방법위반,건조,맑음,교차로 - 교차로안,승용,여,40세,상해없음,이륜,남,46세,경상
2015081800100412,2015년 8월 18일 16시,화요일,강원도 속초시 중앙동,경상사고,0,0,1,0,차대차 - 추돌 - 주정차중,안전운전불이행,건조,맑음,기타 - 기타,승용,남,56세,상해없음,승용,여,59세,경상
2015081800100413,2015년 8월 18일 16시,화요일,강원도 원주시 부론면,경상사고,0,0,4,0,차대차 - 추돌 - 진행중,안전거리미확보,건조,맑음,기타 - 기타,승용,여,52세,상해없음,승용,남,30세,경상
2015081800100450,2015년 8월 18일 17시,화요일,강원도 춘천시 근화동,경상사고,0,0,1,0,차대사람 - 횡단중,보행자보호의무위반,건조,맑음,교차로 - 교차로부근,승용,여,54세,상해없음,보행자,여,10세,경상
2015081800100451,2015년 8월 18일 17시,화요일,강원도 강릉시 홍제동,경상사고,0,0,1,0,차량단독 - 전도전복,안전운전불이행,건조,맑음,단일로 - 기타,이륜,남,58세,경상,,,,
2015081800100452,2015년 8월 18일 17시,화요일,강원도 원주시 중앙동,중상사고,0,3,2,0,차대차 - 추돌 - 진행중,안전운전불이행,건조,맑음,교차로 - 교차로안,화물,남,61세,상해없음,승용,남,50세,중상
2015081800100492,2015년 8월 18일 18시,화요일,강원도 원주시 무실동,경상사고,0,0,1,0,차대차 - 정면충돌,교차로운행방법위반,건조,맑음,교차로 - 교차로안,승용,여,32세,상해없음,승용,여,46세,경상
2015081800100530,2015년 8월 18일 19시,화요일,강원도 원주시 개운동,경상사고,0,0,1,0,차대차 - 측면직각충돌,안전운전불이행,건조,맑음,단일로 - 기타,화물,남,66세,상해없음,승용,남,62세,상해없음
2015081800100559,2015년 8월 18일 20시,화요일,강원도 원주시 단계동,경상사고,0,0,1,0,차대차 - 기타,안전운전불이행,건조,맑음,단일로 - 기타,기타불명,기타불명,기타불명,기타불명,원동기,남,60세,경상
2015081800100560,2015년 8월 18일 20시,화요일,강원도 양양군 양양읍,중상사고,0,1,1,0,차대차 - 추돌 - 진행중,안전운전불이행,건조,맑음,단일로 - 기타,승용,남,42세,상해없음,승용,남,62세,경상
2015081800100611,2015년 8월 18일 22시,화요일,강원도 원주시 문막읍,경상사고,0,0,1,0,차대차 - 추돌 - 주정차중,안전운전불이행,건조,맑음,교차로 - 교차로부근,승용,남,41세,상해없음,승용,남,49세,경상
2015081800100637,2015년 8월 18일 23시,화요일,강원도 춘천시 조양동,중상사고,0,1,0,0,차대사람 - 횡단중,보행자보호의무위반,건조,맑음,단일로 - 횡단보도상,승용,남,57세,상해없음,보행자,여,54세,중상
2015081900100009,2015년 8월 19일 00시,수요일,강원도 화천군 간동면,경상사고,0,0,1,0,차대차 - 추돌 - 주정차중,안전운전불이행,건조,맑음,교차로 - 교차로안,승용,남,31세,상해없음,승용,여,23세,경상
2015081900100028,2015년 8월 19일 01시,수요일,강원도 원주시 단구동,경상사고,0,0,3,0,차대차 - 기타,안전운전불이행,건조,맑음,단일로 - 기타,승용,남,35세,상해없음,승용,남,38세,경상
2015081900100122,2015년 8월 19일 08시,수요일,강원도 원주시 관설동,경상사고,0,0,2,0,차대차 - 측면직각충돌,교차로운행방법위반,건조,맑음,교차로 - 교차로안,승용,여,35세,경상,승용,남,71세,경상
2015081900100123,2015년 8월 19일 08시,수요일,강원도 원주시 무실동,경상사고,0,0,1,0,차대사람 - 기타,안전운전불이행,건조,맑음,단일로 - 기타,승용,남,54세,상해없음,보행자,남,44세,경상
2015081900100124,2015년 8월 19일 08시,수요일,강원도 평창군 대화면,중상사고,0,2,0,0,차대차 - 측면직각충돌,안전운전불이행,건조,맑음,교차로 - 교차로안,승용,남,30세,상해없음,이륜,여,46세,중상
2015081900100157,2015년 8월 19일 09시,수요일,강원도 춘천시 석사동,부상신고사고,0,0,0,1,차대차 - 측면직각충돌,안전운전불이행,건조,맑음,교차로 - 교차로부근,원동기,남,25세,상해없음,승용,남,55세,상해없음
2015081900100217,2015년 8월 19일 11시,수요일,강원도 춘천시 석사동,경상사고,0,0,1,0,차대차 - 측면직각충돌,교차로운행방법위반,건조,맑음,교차로 - 교차로안,화물,남,50세,상해없음,이륜,남,47세,경상
2015081900100218,2015년 8월 19일 11시,수요일,강원도 강릉시 강동면,경상사고,0,0,2,0,차대차 - 측면직각충돌,신호위반,건조,맑음,교차로 - 교차로안,화물,남,64세,상해없음,승용,남,58세,경상
2015081900100219,2015년 8월 19일 11시,수요일,강원도 양양군 양양읍,중상사고,0,1,0,0,차대사람 - 차도통행중,안전운전불이행,건조,맑음,단일로 - 기타,승용,남,68세,상해없음,보행자,여,84세,중상
2015081900100273,2015년 8월 19일 13시,수요일,강원도 춘천시 석사동,중상사고,0,4,0,0,차대차 - 추돌 - 진행중,안전거리미확보,건조,맑음,단일로 - 기타,승용,남,57세,상해없음,승용,여,52세,중상
2015081900100274,2015년 8월 19일 13시,수요일,강원도 강릉시 견소동,경상사고,0,0,2,0,차대차 - 측면직각충돌,안전운전불이행,건조,맑음,기타 - 기타,승용,여,23세,상해없음,승용,남,45세,경상
2015081900100313,2015년 8월 19일 14시,수요일,강원도 춘천시 동내면,경상사고,0,0,1,0,차대사람 - 횡단중,안전운전불이행,건조,맑음,교차로 - 교차로부근,승용,여,52세,상해없음,보행자,여,10세,경상
2015081900100314,2015년 8월 19일 14시,수요일,강원도 홍천군 홍천읍,경상사고,0,0,1,0,차대사람 - 횡단중,안전운전불이행,건조,맑음,단일로 - 기타,승용,여,47세,상해없음,보행자,남,46세,경상
2015081900100345,2015년 8월 19일 15시,수요일,강원도 속초시 동명동,경상사고,0,0,5,0,차대차 - 추돌 - 진행중,안전운전불이행,건조,맑음,교차로 - 교차로부근,승용,여,24세,상해없음,승용,여,36세,경상
2015081900100346,2015년 8월 19일 15시,수요일,강원도 철원군 동송읍,경상사고,0,0,2,0,차대차 - 측면직각충돌,교차로운행방법위반,건조,맑음,교차로 - 교차로안,화물,남,61세,경상,승용,남,24세,경상
2015081900100421,2015년 8월 19일 17시,수요일,강원도 강릉시 교동,경상사고,0,0,2,0,차대차 - 추돌 - 주정차중,안전운전불이행,건조,맑음,단일로 - 기타,승용,남,53세,상해없음,승용,여,36세,경상
2015081900100422,2015년 8월 19일 17시,수요일,강원도 원주시 개운동,중상사고,0,1,0,0,차대차 - 측면직각충돌,안전운전불이행,건조,맑음,교차로 - 교차로안,승용,여,45세,상해없음,자전거,남,12세,중상
2015081900100423,2015년 8월 19일 17시,수요일,강원도 정선군 여량면,경상사고,0,0,1,0,차대차 - 측면직각충돌,안전운전불이행,건조,맑음,교차로 - 교차로안,화물,남,59세,상해없음,승합,여,55세,경상
2015081900100461,2015년 8월 19일 18시,수요일,강원도 강릉시 송정동,경상사고,0,0,1,0,차대사람 - 보도통행중,보행자보호의무위반,건조,맑음,교차로 - 교차로부근,승용,여,65세,상해없음,보행자,여,59세,경상
2015081900100512,2015년 8월 19일 19시,수요일,강원도 강릉시 교동,경상사고,0,0,2,0,차대차 - 추돌 - 주정차중,안전운전불이행,건조,맑음,단일로 - 기타,승용,남,69세,상해없음,승합,남,65세,경상
2015081900100543,2015년 8월 19일 20시,수요일,강원도 춘천시 사농동,경상사고,0,0,1,0,차대차 - 기타,안전운전불이행,건조,맑음,교차로 - 교차로안,승용,여,39세,상해없음,승용,남,29세,경상
2015081900100544,2015년 8월 19일 20시,수요일,강원도 강릉시 죽헌동,경상사고,0,0,1,0,차대사람 - 횡단중,신호위반,습기,흐림,교차로 - 교차로부근,이륜,남,39세,상해없음,보행자,남,19세,경상
2015081900100619,2015년 8월 19일 22시,수요일,강원도 원주시 봉산동,경상사고,0,0,2,0,차대차 - 측면직각충돌,안전거리미확보,건조,맑음,단일로 - 기타,승용,여,47세,상해없음,이륜,남,20세,경상
2015082000100058,2015년 8월 20일 05시,목요일,강원도 춘천시 사농동,경상사고,0,0,2,0,차대차 - 측면직각충돌,교차로운행방법위반,건조,맑음,교차로 - 교차로안,화물,남,53세,상해없음,승용,남,68세,경상
2015082000100093,2015년 8월 20일 07시,목요일,강원도 춘천시 우두동,경상사고,0,0,1,1,차대차 - 측면직각충돌,신호위반,건조,맑음,교차로 - 교차로안,이륜,남,82세,경상,승용,남,45세,부상신고
2015082000100094,2015년 8월 20일 07시,목요일,강원도 원주시 단구동,경상사고,0,0,1,0,차대차 - 추돌 - 진행중,안전거리미확보,건조,맑음,단일로 - 기타,승용,여,45세,상해없음,승합,남,33세,경상
2015082000100095,2015년 8월 20일 07시,목요일,강원도 횡성군 우천면,중상사고,0,1,0,0,차대차 - 측면직각충돌,안전운전불이행,건조,맑음,교차로 - 교차로안,화물,남,44세,상해없음,승용,여,59세,중상
2015082000100130,2015년 8월 20일 08시,목요일,강원도 원주시 일산동,경상사고,0,0,1,0,차대차 - 측면직각충돌,안전운전불이행,건조,맑음,단일로 - 횡단보도상,승용,여,19세,상해없음,자전거,남,22세,경상
2015082000100194,2015년 8월 20일 10시,목요일,강원도 춘천시 후평동,경상사고,0,0,1,0,차대차 - 측면직각충돌,안전운전불이행,건조,맑음,교차로 - 교차로안,승용,여,54세,상해없음,이륜,남,44세,경상
2015082000100195,2015년 8월 20일 10시,목요일,강원도 속초시 노학동,경상사고,0,0,1,0,차대차 - 측면직각충돌,안전운전불이행,건조,맑음,단일로 - 기타,승용,남,67세,상해없음,승용,여,45세,경상
2015082000100196,2015년 8월 20일 10시,목요일,강원도 홍천군 서면,중상사고,0,1,0,0,차대차 - 측면직각충돌,직진우회전진행방해,건조,맑음,교차로 - 교차로안,승용,남,51세,상해없음,이륜,남,58세,중상
2015082000100227,2015년 8월 20일 11시,목요일,강원도 원주시 단계동,경상사고,0,0,2,0,차대차 - 측면직각충돌,안전거리미확보,건조,맑음,단일로 - 기타,승용,여,68세,상해없음,화물,남,29세,경상
2015082000100283,2015년 8월 20일 13시,목요일,강원도 원주시 태장동,경상사고,0,0,2,0,차대차 - 추돌 - 주정차중,안전거리미확보,건조,흐림,교차로 - 교차로안,화물,남,59세,상해없음,승용,여,45세,경상
2015082000100323,2015년 8월 20일 14시,목요일,강원도 원주시 개운동,경상사고,0,0,1,0,차대차 - 측면직각충돌,교차로운행방법위반,건조,맑음,교차로 - 교차로부근,승용,남,62세,상해없음,화물,남,60세,경상
2015082000100362,2015년 8월 20일 15시,목요일,강원도 춘천시 동내면,중상사고,0,1,2,0,차대차 - 정면충돌,신호위반,건조,맑음,교차로 - 교차로안,승용,여,48세,상해없음,승용,남,63세,중상
2015082000100363,2015년 8월 20일 15시,목요일,강원도 춘천시 소양로4가,중상사고,0,1,0,0,차대차 - 추돌 - 진행중,안전운전불이행,건조,맑음,단일로 - 기타,승용,여,29세,상해없음,자전거,남,71세,중상