사고번호,사고일시,요일,시군구,사고내용,사망자수,중상자수,경상자수,부상신고자수,사고유형,법규위반,노면상태,기상상태,도로형태,가해운전자 차종,가해운전자 성별,가해운전자 연령,가해운전자 상해정도,피해운전자 차종,피해운전자 성별,피해운전자 연령,피해운전자 상해정도
2015082000100364,2015년 8월 20일 15시,목요일,강원도 고성군 간성읍,경상사고,0,0,1,0,차대사람 - 기타,안전운전불이행,건조,맑음,단일로 - 기타,승용,남,32세,상해없음,보행자,남,57세,경상
2015082000100404,2015년 8월 20일 16시,목요일,강원도 강릉시 교동,경상사고,0,0,1,0,차대사람 - 기타,안전운전불이행,건조,맑음,교차로 - 교차로부근,승용,남,43세,상해없음,보행자,남,49세,경상
2015082000100440,2015년 8월 20일 17시,목요일,강원도 원주시 흥업면,경상사고,0,0,2,0,차대차 - 추돌 - 진행중,안전거리미확보,습기,비,단일로 - 기타,화물,남,30세,상해없음,승합,남,45세,경상
2015082000100441,2015년 8월 20일 17시,목요일,강원도 양양군 강현면,경상사고,0,0,1,0,차대차 - 추돌 - 진행중,안전운전불이행,습기,비,단일로 - 기타,승용,남,61세,상해없음,원동기,남,44세,경상
2015082000100442,2015년 8월 20일 17시,목요일,강원도 삼척시 도계읍,경상사고,0,0,1,0,차대차 - 기타,안전운전불이행,건조,맑음,교차로 - 교차로부근,승합,남,39세,상해없음,승용,남,23세,경상
2015082000100479,2015년 8월 20일 18시,목요일,강원도 삼척시 미로면,중상사고,0,2,0,0,차대차 - 정면충돌,안전운전불이행,건조,맑음,교차로 - 교차로안,화물,남,62세,상해없음,승용,여,46세,중상
2015082000100480,2015년 8월 20일 18시,목요일,강원도 삼척시 하장면,중상사고,0,1,2,0,차대차 - 측면직각충돌,안전운전불이행,건조,맑음,교차로 - 교차로안,승용,여,29세,상해없음,승용,여,51세,경상
2015082000100481,2015년 8월 20일 18시,목요일,강원도 인제군 기린면,중상사고,0,2,0,0,차대차 - 정면충돌,중앙선침범,습기,흐림,단일로 - 기타,화물,남,47세,중상,승용,남,39세,중상
2015082000100549,2015년 8월 20일 20시,목요일,강원도 원주시 명륜동,경상사고,0,0,2,0,차대차 - 추돌 - 진행중,안전운전불이행,건조,맑음,교차로 - 교차로부근,승합,남,44세,상해없음,승용,남,42세,경상
2015082000100587,2015년 8월 20일 21시,목요일,강원도 양구군 양구읍,중상사고,0,3,1,0,차대차 - 측면직각충돌,직진우회전진행방해,건조,맑음,교차로 - 교차로안,승용,여,26세,상해없음,승용,남,21세,중상
2015082100100053,2015년 8월 21일 02시,금요일,강원도 태백시 황지동,부상신고사고,0,0,0,1,차대사람 - 기타,안전운전불이행,건조,맑음,단일로 - 기타,승용,남,49세,상해없음,보행자,남,43세,부상신고
2015082100100054,2015년 8월 21일 02시,금요일,강원도 동해시 천곡동,사망사고,1,1,0,0,차량단독 - 공작물충돌,안전운전불이행,습기,비,교차로 - 교차로부근,승용,남,27세,중상,,,,
2015082100100113,2015년 8월 21일 06시,금요일,강원도 강릉시 성산면,중상사고,0,1,0,0,차대차 - 정면충돌,중앙선침범,건조,맑음,단일로 - 기타,승용,남,54세,상해없음,승용,남,61세,중상
2015082100100127,2015년 8월 21일 07시,금요일,강원도 원주시 단구동,경상사고,0,0,1,0,차대차 - 추돌 - 진행중,안전거리미확보,습기,비,단일로 - 기타,승용,남,42세,상해없음,승용,여,50세,경상
2015082100100262,2015년 8월 21일 11시,금요일,강원도 고성군 토성면,경상사고,0,0,3,0,차대차 - 추돌 - 진행중,신호위반,건조,맑음,교차로 - 교차로안,승용,여,24세,상해없음,승용,남,56세,경상
2015082100100290,2015년 8월 21일 12시,금요일,강원도 속초시 조양동,경상사고,0,0,1,0,차대차 - 추돌 - 주정차중,교차로운행방법위반,건조,맑음,교차로 - 교차로안,승합,남,59세,상해없음,승용,남,40세,경상
2015082100100316,2015년 8월 21일 13시,금요일,강원도 춘천시 동내면,경상사고,0,0,1,0,차대차 - 측면직각충돌,안전운전불이행,건조,맑음,단일로 - 기타,화물,남,45세,상해없음,승용,남,59세,경상
2015082100100317,2015년 8월 21일 13시,금요일,강원도 강릉시 옥천동,중상사고,0,1,0,0,차대차 - 측면직각충돌,안전운전불이행,건조,맑음,단일로 - 기타,승용,남,56세,상해없음,이륜,남,33세,중상
2015082100100343,2015년 8월 21일 14시,금요일,강원도 춘천시 중앙로1가,경상사고,0,0,1,0,차대차 - 추돌 - 주정차중,안전운전불이행,습기,비,기타 - 기타,승용,남,51세,상해없음,승용,남,27세,경상
2015082100100344,2015년 8월 21일 14시,금요일,강원도 강릉시 입암동,중상사고,0,1,0,0,차대사람 - 기타,안전운전불이행,건조,맑음,단일로 - 기타,승용,여,39세,상해없음,보행자,남,53세,중상
2015082100100345,2015년 8월 21일 14시,금요일,강원도 인제군 북면,중상사고,0,1,0,1,차대차 - 정면충돌,안전운전불이행,건조,맑음,단일로 - 기타,승용,남,53세,상해없음,승용,여,52세,부상신고
2015082100100380,2015년 8월 21일 15시,금요일,강원도 영월군 남면,경상사고,0,0,2,0,차대차 - 추돌 - 진행중,안전운전불이행,건조,맑음,단일로 - 기타,화물,남,23세,상해없음,화물,남,56세,경상
2015082100100381,2015년 8월 21일 15시,금요일,강원도 태백시 장성동,부상신고사고,0,0,0,1,차대차 - 추돌 - 진행중,안전운전불이행,건조,맑음,기타 - 기타,승용,남,64세,상해없음,원동기,남,71세,부상신고
2015082100100411,2015년 8월 21일 16시,금요일,강원도 춘천시 석사동,경상사고,0,0,1,0,차대차 - 추돌 - 주정차중,안전운전불이행,건조,맑음,교차로 - 교차로부근,승용,남,19세,상해없음,승용,남,31세,상해없음
2015082100100412,2015년 8월 21일 16시,금요일,강원도 원주시 단구동,경상사고,0,0,1,0,차대사람 - 횡단중,보행자보호의무위반,건조,맑음,단일로 - 기타,승합,남,59세,상해없음,보행자,여,7세,경상
2015082100100413,2015년 8월 21일 16시,금요일,강원도 정선군 남면,경상사고,0,0,1,1,차대차 - 측면직각충돌,직진우회전진행방해,건조,맑음,교차로 - 교차로안,화물,남,55세,상해없음,승용,남,58세,경상
2015082100100458,2015년 8월 21일 17시,금요일,강원도 평창군 대화면,중상사고,0,1,0,0,차대차 - 측면직각충돌,안전운전불이행,건조,맑음,교차로 - 교차로안,승용,여,63세,상해없음,승용,여,51세,중상
2015082100100532,2015년 8월 21일 19시,금요일,강원도 원주시 단계동,경상사고,0,0,1,0,차대사람 - 횡단중,안전운전불이행,건조,맑음,교차로 - 교차로안,승용,남,27세,상해없음,보행자,여,35세,경상
2015082100100533,2015년 8월 21일 19시,금요일,강원도 홍천군 홍천읍,경상사고,0,0,1,0,차대차 - 측면직각충돌,안전운전불이행,건조,맑음,교차로 - 교차로부근,승용,여,38세,상해없음,이륜,남,53세,경상
2015082100100572,2015년 8월 21일 20시,금요일,강원도 춘천시 석사동,경상사고,0,0,1,0,차대사람 - 횡단중,보행자보호의무위반,건조,맑음,단일로 - 기타,승용,남,50세,상해없음,보행자,남,7세,경상
2015082100100573,2015년 8월 21일 20시,금요일,강원도 원주시 단계동,중상사고,0,1,0,0,차대사람 - 횡단중,안전운전불이행,건조,맑음,교차로 - 교차로부근,승용,남,54세,상해없음,보행자,여,18세,중상
2015082100100617,2015년 8월 21일 21시,금요일,강원도 양구군 양구읍,경상사고,0,0,1,0,차대차 - 측면직각충돌,안전운전불이행,건조,맑음,교차로 - 교차로안,승용,남,45세,상해없음,승용,여,26세,경상
2015082100100653,2015년 8월 21일 22시,금요일,강원도 원주시 단계동,경상사고,0,0,1,0,차대차 - 측면직각충돌,신호위반,건조,맑음,교차로 - 교차로안,승용,남,47세,상해없음,이륜,남,23세,경상
2015082100100654,2015년 8월 21일 22시,금요일,강원도 원주시 단구동,경상사고,0,0,1,0,차대차 - 측면직각충돌,안전운전불이행,건조,맑음,교차로 - 교차로안,승용,남,41세,상해없음,승용,여,38세,경상
2015082100100655,2015년 8월 21일 22시,금요일,강원도 원주시 명륜동,사망사고,1,0,0,0,차대차 - 추돌 - 진행중,신호위반,건조,맑음,교차로 - 교차로안,이륜,남,19세,사망,승용,남,36세,상해없음
2015082100100656,2015년 8월 21일 22시,금요일,강원도 원주시 명륜동,중상사고,0,1,0,0,차대차 - 측면직각충돌,안전운전불이행,건조,맑음,단일로 - 기타,승용,남,62세,상해없음,이륜,남,50세,중상
2015082100100657,2015년 8월 21일 22시,금요일,강원도 고성군 토성면,경상사고,0,0,2,0,차대차 - 추돌 - 주정차중,안전운전불이행,건조,맑음,단일로 - 기타,승용,남,46세,상해없음,승용,남,41세,경상
2015082100100688,2015년 8월 21일 23시,금요일,강원도 원주시 단계동,경상사고,0,0,1,0,차대차 - 측면직각충돌,교차로운행방법위반,건조,맑음,교차로 - 교차로부근,승용,여,58세,상해없음,이륜,남,51세,경상
2015082100100689,2015년 8월 21일 23시,금요일,강원도 철원군 갈말읍,경상사고,0,0,1,0,차대차 - 측면직각충돌,안전운전불이행,건조,맑음,교차로 - 교차로안,승용,남,72세,상해없음,원동기,남,22세,경상
2015082200100171,2015년 8월 22일 09시,토요일,강원도 강릉시 강문동,경상사고,0,0,1,0,차대차 - 측면직각충돌,안전운전불이행,건조,맑음,단일로 - 기타,화물,남,48세,상해없음,원동기,남,27세,경상
2015082200100172,2015년 8월 22일 09시,토요일,강원도 원주시 문막읍,경상사고,0,0,1,0,차대차 - 측면직각충돌,안전운전불이행,건조,맑음,교차로 - 교차로부근,승용,남,57세,상해없음,자전거,남,14세,경상
2015082200100173,2015년 8월 22일 09시,토요일,강원도 속초시 조양동,중상사고,0,1,0,0,차대차 - 측면직각충돌,교차로운행방법위반,건조,맑음,교차로 - 교차로안,승용,남,23세,상해없음,이륜,남,29세,중상
2015082200100174,2015년 8월 22일 09시,토요일,강원도 영월군 상동읍,사망사고,1,0,0,0,차량단독 - 도로외이탈 - 추락,안전운전불이행,건조,맑음,단일로 - 기타,화물,남,57세,사망,,,,
2015082200100202,2015년 8월 22일 10시,토요일,강원도 춘천시 후평동,사망사고,1,0,0,0,차대차 - 측면직각충돌,안전운전불이행,건조,맑음,교차로 - 교차로부근,자전거,남,87세,사망,승용,남,44세,상해없음
2015082200100297,2015년 8월 22일 13시,토요일,강원도 춘천시 근화동,경상사고,0,0,1,0,차대차 - 기타,안전운전불이행,건조,맑음,단일로 - 기타,승합,남,50세,상해없음,승용,여,48세,경상
2015082200100298,2015년 8월 22일 13시,토요일,강원도 고성군 토성면,중상사고,0,2,1,0,차대차 - 추돌 - 진행중,안전운전불이행,건조,맑음,단일로 - 기타,건설기계,남,52세,상해없음,승용,여,47세,중상
2015082200100299,2015년 8월 22일 13시,토요일,강원도 철원군 갈말읍,경상사고,0,0,1,0,차대사람 - 기타,안전운전불이행,건조,맑음,단일로 - 기타,승용,여,52세,상해없음,보행자,남,17세,경상
2015082200100338,2015년 8월 22일 14시,토요일,강원도 춘천시 퇴계동,중상사고,0,1,0,0,차대차 - 측면직각충돌,안전운전불이행,건조,맑음,단일로 - 기타,승용,여,53세,상해없음,이륜,남,58세,중상
2015082200100339,2015년 8월 22일 14시,토요일,강원도 강릉시 입암동,경상사고,0,0,1,0,차대차 - 측면직각충돌,안전운전불이행,건조,맑음,교차로 - 교차로안,승용,여,34세,상해없음,이륜,남,33세,경상
2015082200100409,2015년 8월 22일 16시,토요일,강원도 춘천시 소양로1가,경상사고,0,0,4,0,차대차 - 기타,안전운전불이행,건조,맑음,단일로 - 교량,승용,남,57세,상해없음,승용,남,25세,경상
2015082200100410,2015년 8월 22일 16시,토요일,강원도 원주시 개운동,중상사고,0,1,0,0,차대사람 - 횡단중,안전운전불이행,건조,맑음,교차로 - 교차로안,승용,남,29세,상해없음,보행자,여,17세,중상
2015082200100411,2015년 8월 22일 16시,토요일,강원도 태백시 화전동,중상사고,0,7,6,1,차대차 - 측면직각충돌,직진우회전진행방해,건조,맑음,단일로 - 기타,승용,여,43세,경상,승합,남,61세,중상
2015082200100477,2015년 8월 22일 18시,토요일,강원도 강릉시 노암동,경상사고,0,0,1,0,차대사람 - 횡단중,보행자보호의무위반,건조,맑음,단일로 - 횡단보도상,승용,남,35세,상해없음,보행자,여,6세,경상
2015082200100478,2015년 8월 22일 18시,토요일,강원도 원주시 단계동,경상사고,0,0,1,0,차대차 - 추돌 - 진행중,차로위반,건조,흐림,단일로 - 기타,승용,여,38세,상해없음,승합,남,56세,경상
2015082200100479,2015년 8월 22일 18시,토요일,강원도 원주시 행구동,경상사고,0,0,1,0,차대차 - 측면직각충돌,중앙선침범,건조,맑음,기타 - 기타,승용,남,47세,상해없음,승용,여,39세,경상
2015082200100480,2015년 8월 22일 18시,토요일,강원도 양구군 양구읍,중상사고,0,1,2,1,차대차 - 측면직각충돌,신호위반,건조,맑음,교차로 - 교차로안,승용,여,58세,상해없음,화물,남,42세,경상
2015082200100508,2015년 8월 22일 19시,토요일,강원도 춘천시 조양동,경상사고,0,0,1,0,차대사람 - 횡단중,보행자보호의무위반,건조,맑음,단일로 - 횡단보도상,승합,남,66세,상해없음,보행자,남,14세,경상
2015082200100509,2015년 8월 22일 19시,토요일,강원도 강릉시 포남동,경상사고,0,0,1,0,차대차 - 측면직각충돌,신호위반,건조,맑음,교차로 - 교차로안,원동기,남,18세,상해없음,원동기,남,18세,경상
2015082200100543,2015년 8월 22일 20시,토요일,강원도 강릉시 성산면,경상사고,0,0,1,0,차대차 - 정면충돌,중앙선침범,건조,흐림,단일로 - 기타,승용,남,51세,상해없음,승용,여,51세,경상
2015082200100544,2015년 8월 22일 20시,토요일,강원도 삼척시 미로면,중상사고,0,4,4,0,차대차 - 정면충돌,안전운전불이행,건조,맑음,단일로 - 기타,승용,남,57세,상해없음,승용,남,36세,중상
2015082200100575,2015년 8월 22일 21시,토요일,강원도 강릉시 강문동,경상사고,0,0,5,0,차대차 - 기타,안전운전불이행,건조,맑음,교차로 - 교차로안,승용,남,53세,상해없음,승용,남,49세,경상
2015082200100603,2015년 8월 22일 22시,토요일,강원도 춘천시 퇴계동,경상사고,0,0,3,0,차대차 - 기타,안전운전불이행,건조,맑음,교차로 - 교차로부근,승용,남,54세,상해없음,승용,남,31세,경상
2015082200100604,2015년 8월 22일 22시,토요일,강원도 강릉시 교동,경상사고,0,0,1,0,차대차 - 추돌 - 진행중,안전운전불이행,건조,맑음,단일로 - 기타,승용,남,29세,상해없음,승용,남,33세,경상
2015082200100633,2015년 8월 22일 23시,토요일,강원도 원주시 무실동,경상사고,0,0,1,0,차대차 - 기타,안전운전불이행,건조,맑음,단일로 - 기타,승용,남,59세,상해없음,승용,남,21세,경상
2015082200100634,2015년 8월 22일 23시,토요일,강원도 정선군 고한읍,경상사고,0,0,1,0,차대차 - 추돌 - 진행중,안전거리미확보,건조,맑음,단일로 - 기타,승용,남,25세,상해없음,승용,남,42세,경상
2015082300100015,2015년 8월 23일 00시,일요일,강원도 원주시 학성동,경상사고,0,0,1,0,차대사람 - 기타,안전운전불이행,건조,맑음,단일로 - 기타,승용,남,29세,상해없음,보행자,남,41세,경상
2015082300100016,2015년 8월 23일 00시,일요일,강원도 평창군 진부면,경상사고,0,0,2,0,차대차 - 추돌 - 진행중,안전운전불이행,건조,맑음,단일로 - 터널,승용,남,24세,상해없음,승용,여,27세,경상
2015082300100034,2015년 8월 23일 01시,일요일,강원도 원주시 지정면,사망사고,1,1,1,0,차대차 - 측면직각충돌,교차로운행방법위반,건조,맑음,교차로 - 교차로안,이륜,남,16세,사망,승용,여,43세,경상
2015082300100035,2015년 8월 23일 01시,일요일,강원도 홍천군 서석면,중상사고,0,1,0,0,차대사람 - 차도통행중,안전운전불이행,건조,맑음,단일로 - 기타,승용,남,41세,상해없음,보행자,남,49세,중상
2015082300100067,2015년 8월 23일 03시,일요일,강원도 속초시 교동,중상사고,0,1,1,0,차대차 - 측면직각충돌,신호위반,건조,맑음,교차로 - 교차로안,승용,남,25세,상해없음,승용,남,41세,중상
2015082300100099,2015년 8월 23일 06시,일요일,강원도 원주시 행구동,경상사고,0,0,4,0,차대차 - 측면직각충돌,교차로운행방법위반,건조,맑음,교차로 - 교차로부근,승용,남,60세,경상,승용,남,63세,경상
2015082300100113,2015년 8월 23일 07시,일요일,강원도 춘천시 중앙로2가,경상사고,0,0,1,1,차대차 - 기타,교차로운행방법위반,건조,맑음,교차로 - 교차로안,승합,남,61세,상해없음,화물,남,56세,부상신고
2015082300100124,2015년 8월 23일 08시,일요일,강원도 동해시 평릉동,중상사고,0,1,0,0,차대차 - 측면직각충돌,신호위반,건조,맑음,교차로 - 교차로안,승용,남,73세,상해없음,자전거,남,73세,중상
2015082300100153,2015년 8월 23일 10시,일요일,강원도 고성군 죽왕면,중상사고,0,1,3,0,차대차 - 측면직각충돌,직진우회전진행방해,건조,맑음,교차로 - 교차로안,승용,남,52세,상해없음,승용,여,50세,중상
2015082300100198,2015년 8월 23일 12시,일요일,강원도 원주시 신림면,경상사고,0,0,6,0,차대차 - 측면직각충돌,안전운전불이행,건조,맑음,단일로 - 기타,승용,남,41세,상해없음,승용,남,28세,경상
2015082300100228,2015년 8월 23일 13시,일요일,강원도 홍천군 화촌면,중상사고,0,2,1,0,차대차 - 추돌 - 진행중,안전거리미확보,건조,맑음,단일로 - 기타,승용,남,59세,상해없음,승용,여,61세,중상
2015082300100289,2015년 8월 23일 15시,일요일,강원도 춘천시 효자동,경상사고,0,0,1,0,차대차 - 추돌 - 진행중,안전운전불이행,건조,맑음,교차로 - 교차로부근,승용,남,60세,상해없음,승용,남,57세,경상
2015082300100364,2015년 8월 23일 17시,일요일,강원도 춘천시 남산면,경상사고,0,0,1,0,차대사람 - 기타,안전운전불이행,건조,맑음,교차로 - 교차로부근,승용,남,52세,상해없음,보행자,남,50세,경상
2015082300100393,2015년 8월 23일 18시,일요일,강원도 원주시 문막읍,중상사고,0,1,0,0,차대차 - 측면직각충돌,중앙선침범,건조,맑음,교차로 - 교차로안,승용,남,32세,상해없음,승합,남,40세,중상
2015082300100425,2015년 8월 23일 19시,일요일,강원도 동해시 천곡동,경상사고,0,0,1,0,차대사람 - 횡단중,안전운전불이행,건조,맑음,단일로 - 기타,승용,남,28세,상해없음,보행자,여,20세,경상
2015082300100496,2015년 8월 23일 21시,일요일,강원도 양양군 현북면,사망사고,1,0,0,0,차대사람 - 차도통행중,안전운전불이행,건조,맑음,교차로 - 교차로안,승용,남,38세,상해없음,보행자,남,60세,사망
2015082300100497,2015년 8월 23일 21시,일요일,강원도 동해시 천곡동,경상사고,0,0,1,0,차대차 - 측면직각충돌,직진우회전진행방해,건조,맑음,교차로 - 교차로안,승용,여,59세,상해없음,승용,여,20세,경상
2015082300100525,2015년 8월 23일 22시,일요일,강원도 강릉시 내곡동,경상사고,0,0,1,0,차대차 - 추돌 - 진행중,안전운전불이행,건조,맑음,단일로 - 기타,승용,여,58세,상해없음,이륜,남,19세,경상
2015082300100526,2015년 8월 23일 22시,일요일,강원도 원주시 관설동,경상사고,0,0,2,0,차대차 - 기타,교차로운행방법위반,건조,맑음,교차로 - 교차로안,화물,남,65세,상해없음,승용,남,57세,상해없음
2015082300100527,2015년 8월 23일 22시,일요일,강원도 정선군 남면,중상사고,0,1,0,0,차대차 - 추돌 - 진행중,안전운전불이행,건조,맑음,단일로 - 기타,승용,남,45세,상해없음,승용,여,49세,중상
2015082400100074,2015년 8월 24일 07시,월요일,강원도 춘천시 우두동,경상사고,0,0,1,0,차대차 - 측면직각충돌,안전운전불이행,건조,맑음,단일로 - 기타,승용,남,60세,상해없음,자전거,남,15세,경상
2015082400100075,2015년 8월 24일 07시,월요일,강원도 삼척시 원덕읍,중상사고,0,3,0,0,차대차 - 추돌 - 진행중,안전운전불이행,건조,맑음,단일로 - 기타,승용,남,53세,상해없음,화물,남,54세,중상
2015082400100112,2015년 8월 24일 08시,월요일,강원도 강릉시 임당동,중상사고,0,1,0,0,차대차 - 측면직각충돌,안전운전불이행,건조,맑음,교차로 - 교차로안,승합,남,47세,상해없음,승용,남,31세,상해없음
2015082400100149,2015년 8월 24일 09시,월요일,강원도 원주시 봉산동,경상사고,0,0,3,0,차대차 - 추돌 - 진행중,안전운전불이행,건조,맑음,단일로 - 기타,승용,남,46세,상해없음,승용,여,37세,경상
2015082400100179,2015년 8월 24일 10시,월요일,강원도 춘천시 석사동,중상사고,0,1,0,0,차대사람 - 길가장자리구역통행중,안전운전불이행,건조,맑음,단일로 - 기타,승용,여,46세,상해없음,보행자,남,34세,중상
2015082400100209,2015년 8월 24일 11시,월요일,강원도 춘천시 후평동,경상사고,0,0,1,0,차대차 - 측면직각충돌,직진우회전진행방해,건조,맑음,교차로 - 교차로안,화물,남,42세,상해없음,승용,남,29세,경상
2015082400100273,2015년 8월 24일 13시,월요일,강원도 원주시 단구동,경상사고,0,0,1,0,차대차 - 측면직각충돌,안전거리미확보,건조,맑음,단일로 - 기타,승용,남,66세,상해없음,승용,남,31세,경상
2015082400100274,2015년 8월 24일 13시,월요일,강원도 원주시 관설동,중상사고,0,1,2,0,차대차 - 측면직각충돌,직진우회전진행방해,건조,흐림,교차로 - 교차로안,승용,남,28세,경상,승용,여,53세,중상
2015082400100335,2015년 8월 24일 15시,월요일,강원도 원주시 단구동,경상사고,0,0,1,1,차대차 - 측면직각충돌,안전운전불이행,건조,흐림,교차로 - 교차로안,승용,여,62세,상해없음,승용,여,42세,부상신고
2015082400100336,2015년 8월 24일 15시,월요일,강원도 삼척시 교동,경상사고,0,0,1,0,차대차 - 추돌 - 진행중,안전거리미확보,습기,비,단일로 - 기타,건설기계,남,57세,상해없음,승용,남,55세,경상
2015082400100337,2015년 8월 24일 15시,월요일,강원도 삼척시 미로면,중상사고,0,1,0,0,차량단독 - 공작물충돌,안전운전불이행,습기,비,단일로 - 기타,승용,남,56세,상해없음,,,,
2015082400100338,2015년 8월 24일 15시,월요일,강원도 태백시 황지동,중상사고,0,1,0,0,차대차 - 정면충돌,불법유턴,습기,흐림,단일로 - 기타,화물,남,63세,상해없음,승용,남,63세,중상
2015082400100339,2015년 8월 24일 15시,월요일,강원도 동해시 효가동,경상사고,0,0,1,0,차대차 - 추돌 - 주정차중,안전거리미확보,습기,비,단일로 - 기타,승용,남,70세,상해없음,승용,남,45세,경상
2015082400100382,2015년 8월 24일 16시,월요일,강원도 춘천시 온의동,경상사고,0,0,2,0,차대차 - 측면직각충돌,안전운전불이행,건조,맑음,교차로 - 교차로안,승용,남,45세,상해없음,승용,여,49세,경상
2015082400100383,2015년 8월 24일 16시,월요일,강원도 춘천시 효자동,경상사고,0,0,1,0,차대차 - 기타,안전운전불이행,건조,맑음,단일로 - 기타,승용,남,58세,상해없음,승용,여,48세,경상
2015082400100384,2015년 8월 24일 16시,월요일,강원도 원주시 무실동,경상사고,0,0,4,0,차대차 - 추돌 - 진행중,차로위반,건조,맑음,교차로 - 교차로안,승용,여,51세,경상,승합,남,59세,상해없음
2015082400100385,2015년 8월 24일 16시,월요일,강원도 태백시 황지동,부상신고사고,0,0,0,1,차대차 - 측면직각충돌,직진우회전진행방해,습기,흐림,교차로 - 교차로안,승용,남,27세,상해없음,승용,여,55세,상해없음
2015082400100413,2015년 8월 24일 17시,월요일,강원도 원주시 무실동,경상사고,0,0,1,0,차대차 - 추돌 - 진행중,안전운전불이행,건조,맑음,단일로 - 기타,승용,여,56세,상해없음,승용,남,26세,경상
2015082400100452,2015년 8월 24일 18시,월요일,강원도 춘천시 동면,경상사고,0,0,3,0,차대차 - 측면직각충돌,교차로운행방법위반,건조,맑음,교차로 - 교차로안,승용,남,62세,상해없음,승용,여,54세,경상
2015082400100453,2015년 8월 24일 18시,월요일,강원도 동해시 동회동,중상사고,0,1,0,0,차대사람 - 보도통행중,보행자보호의무위반,습기,비,교차로 - 교차로안,승용,여,31세,상해없음,보행자,여,56세,중상
2015082400100487,2015년 8월 24일 19시,월요일,강원도 철원군 갈말읍,경상사고,0,0,3,0,차대차 - 추돌 - 주정차중,안전운전불이행,건조,맑음,단일로 - 기타,화물,남,48세,상해없음,승용,남,52세,경상
2015082400100557,2015년 8월 24일 21시,월요일,강원도 원주시 귀래면,중상사고,0,1,1,0,차량단독 - 도로외이탈 - 기타,안전운전불이행,건조,맑음,단일로 - 기타,화물,남,54세,상해없음,,,,
2015082400100587,2015년 8월 24일 22시,월요일,강원도 태백시 장성동,중상사고,0,2,0,0,차대차 - 기타,안전운전불이행,습기,비,교차로 - 교차로안,화물,남,50세,상해없음,화물,남,42세,중상
2015082500100058,2015년 8월 25일 03시,화요일,강원도 철원군 동송읍,경상사고,0,0,1,0,차량단독 - 전도전복,안전운전불이행,습기,비,단일로 - 기타,승합,남,34세,경상,,,,
2015082500100074,2015년 8월 25일 05시,화요일,강원도 원주시 단계동,중상사고,0,1,0,0,차대사람 - 차도통행중,안전운전불이행,습기,비,단일로 - 기타,승용,남,33세,상해없음,보행자,여,47세,중상
2015082500100137,2015년 8월 25일 08시,화요일,강원도 춘천시 운교동,경상사고,0,0,1,0,차대사람 - 차도통행중,안전운전불이행,습기,비,단일로 - 기타,승용,남,51세,상해없음,보행자,여,44세,경상
2015082500100169,2015년 8월 25일 09시,화요일,강원도 춘천시 후평동,경상사고,0,0,1,0,차대차 - 기타,교차로운행방법위반,습기,비,교차로 - 교차로안,승용,남,45세,상해없음,승용,남,35세,경상
2015082500100201,2015년 8월 25일 10시,화요일,강원도 원주시 소초면,중상사고,0,1,0,0,차대차 - 추돌 - 진행중,안전거리미확보,습기,비,단일로 - 기타,화물,남,72세,상해없음,승용,남,50세,중상
2015082500100202,2015년 8월 25일 10시,화요일,강원도 원주시 부론면,경상사고,0,0,2,0,차대차 - 측면직각충돌,안전운전불이행,건조,맑음,교차로 - 교차로안,화물,남,70세,경상,화물,남,53세,경상
2015082500100235,2015년 8월 25일 11시,화요일,강원도 삼척시 가곡면,중상사고,0,2,1,0,차대차 - 정면충돌,중앙선침범,습기,비,단일로 - 기타,승용,남,57세,중상,화물,남,39세,중상
2015082500100262,2015년 8월 25일 12시,화요일,강원도 원주시 개운동,경상사고,0,0,5,0,차대차 - 측면직각충돌,중앙선침범,습기,비,단일로 - 기타,승용,여,68세,상해없음,승용,남,23세,경상
2015082500100293,2015년 8월 25일 13시,화요일,강원도 춘천시 후평동,중상사고,0,2,0,0,차대차 - 기타,신호위반,습기,비,교차로 - 교차로안,승용,여,28세,상해없음,승용,남,54세,중상
2015082500100294,2015년 8월 25일 13시,화요일,강원도 원주시 흥업면,중상사고,0,1,1,0,차대차 - 측면직각충돌,교차로운행방법위반,습기,비,교차로 - 교차로안,승용,남,52세,중상,승용,여,28세,경상
2015082500100295,2015년 8월 25일 13시,화요일,강원도 속초시 청호동,경상사고,0,0,4,0,차대차 - 추돌 - 주정차중,안전운전불이행,건조,맑음,단일로 - 기타,승용,남,52세,상해없음,승용,남,31세,경상
2015082500100326,2015년 8월 25일 14시,화요일,강원도 춘천시 사농동,경상사고,0,0,4,0,차대차 - 추돌 - 주정차중,안전거리미확보,습기,비,단일로 - 기타,승용,남,42세,상해없음,승용,여,39세,경상
2015082500100327,2015년 8월 25일 14시,화요일,강원도 원주시 무실동,경상사고,0,0,1,0,차대차 - 추돌 - 주정차중,안전운전불이행,건조,맑음,단일로 - 기타,승용,남,54세,상해없음,승용,여,54세,경상
2015082500100328,2015년 8월 25일 14시,화요일,강원도 동해시 동회동,경상사고,0,0,1,0,차대사람 - 보도통행중,보행자보호의무위반,습기,비,교차로 - 교차로부근,승용,남,67세,상해없음,보행자,여,9세,경상