사고번호,사고일시,요일,시군구,사고내용,사망자수,중상자수,경상자수,부상신고자수,사고유형,법규위반,노면상태,기상상태,도로형태,가해운전자 차종,가해운전자 성별,가해운전자 연령,가해운전자 상해정도,피해운전자 차종,피해운전자 성별,피해운전자 연령,피해운전자 상해정도
2015082500100362,2015년 8월 25일 15시,화요일,강원도 홍천군 서면,중상사고,0,1,0,1,차대차 - 측면직각충돌,안전운전불이행,습기,비,교차로 - 교차로안,화물,남,52세,부상신고,승용,남,63세,중상
2015082500100363,2015년 8월 25일 15시,화요일,강원도 정선군 사북읍,부상신고사고,0,0,0,1,차대사람 - 횡단중,안전운전불이행,습기,비,단일로 - 횡단보도상,승용,기타불명,기타불명,기타불명,보행자,남,47세,부상신고
2015082500100412,2015년 8월 25일 16시,화요일,강원도 속초시 동명동,경상사고,0,0,1,0,차대차 - 측면직각충돌,신호위반,습기,비,교차로 - 교차로안,승용,남,33세,상해없음,승용,남,40세,경상
2015082500100449,2015년 8월 25일 17시,화요일,강원도 춘천시 온의동,경상사고,0,0,1,0,차대차 - 추돌 - 진행중,안전거리미확보,습기,비,교차로 - 교차로안,승용,여,36세,상해없음,승용,여,37세,경상
2015082500100531,2015년 8월 25일 19시,화요일,강원도 홍천군 서석면,중상사고,0,1,0,0,차대사람 - 차도통행중,안전운전불이행,습기,비,단일로 - 기타,승용,여,68세,상해없음,보행자,여,46세,중상
2015082500100532,2015년 8월 25일 19시,화요일,강원도 원주시 신림면,중상사고,0,1,0,0,차량단독 - 전도전복,안전운전불이행,습기,비,기타 - 기타,화물,남,49세,상해없음,,,,
2015082500100582,2015년 8월 25일 20시,화요일,강원도 원주시 단구동,경상사고,0,0,3,0,차대차 - 기타,안전거리미확보,습기,비,교차로 - 교차로부근,승용,남,45세,상해없음,승용,남,39세,경상
2015082500100583,2015년 8월 25일 20시,화요일,강원도 원주시 단계동,중상사고,0,1,0,0,차대사람 - 기타,안전운전불이행,습기,비,단일로 - 기타,승용,남,30세,상해없음,보행자,여,68세,중상
2015082500100584,2015년 8월 25일 20시,화요일,강원도 정선군 정선읍,중상사고,0,1,0,0,차량단독 - 공작물충돌,안전운전불이행,습기,비,단일로 - 기타,승용,남,22세,중상,,,,
2015082500100634,2015년 8월 25일 21시,화요일,강원도 태백시 황지동,경상사고,0,0,1,0,차대사람 - 기타,안전운전불이행,습기,비,기타 - 기타,승용,남,38세,상해없음,보행자,여,60세,경상
2015082500100635,2015년 8월 25일 21시,화요일,강원도 횡성군 둔내면,경상사고,0,0,1,0,차대사람 - 차도통행중,안전운전불이행,습기,비,단일로 - 기타,승합,남,52세,상해없음,보행자,남,51세,경상
2015082500100665,2015년 8월 25일 22시,화요일,강원도 춘천시 퇴계동,경상사고,0,0,1,0,차대차 - 측면직각충돌,안전운전불이행,습기,흐림,단일로 - 기타,승용,남,47세,상해없음,화물,남,40세,경상
2015082500100666,2015년 8월 25일 22시,화요일,강원도 원주시 단계동,경상사고,0,0,2,0,차대차 - 추돌 - 주정차중,안전운전불이행,습기,비,단일로 - 기타,승용,여,25세,상해없음,승합,남,46세,경상
2015082600100016,2015년 8월 26일 00시,수요일,강원도 춘천시 석사동,중상사고,0,2,0,1,차대차 - 측면직각충돌,신호위반,습기,비,교차로 - 교차로안,승용,여,70세,상해없음,승용,남,39세,중상
2015082600100017,2015년 8월 26일 00시,수요일,강원도 속초시 조양동,사망사고,1,0,0,0,차대사람 - 횡단중,신호위반,습기,비,교차로 - 교차로안,승용,남,40세,상해없음,보행자,여,54세,사망
2015082600100122,2015년 8월 26일 08시,수요일,강원도 춘천시 온의동,경상사고,0,0,1,0,차대차 - 기타,안전운전불이행,건조,맑음,교차로 - 교차로안,승용,여,44세,기타불명,승용,여,36세,경상
2015082600100123,2015년 8월 26일 08시,수요일,강원도 원주시 평원동,중상사고,0,1,0,0,차대차 - 측면직각충돌,교차로운행방법위반,건조,맑음,교차로 - 교차로안,승용,남,63세,상해없음,이륜,남,80세,중상
2015082600100124,2015년 8월 26일 08시,수요일,강원도 삼척시 노곡면,중상사고,0,1,0,0,차대차 - 정면충돌,중앙선침범,습기,흐림,단일로 - 기타,화물,여,25세,상해없음,화물,남,42세,중상
2015082600100125,2015년 8월 26일 08시,수요일,강원도 동해시 천곡동,경상사고,0,0,2,0,차대차 - 측면직각충돌,신호위반,습기,비,교차로 - 교차로안,승용,여,61세,상해없음,승용,남,34세,경상
2015082600100162,2015년 8월 26일 09시,수요일,강원도 춘천시 소양로1가,경상사고,0,0,1,0,차대차 - 측면직각충돌,안전운전불이행,건조,맑음,교차로 - 교차로안,화물,남,31세,상해없음,승용,여,44세,경상
2015082600100201,2015년 8월 26일 10시,수요일,강원도 동해시 천곡동,경상사고,0,0,1,0,차대차 - 측면직각충돌,안전거리미확보,건조,맑음,교차로 - 교차로안,화물,남,46세,상해없음,승용,여,33세,경상
2015082600100235,2015년 8월 26일 11시,수요일,강원도 강릉시 포남동,중상사고,0,1,0,0,차대사람 - 차도통행중,안전운전불이행,건조,맑음,교차로 - 교차로안,화물,남,71세,상해없음,보행자,여,80세,중상
2015082600100267,2015년 8월 26일 12시,수요일,강원도 평창군 대관령면,경상사고,0,0,2,1,차대차 - 측면직각충돌,중앙선침범,건조,맑음,단일로 - 기타,승용,남,76세,상해없음,승합,남,27세,경상
2015082600100268,2015년 8월 26일 12시,수요일,강원도 고성군 간성읍,중상사고,0,1,0,0,차대차 - 측면직각충돌,안전운전불이행,건조,맑음,교차로 - 교차로안,화물,남,29세,상해없음,원동기,남,41세,중상
2015082600100329,2015년 8월 26일 14시,수요일,강원도 원주시 단구동,경상사고,0,0,1,0,차대사람 - 횡단중,보행자보호의무위반,건조,맑음,단일로 - 기타,승합,남,63세,상해없음,보행자,여,6세,경상
2015082600100330,2015년 8월 26일 14시,수요일,강원도 고성군 토성면,경상사고,0,0,2,0,차대차 - 추돌 - 주정차중,안전운전불이행,건조,맑음,단일로 - 기타,화물,남,47세,상해없음,승용,여,56세,경상
2015082600100331,2015년 8월 26일 14시,수요일,강원도 철원군 근남면,중상사고,0,1,1,0,차대차 - 측면직각충돌,중앙선침범,건조,맑음,교차로 - 교차로부근,화물,남,20세,상해없음,화물,남,48세,중상
2015082600100400,2015년 8월 26일 16시,수요일,강원도 원주시 원동,경상사고,0,0,1,0,차대차 - 측면직각충돌,안전운전불이행,건조,맑음,교차로 - 교차로안,이륜,남,74세,경상,승용,남,50세,상해없음
2015082600100402,2015년 8월 26일 16시,수요일,강원도 횡성군 횡성읍,경상사고,0,0,1,0,차대차 - 추돌 - 주정차중,중앙선침범,건조,맑음,교차로 - 교차로부근,승합,남,48세,상해없음,화물,여,55세,경상
2015082600100440,2015년 8월 26일 17시,수요일,강원도 춘천시 퇴계동,경상사고,0,0,3,0,차대차 - 기타,안전운전불이행,건조,맑음,단일로 - 기타,화물,남,24세,기타불명,승용,남,43세,경상
2015082600100441,2015년 8월 26일 17시,수요일,강원도 원주시 판부면,경상사고,0,0,1,0,차대사람 - 기타,안전운전불이행,건조,흐림,단일로 - 기타,승용,남,87세,상해없음,보행자,남,60세,경상
2015082600100486,2015년 8월 26일 18시,수요일,강원도 태백시 황지동,경상사고,0,0,1,0,차대사람 - 기타,안전운전불이행,건조,맑음,기타 - 기타,승용,남,66세,상해없음,보행자,여,16세,경상
2015082600100487,2015년 8월 26일 18시,수요일,강원도 고성군 죽왕면,경상사고,0,0,2,0,차대차 - 측면직각충돌,안전운전불이행,건조,맑음,교차로 - 교차로안,화물,남,75세,상해없음,승용,남,53세,경상
2015082600100488,2015년 8월 26일 18시,수요일,강원도 동해시 천곡동,경상사고,0,0,1,0,차대사람 - 보도통행중,안전운전불이행,건조,맑음,단일로 - 기타,승용,남,52세,상해없음,보행자,남,60세,경상
2015082600100537,2015년 8월 26일 19시,수요일,강원도 춘천시 동면,중상사고,0,1,0,0,차대차 - 기타,안전거리미확보,건조,맑음,단일로 - 기타,화물,남,63세,상해없음,승합,남,72세,중상
2015082600100607,2015년 8월 26일 21시,수요일,강원도 강릉시 입암동,경상사고,0,0,4,0,차대차 - 기타,안전운전불이행,건조,맑음,단일로 - 기타,승용,남,41세,상해없음,승용,남,33세,상해없음
2015082600100608,2015년 8월 26일 21시,수요일,강원도 강릉시 교동,중상사고,0,1,0,0,차대사람 - 기타,안전운전불이행,건조,맑음,교차로 - 교차로안,승용,남,37세,상해없음,보행자,여,15세,중상
2015082600100609,2015년 8월 26일 21시,수요일,강원도 원주시 태장동,경상사고,0,0,1,0,차대사람 - 보도통행중,안전운전불이행,건조,맑음,기타 - 기타,화물,여,56세,상해없음,보행자,남,16세,경상
2015082600100649,2015년 8월 26일 22시,수요일,강원도 강릉시 교동,부상신고사고,0,0,0,1,차대사람 - 기타,안전운전불이행,건조,흐림,단일로 - 기타,승용,남,26세,상해없음,보행자,남,60세,부상신고
2015082700100031,2015년 8월 27일 01시,목요일,강원도 원주시 단계동,경상사고,0,0,2,0,차대차 - 추돌 - 주정차중,기타,건조,흐림,교차로 - 교차로부근,승용,남,27세,상해없음,승용,남,61세,상해없음
2015082700100054,2015년 8월 27일 03시,목요일,강원도 삼척시 하장면,중상사고,0,2,1,0,차대차 - 측면직각충돌,안전운전불이행,건조,맑음,단일로 - 기타,화물,남,49세,상해없음,승용,남,67세,중상
2015082700100070,2015년 8월 27일 05시,목요일,강원도 원주시 평원동,중상사고,0,1,0,0,차대사람 - 기타,안전운전불이행,습기,비,단일로 - 기타,승용,남,73세,상해없음,보행자,여,71세,중상
2015082700100141,2015년 8월 27일 08시,목요일,강원도 원주시 단구동,경상사고,0,0,1,0,차대사람 - 횡단중,신호위반,습기,비,단일로 - 기타,승용,남,71세,상해없음,보행자,여,13세,경상
2015082700100165,2015년 8월 27일 09시,목요일,강원도 춘천시 효자동,부상신고사고,0,0,0,1,차대차 - 측면직각충돌,안전운전불이행,건조,맑음,교차로 - 교차로부근,자전거,여,50세,부상신고,승용,남,75세,상해없음
2015082700100166,2015년 8월 27일 09시,목요일,강원도 양양군 서면,경상사고,0,0,1,0,차대차 - 추돌 - 진행중,중앙선침범,건조,맑음,단일로 - 기타,승용,남,27세,상해없음,승용,남,65세,경상
2015082700100226,2015년 8월 27일 11시,목요일,강원도 화천군 하남면,경상사고,0,0,1,0,차대차 - 추돌 - 진행중,안전운전불이행,건조,맑음,교차로 - 교차로부근,농기계,여,74세,경상,승용,여,53세,상해없음
2015082700100246,2015년 8월 27일 12시,목요일,강원도 춘천시 후평동,경상사고,0,0,3,0,차대차 - 추돌 - 진행중,안전거리미확보,건조,맑음,단일로 - 기타,화물,여,43세,상해없음,승용,남,51세,경상
2015082700100272,2015년 8월 27일 13시,목요일,강원도 강릉시 연곡면,중상사고,0,1,0,0,차량단독 - 공작물충돌,안전운전불이행,건조,맑음,단일로 - 기타,승용,남,77세,상해없음,,,,
2015082700100273,2015년 8월 27일 13시,목요일,강원도 강릉시 왕산면,중상사고,0,1,4,1,차대차 - 추돌 - 진행중,안전거리미확보,건조,맑음,단일로 - 기타,화물,남,42세,상해없음,승용,남,32세,경상
2015082700100304,2015년 8월 27일 14시,목요일,강원도 원주시 단계동,경상사고,0,0,1,0,차대차 - 추돌 - 진행중,안전거리미확보,건조,맑음,교차로 - 교차로부근,승용,여,57세,상해없음,승용,남,27세,경상
2015082700100344,2015년 8월 27일 15시,목요일,강원도 춘천시 효자동,경상사고,0,0,1,0,차대사람 - 횡단중,기타,건조,맑음,단일로 - 기타,승용,남,49세,상해없음,보행자,여,7세,경상
2015082700100378,2015년 8월 27일 16시,목요일,강원도 고성군 토성면,경상사고,0,0,1,0,차대차 - 추돌 - 주정차중,안전운전불이행,건조,맑음,교차로 - 교차로부근,승용,여,23세,상해없음,승용,남,37세,경상
2015082700100379,2015년 8월 27일 16시,목요일,강원도 속초시 노학동,중상사고,0,1,0,0,차대사람 - 보도통행중,안전운전불이행,건조,맑음,단일로 - 기타,승용,여,49세,상해없음,보행자,남,73세,중상
2015082700100380,2015년 8월 27일 16시,목요일,강원도 태백시 화전동,중상사고,0,2,0,0,차대차 - 측면직각충돌,중앙선침범,건조,맑음,단일로 - 기타,승용,남,57세,상해없음,원동기,남,69세,중상
2015082700100432,2015년 8월 27일 17시,목요일,강원도 강릉시 주문진읍,중상사고,0,1,0,0,차대차 - 측면직각충돌,중앙선침범,건조,맑음,단일로 - 기타,승용,남,31세,상해없음,원동기,남,40세,중상
2015082700100433,2015년 8월 27일 17시,목요일,강원도 철원군 서면,중상사고,0,1,0,0,차대사람 - 횡단중,안전운전불이행,건조,맑음,단일로 - 기타,화물,남,46세,상해없음,보행자,여,13세,중상
2015082700100479,2015년 8월 27일 18시,목요일,강원도 삼척시 근덕면,중상사고,0,1,0,0,차대사람 - 차도통행중,안전운전불이행,건조,맑음,단일로 - 기타,승용,여,54세,상해없음,보행자,여,25세,중상
2015082700100532,2015년 8월 27일 19시,목요일,강원도 춘천시 동면,경상사고,0,0,2,0,차대차 - 측면직각충돌,신호위반,건조,맑음,교차로 - 교차로안,승합,여,31세,상해없음,승용,남,58세,경상
2015082700100533,2015년 8월 27일 19시,목요일,강원도 속초시 교동,경상사고,0,0,1,0,차대차 - 추돌 - 주정차중,안전운전불이행,건조,맑음,단일로 - 기타,승용,남,46세,상해없음,승용,여,43세,경상
2015082700100534,2015년 8월 27일 19시,목요일,강원도 속초시 조양동,경상사고,0,0,1,0,차대차 - 측면직각충돌,직진우회전진행방해,건조,맑음,교차로 - 교차로안,승용,남,64세,상해없음,승용,남,76세,경상
2015082700100599,2015년 8월 27일 21시,목요일,강원도 원주시 개운동,사망사고,2,0,0,0,차대사람 - 횡단중,보행자보호의무위반,건조,맑음,단일로 - 기타,화물,남,71세,상해없음,보행자,여,67세,사망
2015082700100624,2015년 8월 27일 22시,목요일,강원도 춘천시 석사동,경상사고,0,0,1,0,차대차 - 기타,안전운전불이행,건조,맑음,단일로 - 기타,승용,남,26세,기타불명,승용,여,60세,경상
2015082700100625,2015년 8월 27일 22시,목요일,강원도 강릉시 노암동,경상사고,0,0,1,0,차대차 - 추돌 - 진행중,중앙선침범,건조,맑음,단일로 - 기타,승용,남,33세,상해없음,승용,남,68세,경상
2015082700100626,2015년 8월 27일 22시,목요일,강원도 영월군 남면,중상사고,0,1,0,0,차대차 - 추돌 - 주정차중,안전운전불이행,건조,맑음,단일로 - 기타,승용,남,36세,상해없음,승용,남,39세,중상
2015082700100653,2015년 8월 27일 23시,목요일,강원도 원주시 신림면,중상사고,0,2,0,0,차대차 - 추돌 - 진행중,차로위반,건조,맑음,단일로 - 기타,승용,남,45세,상해없음,화물,남,55세,중상
2015082800100090,2015년 8월 28일 07시,금요일,강원도 원주시 문막읍,경상사고,0,0,1,0,차대차 - 측면직각충돌,안전운전불이행,건조,맑음,교차로 - 교차로안,승용,남,56세,경상,화물,남,56세,상해없음
2015082800100125,2015년 8월 28일 08시,금요일,강원도 평창군 봉평면,경상사고,0,0,1,0,차대차 - 정면충돌,중앙선침범,건조,맑음,단일로 - 기타,화물,남,62세,상해없음,승용,남,60세,경상
2015082800100126,2015년 8월 28일 08시,금요일,강원도 철원군 철원읍,중상사고,0,1,0,0,차대사람 - 횡단중,안전운전불이행,건조,맑음,단일로 - 기타,승용,남,50세,상해없음,보행자,남,4세,중상
2015082800100160,2015년 8월 28일 09시,금요일,강원도 춘천시 북산면,중상사고,0,1,0,0,차대차 - 추돌 - 진행중,안전운전불이행,건조,맑음,교차로 - 교차로부근,승용,여,35세,상해없음,이륜,남,50세,중상
2015082800100161,2015년 8월 28일 09시,금요일,강원도 강릉시 교동,경상사고,0,0,1,0,차대차 - 측면직각충돌,안전운전불이행,건조,맑음,단일로 - 기타,자전거,남,79세,경상,승용,여,50세,상해없음
2015082800100162,2015년 8월 28일 09시,금요일,강원도 속초시 교동,경상사고,0,0,1,0,차대사람 - 기타,안전운전불이행,건조,맑음,단일로 - 기타,승용,여,59세,상해없음,보행자,여,53세,경상
2015082800100163,2015년 8월 28일 09시,금요일,강원도 정선군 신동읍,중상사고,0,1,0,0,차대차 - 측면직각충돌,교차로운행방법위반,건조,맑음,교차로 - 교차로안,승용,남,66세,상해없음,승용,여,60세,중상
2015082800100196,2015년 8월 28일 10시,금요일,강원도 삼척시 사직동,경상사고,0,0,2,0,차대차 - 추돌 - 진행중,안전운전불이행,건조,맑음,교차로 - 교차로부근,건설기계,남,46세,상해없음,승용,남,55세,경상
2015082800100197,2015년 8월 28일 10시,금요일,강원도 영월군 한반도면,중상사고,0,2,1,0,차대차 - 측면직각충돌,안전운전불이행,건조,맑음,단일로 - 기타,승용,남,66세,상해없음,승용,여,50세,중상
2015082800100219,2015년 8월 28일 11시,금요일,강원도 강릉시 포남동,경상사고,0,0,1,0,차대사람 - 차도통행중,안전운전불이행,건조,맑음,단일로 - 기타,기타불명,기타불명,50세,기타불명,보행자,여,50세,경상
2015082800100250,2015년 8월 28일 12시,금요일,강원도 원주시 단구동,경상사고,0,0,1,0,차대차 - 추돌 - 진행중,교차로운행방법위반,건조,맑음,교차로 - 교차로안,승용,남,25세,상해없음,자전거,남,71세,경상
2015082800100286,2015년 8월 28일 13시,금요일,강원도 춘천시 남산면,중상사고,0,2,1,0,차대차 - 측면직각충돌,신호위반,건조,맑음,교차로 - 교차로안,승용,남,67세,상해없음,승용,여,28세,중상
2015082800100287,2015년 8월 28일 13시,금요일,강원도 강릉시 성산면,중상사고,0,2,1,0,차대차 - 추돌 - 주정차중,안전거리미확보,건조,맑음,단일로 - 터널,승용,남,56세,상해없음,승용,남,35세,중상
2015082800100324,2015년 8월 28일 14시,금요일,강원도 춘천시 중앙로1가,경상사고,0,0,1,0,차대차 - 측면직각충돌,신호위반,건조,맑음,교차로 - 교차로안,승용,여,49세,상해없음,승용,남,60세,경상
2015082800100374,2015년 8월 28일 15시,금요일,강원도 춘천시 소양로1가,중상사고,0,1,1,0,차대차 - 추돌 - 진행중,안전운전불이행,건조,맑음,단일로 - 기타,승용,남,44세,상해없음,승용,여,46세,중상
2015082800100375,2015년 8월 28일 15시,금요일,강원도 춘천시 교동,중상사고,0,1,0,0,차대차 - 측면직각충돌,직진우회전진행방해,건조,맑음,교차로 - 교차로안,승용,남,34세,상해없음,승용,여,48세,중상
2015082800100417,2015년 8월 28일 16시,금요일,강원도 원주시 단구동,부상신고사고,0,0,0,1,차대사람 - 길가장자리구역통행중,안전운전불이행,건조,맑음,단일로 - 기타,기타불명,기타불명,기타불명,기타불명,보행자,남,8세,부상신고
2015082800100463,2015년 8월 28일 17시,금요일,강원도 춘천시 온의동,중상사고,0,1,0,0,차대사람 - 횡단중,보행자보호의무위반,건조,맑음,단일로 - 기타,승용,남,54세,상해없음,보행자,남,43세,중상
2015082800100464,2015년 8월 28일 17시,금요일,강원도 원주시 단구동,경상사고,0,0,1,0,차대차 - 측면직각충돌,중앙선침범,건조,맑음,단일로 - 기타,승용,남,59세,상해없음,승용,여,21세,경상
2015082800100465,2015년 8월 28일 17시,금요일,강원도 원주시 봉산동,중상사고,0,1,1,0,차대차 - 측면직각충돌,직진우회전진행방해,건조,맑음,교차로 - 교차로안,승용,여,44세,상해없음,이륜,남,66세,중상
2015082800100466,2015년 8월 28일 17시,금요일,강원도 평창군 대관령면,경상사고,0,0,1,0,차대차 - 정면충돌,중앙선침범,건조,맑음,단일로 - 기타,승용,남,60세,상해없음,승용,여,60세,경상
2015082800100511,2015년 8월 28일 18시,금요일,강원도 춘천시 동면,경상사고,0,0,1,0,차대차 - 측면직각충돌,차로위반,건조,맑음,교차로 - 교차로부근,승용,남,43세,상해없음,원동기,남,75세,경상
2015082800100557,2015년 8월 28일 19시,금요일,강원도 원주시 단계동,경상사고,0,0,1,0,차대차 - 추돌 - 진행중,차로위반,건조,맑음,단일로 - 기타,승용,남,26세,상해없음,승용,여,42세,경상
2015082800100558,2015년 8월 28일 19시,금요일,강원도 원주시 귀래면,경상사고,0,0,2,0,차대차 - 측면직각충돌,안전거리미확보,건조,맑음,단일로 - 기타,승용,여,64세,경상,승용,남,41세,경상
2015082800100595,2015년 8월 28일 20시,금요일,강원도 춘천시 석사동,중상사고,0,1,0,0,차대사람 - 길가장자리구역통행중,안전운전불이행,건조,맑음,단일로 - 기타,기타불명,기타불명,기타불명,기타불명,보행자,남,46세,중상
2015082900100031,2015년 8월 29일 01시,토요일,강원도 원주시 관설동,경상사고,0,0,1,0,차대사람 - 길가장자리구역통행중,안전운전불이행,건조,맑음,단일로 - 기타,승용,남,34세,상해없음,보행자,남,32세,경상
2015082900100032,2015년 8월 29일 01시,토요일,강원도 원주시 문막읍,중상사고,0,1,0,0,차대차 - 기타,기타,건조,맑음,단일로 - 기타,승용,남,58세,상해없음,승용,남,22세,상해없음
2015082900100049,2015년 8월 29일 02시,토요일,강원도 원주시 단구동,중상사고,0,1,1,0,차대차 - 측면직각충돌,신호위반,건조,맑음,교차로 - 교차로안,승용,여,39세,상해없음,승용,남,26세,경상
2015082900100050,2015년 8월 29일 02시,토요일,강원도 속초시 장사동,경상사고,0,0,1,0,차량단독 - 공작물충돌,안전운전불이행,건조,맑음,단일로 - 기타,승용,여,24세,상해없음,,,,
2015082900100106,2015년 8월 29일 06시,토요일,강원도 강릉시 노암동,경상사고,0,0,1,0,차대차 - 측면직각충돌,신호위반,건조,맑음,교차로 - 교차로안,승용,남,62세,상해없음,승용,여,44세,경상
2015082900100107,2015년 8월 29일 06시,토요일,강원도 원주시 단계동,경상사고,0,0,3,0,차대차 - 측면직각충돌,교차로운행방법위반,건조,맑음,교차로 - 교차로안,승용,남,50세,경상,화물,남,52세,경상
2015082900100145,2015년 8월 29일 08시,토요일,강원도 춘천시 효자동,중상사고,0,2,0,0,차대차 - 추돌 - 주정차중,안전운전불이행,건조,맑음,단일로 - 기타,화물,남,32세,상해없음,승용,남,53세,중상
2015082900100168,2015년 8월 29일 09시,토요일,강원도 원주시 신림면,경상사고,0,0,4,0,차대차 - 측면직각충돌,안전운전불이행,건조,맑음,단일로 - 기타,승용,남,32세,경상,승용,남,68세,경상
2015082900100203,2015년 8월 29일 10시,토요일,강원도 춘천시 서면,경상사고,0,0,1,0,차대차 - 측면직각충돌,차로위반,건조,맑음,단일로 - 기타,승용,남,55세,상해없음,승합,남,51세,경상
2015082900100204,2015년 8월 29일 10시,토요일,강원도 홍천군 화촌면,경상사고,0,0,2,1,차대차 - 추돌 - 진행중,안전거리미확보,건조,맑음,단일로 - 터널,승용,남,20세,상해없음,승용,남,26세,상해없음
2015082900100241,2015년 8월 29일 11시,토요일,강원도 춘천시 남산면,경상사고,0,0,1,0,차대차 - 측면직각충돌,안전운전불이행,건조,맑음,단일로 - 기타,이륜,여,32세,기타불명,이륜,남,24세,경상
2015082900100283,2015년 8월 29일 12시,토요일,강원도 원주시 행구동,경상사고,0,0,1,0,차대차 - 측면직각충돌,안전운전불이행,건조,맑음,단일로 - 기타,승용,남,58세,상해없음,승용,남,48세,경상
2015082900100284,2015년 8월 29일 12시,토요일,강원도 속초시 교동,중상사고,0,1,0,0,차대차 - 추돌 - 주정차중,안전운전불이행,건조,맑음,단일로 - 기타,승용,남,22세,상해없음,승용,여,38세,중상
2015082900100377,2015년 8월 29일 14시,토요일,강원도 삼척시 근덕면,경상사고,0,0,1,0,차대차 - 측면직각충돌,안전운전불이행,건조,맑음,교차로 - 교차로안,승용,남,50세,상해없음,자전거,남,55세,경상
2015082900100423,2015년 8월 29일 15시,토요일,강원도 춘천시 남산면,중상사고,0,1,0,0,차대차 - 기타,안전운전불이행,건조,맑음,단일로 - 기타,승용,남,30세,상해없음,자전거,남,53세,중상
2015082900100424,2015년 8월 29일 15시,토요일,강원도 강릉시 임당동,부상신고사고,0,0,0,1,차대차 - 기타,안전운전불이행,건조,맑음,단일로 - 기타,승용,남,55세,상해없음,원동기,남,18세,부상신고
2015082900100425,2015년 8월 29일 15시,토요일,강원도 원주시 흥업면,중상사고,0,5,0,0,차대차 - 추돌 - 주정차중,안전거리미확보,건조,맑음,교차로 - 교차로부근,특수,남,60세,상해없음,승용,남,51세,중상
2015082900100459,2015년 8월 29일 16시,토요일,강원도 춘천시 후평동,경상사고,0,0,1,0,차대사람 - 횡단중,보행자보호의무위반,건조,맑음,교차로 - 교차로부근,승합,남,43세,상해없음,보행자,여,46세,경상
2015082900100460,2015년 8월 29일 16시,토요일,강원도 춘천시 남산면,경상사고,0,0,1,0,차대차 - 기타,안전운전불이행,건조,맑음,단일로 - 기타,승용,남,39세,상해없음,이륜,남,84세,경상
2015082900100461,2015년 8월 29일 16시,토요일,강원도 삼척시 읍상동,중상사고,0,2,2,0,차대차 - 측면직각충돌,안전운전불이행,건조,맑음,교차로 - 교차로안,승용,여,56세,경상,승합,남,27세,경상
2015082900100502,2015년 8월 29일 17시,토요일,강원도 춘천시 퇴계동,경상사고,0,0,2,0,차대차 - 측면직각충돌,교차로운행방법위반,건조,맑음,교차로 - 교차로안,승용,남,26세,경상,승용,여,60세,상해없음
2015082900100503,2015년 8월 29일 17시,토요일,강원도 춘천시 신동면,부상신고사고,0,0,0,1,차대차 - 기타,신호위반,건조,맑음,교차로 - 교차로안,원동기,남,68세,부상신고,승용,남,58세,상해없음
2015082900100504,2015년 8월 29일 17시,토요일,강원도 원주시 태장동,경상사고,0,0,1,0,차대사람 - 기타,안전운전불이행,건조,맑음,단일로 - 기타,승용,여,33세,상해없음,보행자,남,7세,경상
2015082900100505,2015년 8월 29일 17시,토요일,강원도 영월군 영월읍,경상사고,0,0,4,0,차대차 - 기타,안전거리미확보,건조,맑음,단일로 - 기타,승용,남,55세,상해없음,승용,남,57세,상해없음
2015082900100506,2015년 8월 29일 17시,토요일,강원도 정선군 정선읍,중상사고,0,1,2,1,차량단독 - 공작물충돌,안전운전불이행,건조,맑음,단일로 - 기타,승용,여,20세,상해없음,,,,
2015082900100507,2015년 8월 29일 17시,토요일,강원도 횡성군 횡성읍,경상사고,0,0,1,0,차대차 - 추돌 - 주정차중,안전운전불이행,건조,맑음,단일로 - 기타,화물,남,54세,상해없음,승용,여,44세,경상
2015082900100549,2015년 8월 29일 18시,토요일,강원도 태백시 문곡동,부상신고사고,0,0,0,3,차대차 - 기타,안전거리미확보,건조,맑음,단일로 - 기타,승용,남,64세,상해없음,승합,남,37세,상해없음
2015082900100550,2015년 8월 29일 18시,토요일,강원도 정선군 정선읍,경상사고,0,0,4,0,차대차 - 추돌 - 진행중,안전운전불이행,건조,맑음,단일로 - 기타,승용,남,43세,상해없음,승용,남,47세,상해없음
2015082900100593,2015년 8월 29일 19시,토요일,강원도 원주시 우산동,경상사고,0,0,1,0,차대차 - 측면직각충돌,안전거리미확보,건조,맑음,단일로 - 기타,원동기,남,19세,경상,승합,남,40세,상해없음
2015082900100594,2015년 8월 29일 19시,토요일,강원도 원주시 문막읍,경상사고,0,0,2,0,차대차 - 추돌 - 진행중,안전거리미확보,건조,맑음,교차로 - 교차로부근,승합,남,49세,상해없음,승용,남,58세,경상
2015082900100595,2015년 8월 29일 19시,토요일,강원도 원주시 봉산동,경상사고,0,0,2,0,차대차 - 추돌 - 진행중,안전거리미확보,건조,맑음,단일로 - 기타,승합,남,45세,상해없음,승용,남,53세,경상
2015082900100636,2015년 8월 29일 20시,토요일,강원도 강릉시 교동,경상사고,0,0,3,0,차대차 - 기타,안전운전불이행,건조,맑음,교차로 - 교차로부근,승용,남,42세,상해없음,승용,남,48세,경상