사고번호,사고일시,요일,시군구,사고내용,사망자수,중상자수,경상자수,부상신고자수,사고유형,법규위반,노면상태,기상상태,도로형태,가해운전자 차종,가해운전자 성별,가해운전자 연령,가해운전자 상해정도,피해운전자 차종,피해운전자 성별,피해운전자 연령,피해운전자 상해정도
2015082900100637,2015년 8월 29일 20시,토요일,강원도 원주시 개운동,경상사고,0,0,1,0,차대차 - 측면직각충돌,안전거리미확보,건조,맑음,단일로 - 기타,원동기,남,49세,상해없음,승용,남,36세,경상
2015082900100668,2015년 8월 29일 21시,토요일,강원도 동해시 천곡동,경상사고,0,0,1,0,차대차 - 측면직각충돌,안전운전불이행,건조,맑음,교차로 - 교차로안,승용,남,38세,상해없음,승용,남,49세,경상
2015083000100011,2015년 8월 30일 00시,일요일,강원도 철원군 서면,경상사고,0,0,3,0,차량단독 - 공작물충돌,안전운전불이행,건조,맑음,단일로 - 기타,승용,남,21세,경상,,,,
2015083000100056,2015년 8월 30일 02시,일요일,강원도 원주시 단계동,경상사고,0,0,3,0,차대차 - 측면직각충돌,교차로운행방법위반,건조,맑음,교차로 - 교차로안,승용,남,44세,상해없음,승용,남,42세,경상
2015083000100084,2015년 8월 30일 04시,일요일,강원도 원주시 문막읍,경상사고,0,0,7,0,차대차 - 추돌 - 주정차중,안전거리미확보,건조,맑음,교차로 - 교차로부근,승합,남,24세,경상,승용,남,19세,경상
2015083000100155,2015년 8월 30일 09시,일요일,강원도 춘천시 우두동,경상사고,0,0,1,0,차대차 - 측면직각충돌,기타,건조,맑음,교차로 - 교차로부근,승용,남,54세,상해없음,이륜,남,86세,경상
2015083000100156,2015년 8월 30일 09시,일요일,강원도 횡성군 둔내면,경상사고,0,0,1,0,차량단독 - 전도전복,안전운전불이행,건조,맑음,단일로 - 기타,이륜,남,39세,경상,,,,
2015083000100176,2015년 8월 30일 10시,일요일,강원도 고성군 토성면,사망사고,2,0,1,0,차대차 - 추돌 - 진행중,과속,건조,맑음,단일로 - 기타,승용,남,37세,상해없음,승용,기타불명,47세,사망
2015083000100202,2015년 8월 30일 11시,일요일,강원도 횡성군 횡성읍,경상사고,0,0,3,0,차대차 - 측면직각충돌,안전운전불이행,건조,맑음,교차로 - 교차로안,화물,남,64세,상해없음,승용,남,53세,경상
2015083000100249,2015년 8월 30일 13시,일요일,강원도 춘천시 서면,중상사고,0,1,0,0,차대차 - 정면충돌,중앙선침범,건조,맑음,단일로 - 기타,자전거,남,29세,기타불명,자전거,남,50세,중상
2015083000100250,2015년 8월 30일 13시,일요일,강원도 춘천시 석사동,경상사고,0,0,4,0,차대차 - 측면직각충돌,직진우회전진행방해,건조,맑음,교차로 - 교차로안,승용,남,54세,상해없음,화물,남,55세,경상
2015083000100251,2015년 8월 30일 13시,일요일,강원도 화천군 사내면,중상사고,0,1,0,1,차대차 - 기타,안전운전불이행,건조,맑음,단일로 - 기타,이륜,남,28세,중상,이륜,남,38세,상해없음
2015083000100252,2015년 8월 30일 13시,일요일,강원도 횡성군 갑천면,경상사고,0,0,1,0,차대차 - 기타,안전거리미확보,건조,맑음,교차로 - 교차로안,승용,여,47세,상해없음,자전거,남,12세,경상
2015083000100253,2015년 8월 30일 13시,일요일,강원도 고성군 거진읍,경상사고,0,0,1,0,차대차 - 측면직각충돌,안전운전불이행,건조,맑음,기타 - 기타,승용,남,47세,상해없음,승용,여,57세,경상
2015083000100279,2015년 8월 30일 14시,일요일,강원도 원주시 학성동,부상신고사고,0,0,0,1,차대차 - 추돌 - 진행중,안전운전불이행,건조,맑음,교차로 - 교차로부근,기타불명,기타불명,기타불명,기타불명,승용,여,49세,부상신고
2015083000100313,2015년 8월 30일 15시,일요일,강원도 원주시 태장동,경상사고,0,0,3,0,차대차 - 추돌 - 진행중,안전운전불이행,건조,맑음,기타 - 기타,승용,남,59세,상해없음,승용,남,25세,경상
2015083000100314,2015년 8월 30일 15시,일요일,강원도 평창군 방림면,중상사고,0,1,2,0,차대차 - 추돌 - 진행중,안전거리미확보,건조,맑음,교차로 - 교차로안,승용,남,52세,상해없음,승합,남,62세,경상
2015083000100315,2015년 8월 30일 15시,일요일,강원도 평창군 대관령면,부상신고사고,0,0,0,3,차대차 - 추돌 - 진행중,안전운전불이행,건조,맑음,단일로 - 기타,승용,남,23세,상해없음,승용,남,31세,부상신고
2015083000100389,2015년 8월 30일 17시,일요일,강원도 춘천시 후평동,경상사고,0,0,1,0,차대차 - 측면직각충돌,직진우회전진행방해,건조,맑음,교차로 - 교차로안,승용,남,51세,상해없음,자전거,남,13세,경상
2015083000100425,2015년 8월 30일 18시,일요일,강원도 원주시 태장동,경상사고,0,0,1,0,차대차 - 측면직각충돌,안전운전불이행,건조,맑음,교차로 - 교차로안,이륜,남,20세,경상,승용,여,33세,상해없음
2015083000100426,2015년 8월 30일 18시,일요일,강원도 홍천군 내면,경상사고,0,0,1,1,차대차 - 측면직각충돌,안전운전불이행,습기,흐림,단일로 - 기타,승용,남,33세,상해없음,승용,남,76세,상해없음
2015083000100427,2015년 8월 30일 18시,일요일,강원도 고성군 간성읍,경상사고,0,0,2,0,차대차 - 측면직각충돌,중앙선침범,건조,맑음,단일로 - 기타,화물,남,56세,상해없음,승용,남,59세,경상
2015083000100497,2015년 8월 30일 20시,일요일,강원도 삼척시 남양동,경상사고,0,0,1,0,차대차 - 측면직각충돌,안전운전불이행,건조,맑음,교차로 - 교차로안,승용,남,59세,상해없음,원동기,남,18세,경상
2015083000100532,2015년 8월 30일 21시,일요일,강원도 평창군 봉평면,경상사고,0,0,1,0,차대차 - 측면직각충돌,안전운전불이행,건조,맑음,교차로 - 교차로안,승용,여,36세,상해없음,승용,여,51세,경상
2015083100100074,2015년 8월 31일 06시,월요일,강원도 원주시 단구동,경상사고,0,0,1,0,차대사람 - 기타,안전운전불이행,건조,맑음,교차로 - 교차로부근,승용,여,54세,상해없음,보행자,남,58세,경상
2015083100100131,2015년 8월 31일 08시,월요일,강원도 춘천시 퇴계동,중상사고,0,1,2,0,차대차 - 기타,신호위반,건조,맑음,교차로 - 교차로안,승합,남,44세,상해없음,승용,남,47세,중상
2015083100100132,2015년 8월 31일 08시,월요일,강원도 춘천시 석사동,경상사고,0,0,1,0,차대사람 - 횡단중,보행자보호의무위반,건조,맑음,교차로 - 교차로부근,자전거,남,14세,상해없음,보행자,여,53세,경상
2015083100100133,2015년 8월 31일 08시,월요일,강원도 강릉시 교동,경상사고,0,0,1,0,차대차 - 측면직각충돌,안전운전불이행,건조,맑음,교차로 - 교차로부근,승용,남,40세,상해없음,자전거,남,74세,경상
2015083100100134,2015년 8월 31일 08시,월요일,강원도 원주시 문막읍,경상사고,0,0,1,0,차대차 - 추돌 - 진행중,교차로운행방법위반,건조,맑음,교차로 - 교차로안,승용,여,26세,상해없음,승합,남,59세,상해없음
2015083100100172,2015년 8월 31일 09시,월요일,강원도 태백시 황지동,부상신고사고,0,0,0,2,차대차 - 측면직각충돌,신호위반,건조,맑음,교차로 - 교차로안,승용,여,44세,상해없음,승용,남,40세,부상신고
2015083100100173,2015년 8월 31일 09시,월요일,강원도 횡성군 서원면,중상사고,0,1,0,0,차대사람 - 기타,안전운전불이행,건조,맑음,단일로 - 기타,특수,남,20세,상해없음,보행자,남,54세,중상
2015083100100174,2015년 8월 31일 09시,월요일,강원도 양구군 양구읍,중상사고,0,1,0,0,차대차 - 측면직각충돌,안전운전불이행,건조,맑음,교차로 - 교차로안,승용,남,24세,상해없음,원동기,남,74세,중상
2015083100100297,2015년 8월 31일 13시,월요일,강원도 원주시 봉산동,부상신고사고,0,0,0,1,차대차 - 추돌 - 진행중,안전거리미확보,건조,맑음,단일로 - 기타,기타불명,기타불명,기타불명,기타불명,자전거,여,55세,부상신고
2015083100100403,2015년 8월 31일 16시,월요일,강원도 태백시 황지동,경상사고,0,0,1,0,차대차 - 추돌 - 진행중,안전운전불이행,건조,맑음,교차로 - 교차로부근,승용,여,48세,상해없음,승용,남,62세,경상
2015083100100404,2015년 8월 31일 16시,월요일,강원도 고성군 간성읍,중상사고,0,1,0,0,차대차 - 정면충돌,안전운전불이행,건조,맑음,교차로 - 교차로안,승용,남,58세,상해없음,원동기,남,64세,중상
2015083100100438,2015년 8월 31일 17시,월요일,강원도 원주시 단계동,경상사고,0,0,2,0,차대차 - 기타,안전거리미확보,건조,맑음,단일로 - 기타,건설기계,남,44세,상해없음,승용,남,24세,경상
2015083100100439,2015년 8월 31일 17시,월요일,강원도 홍천군 내면,경상사고,0,0,1,0,차대차 - 측면직각충돌,안전운전불이행,건조,맑음,단일로 - 기타,화물,여,47세,상해없음,화물,남,58세,경상
2015083100100471,2015년 8월 31일 18시,월요일,강원도 삼척시 도계읍,중상사고,0,1,0,0,차대사람 - 횡단중,안전운전불이행,건조,맑음,단일로 - 기타,승용,여,50세,상해없음,보행자,여,58세,중상
2015083100100472,2015년 8월 31일 18시,월요일,강원도 동해시 구미동,경상사고,0,0,4,0,차대차 - 측면직각충돌,안전운전불이행,건조,맑음,단일로 - 기타,승용,여,29세,상해없음,승합,남,53세,경상
2015083100100473,2015년 8월 31일 18시,월요일,강원도 원주시 소초면,중상사고,0,11,3,0,차량단독 - 공작물충돌,안전운전불이행,습기,비,단일로 - 기타,승합,남,62세,상해없음,,,,
2015083100100523,2015년 8월 31일 19시,월요일,강원도 강릉시 교동,경상사고,0,0,1,0,차대차 - 기타,안전운전불이행,건조,맑음,단일로 - 기타,승용,남,62세,상해없음,원동기,남,23세,경상
2015083100100557,2015년 8월 31일 20시,월요일,강원도 원주시 학성동,경상사고,0,0,1,0,차대차 - 추돌 - 진행중,안전운전불이행,습기,비,단일로 - 기타,승합,남,53세,상해없음,승용,남,44세,경상
2015083100100586,2015년 8월 31일 21시,월요일,강원도 강릉시 노암동,경상사고,0,0,3,0,차대차 - 기타,안전운전불이행,건조,맑음,단일로 - 기타,승용,남,60세,경상,승용,여,45세,경상
2015083100100587,2015년 8월 31일 21시,월요일,강원도 인제군 북면,중상사고,0,3,0,0,차대사람 - 길가장자리구역통행중,안전운전불이행,건조,맑음,단일로 - 기타,승용,남,36세,상해없음,보행자,여,40세,중상
2015083100100613,2015년 8월 31일 22시,월요일,강원도 동해시 망상동,중상사고,0,1,0,0,차량단독 - 공작물충돌,안전운전불이행,건조,맑음,교차로 - 교차로안,승용,남,58세,상해없음,,,,
2015083100100639,2015년 8월 31일 23시,월요일,강원도 원주시 개운동,중상사고,0,1,1,0,차량단독 - 공작물충돌,안전운전불이행,건조,맑음,교차로 - 교차로부근,승용,여,60세,경상,,,,
2015090100100007,2015년 9월 1일 00시,화요일,강원도 원주시 우산동,중상사고,0,2,1,0,차대차 - 기타,중앙선침범,건조,맑음,교차로 - 교차로부근,이륜,남,18세,중상,승용,남,40세,경상
2015090100100039,2015년 9월 1일 02시,화요일,강원도 원주시 단계동,경상사고,0,0,2,0,차대차 - 추돌 - 진행중,교차로운행방법위반,건조,맑음,교차로 - 교차로안,승용,남,26세,기타불명,이륜,남,17세,경상
2015090100100046,2015년 9월 1일 03시,화요일,강원도 춘천시 석사동,경상사고,0,0,1,0,차대차 - 측면직각충돌,신호위반,건조,맑음,교차로 - 교차로안,승용,남,60세,상해없음,특수,남,56세,상해없음
2015090100100097,2015년 9월 1일 06시,화요일,강원도 속초시 조양동,경상사고,0,0,3,0,차대차 - 측면직각충돌,중앙선침범,습기,흐림,기타 - 기타,승용,남,72세,상해없음,승합,남,41세,경상
2015090100100119,2015년 9월 1일 07시,화요일,강원도 횡성군 횡성읍,경상사고,0,0,1,0,차대차 - 추돌 - 진행중,안전운전불이행,건조,맑음,단일로 - 기타,화물,남,54세,기타불명,화물,남,63세,상해없음
2015090100100153,2015년 9월 1일 08시,화요일,강원도 강릉시 지변동,경상사고,0,0,2,0,차대차 - 기타,안전운전불이행,건조,맑음,교차로 - 교차로안,승용,여,55세,상해없음,승용,남,74세,경상
2015090100100154,2015년 9월 1일 08시,화요일,강원도 삼척시 도계읍,중상사고,0,1,0,0,차대차 - 정면충돌,안전운전불이행,건조,맑음,단일로 - 기타,승용,여,61세,상해없음,원동기,남,66세,중상
2015090100100189,2015년 9월 1일 09시,화요일,강원도 춘천시 운교동,경상사고,0,0,1,0,차대차 - 기타,안전운전불이행,건조,맑음,교차로 - 교차로안,승용,남,31세,상해없음,승용,남,52세,상해없음
2015090100100190,2015년 9월 1일 09시,화요일,강원도 삼척시 도계읍,중상사고,0,2,1,0,차대차 - 측면직각충돌,중앙선침범,습기,비,단일로 - 기타,승용,여,56세,중상,건설기계,남,39세,중상
2015090100100229,2015년 9월 1일 10시,화요일,강원도 강릉시 노암동,경상사고,0,0,1,0,차대차 - 추돌 - 주정차중,안전운전불이행,습기,비,교차로 - 교차로부근,화물,남,58세,상해없음,화물,남,58세,경상
2015090100100259,2015년 9월 1일 11시,화요일,강원도 춘천시 퇴계동,경상사고,0,0,1,0,차대차 - 추돌 - 주정차중,안전운전불이행,건조,맑음,교차로 - 교차로부근,승용,여,42세,상해없음,승용,여,56세,경상
2015090100100260,2015년 9월 1일 11시,화요일,강원도 춘천시 퇴계동,경상사고,0,0,1,0,차대차 - 측면직각충돌,신호위반,건조,맑음,교차로 - 교차로안,승용,남,53세,상해없음,승용,남,75세,경상
2015090100100261,2015년 9월 1일 11시,화요일,강원도 강릉시 홍제동,경상사고,0,0,1,0,차대사람 - 기타,안전운전불이행,건조,맑음,교차로 - 교차로안,승용,남,54세,상해없음,보행자,여,58세,경상
2015090100100262,2015년 9월 1일 11시,화요일,강원도 횡성군 우천면,중상사고,0,2,5,0,차대차 - 추돌 - 진행중,안전거리미확보,건조,맑음,단일로 - 기타,화물,남,44세,상해없음,승용,남,53세,상해없음
2015090100100297,2015년 9월 1일 12시,화요일,강원도 원주시 소초면,경상사고,0,0,1,0,차대차 - 기타,직진우회전진행방해,건조,맑음,교차로 - 교차로안,승용,여,47세,상해없음,승용,남,21세,경상
2015090100100298,2015년 9월 1일 12시,화요일,강원도 횡성군 갑천면,중상사고,0,1,1,0,차대차 - 측면직각충돌,중앙선침범,건조,맑음,단일로 - 교량,승용,여,57세,상해없음,승용,남,57세,중상
2015090100100356,2015년 9월 1일 14시,화요일,강원도 춘천시 신북읍,중상사고,0,2,3,0,차대차 - 측면직각충돌,중앙선침범,건조,맑음,단일로 - 기타,화물,남,64세,상해없음,특수,남,21세,상해없음
2015090100100425,2015년 9월 1일 16시,화요일,강원도 동해시 천곡동,경상사고,0,0,1,0,차대차 - 측면직각충돌,불법유턴,건조,맑음,단일로 - 기타,승용,남,41세,경상,승용,여,52세,상해없음
2015090100100477,2015년 9월 1일 17시,화요일,강원도 동해시 송정동,경상사고,0,0,1,0,차대사람 - 횡단중,안전운전불이행,건조,맑음,교차로 - 교차로안,화물,남,30세,상해없음,보행자,남,77세,경상
2015090100100525,2015년 9월 1일 18시,화요일,강원도 원주시 우산동,중상사고,0,1,2,0,차대차 - 추돌 - 진행중,안전거리미확보,건조,맑음,교차로 - 교차로부근,승용,남,54세,경상,승용,남,57세,중상
2015090100100555,2015년 9월 1일 19시,화요일,강원도 원주시 학성동,경상사고,0,0,1,0,차대차 - 기타,중앙선침범,건조,맑음,단일로 - 기타,승용,남,58세,상해없음,승합,남,56세,상해없음
2015090100100556,2015년 9월 1일 19시,화요일,강원도 철원군 동송읍,중상사고,0,1,0,0,차대차 - 추돌 - 진행중,교차로운행방법위반,건조,맑음,교차로 - 교차로안,승용,남,27세,상해없음,원동기,남,67세,중상
2015090100100606,2015년 9월 1일 20시,화요일,강원도 춘천시 근화동,경상사고,0,0,1,0,차대차 - 측면직각충돌,중앙선침범,건조,맑음,교차로 - 교차로부근,화물,여,54세,상해없음,승용,남,48세,경상
2015090100100647,2015년 9월 1일 21시,화요일,강원도 원주시 단구동,경상사고,0,0,1,0,차대차 - 측면직각충돌,중앙선침범,건조,맑음,단일로 - 기타,승용,여,33세,상해없음,이륜,남,23세,경상
2015090100100686,2015년 9월 1일 22시,화요일,강원도 강릉시 유천동,중상사고,0,1,1,0,차대차 - 기타,신호위반,건조,맑음,교차로 - 교차로안,승용,남,31세,상해없음,승용,여,22세,중상
2015090100100713,2015년 9월 1일 23시,화요일,강원도 양구군 해안면,중상사고,0,1,0,1,차량단독 - 전도전복,안전운전불이행,건조,맑음,단일로 - 기타,화물,남,64세,상해없음,,,,
2015090200100011,2015년 9월 2일 00시,수요일,강원도 원주시 단구동,중상사고,0,1,2,0,차대차 - 기타,직진우회전진행방해,건조,맑음,교차로 - 교차로안,승용,남,19세,상해없음,승용,남,52세,중상
2015090200100027,2015년 9월 2일 01시,수요일,강원도 강릉시 교동,경상사고,0,0,1,1,차대차 - 측면직각충돌,신호위반,건조,맑음,교차로 - 교차로안,승용,남,79세,상해없음,승용,남,31세,부상신고
2015090200100060,2015년 9월 2일 05시,수요일,강원도 춘천시 온의동,경상사고,0,0,1,0,차대차 - 측면직각충돌,직진우회전진행방해,건조,맑음,교차로 - 교차로안,승용,남,73세,상해없음,승용,여,63세,경상
2015090200100072,2015년 9월 2일 06시,수요일,강원도 인제군 인제읍,중상사고,0,1,0,0,차대차 - 측면직각충돌,신호위반,건조,맑음,교차로 - 교차로안,승용,남,21세,상해없음,승용,남,51세,중상
2015090200100092,2015년 9월 2일 07시,수요일,강원도 원주시 소초면,경상사고,0,0,2,1,차대차 - 측면직각충돌,안전거리미확보,건조,흐림,교차로 - 교차로부근,화물,남,41세,부상신고,승용,남,56세,경상
2015090200100129,2015년 9월 2일 08시,수요일,강원도 춘천시 동면,경상사고,0,0,1,0,차대차 - 측면직각충돌,교차로운행방법위반,건조,맑음,교차로 - 교차로안,승용,여,47세,상해없음,자전거,남,15세,경상
2015090200100130,2015년 9월 2일 08시,수요일,강원도 속초시 청학동,경상사고,0,0,1,0,차대차 - 측면직각충돌,안전거리미확보,건조,맑음,단일로 - 기타,승용,여,44세,상해없음,승용,남,43세,경상
2015090200100131,2015년 9월 2일 08시,수요일,강원도 홍천군 화촌면,사망사고,1,4,0,0,차대차 - 측면직각충돌,신호위반,건조,흐림,교차로 - 교차로안,건설기계,남,64세,상해없음,승용,남,65세,사망
2015090200100225,2015년 9월 2일 11시,수요일,강원도 원주시 호저면,경상사고,0,0,1,0,차대사람 - 기타,안전운전불이행,건조,맑음,단일로 - 기타,화물,남,41세,상해없음,보행자,남,61세,경상
2015090200100226,2015년 9월 2일 11시,수요일,강원도 고성군 토성면,경상사고,0,0,1,0,차대차 - 측면직각충돌,교차로운행방법위반,건조,맑음,교차로 - 교차로안,화물,남,21세,기타불명,승용,남,24세,경상
2015090200100248,2015년 9월 2일 12시,수요일,강원도 원주시 우산동,경상사고,0,0,1,0,차대차 - 측면직각충돌,안전운전불이행,건조,맑음,단일로 - 기타,이륜,남,18세,경상,승용,남,60세,상해없음
2015090200100282,2015년 9월 2일 13시,수요일,강원도 강릉시 연곡면,경상사고,0,0,1,0,차대사람 - 기타,안전운전불이행,건조,맑음,교차로 - 교차로부근,승용,남,48세,상해없음,보행자,여,58세,경상
2015090200100283,2015년 9월 2일 13시,수요일,강원도 원주시 명륜동,경상사고,0,0,1,0,차대차 - 추돌 - 진행중,안전운전불이행,건조,맑음,교차로 - 교차로안,화물,남,66세,상해없음,승합,여,48세,경상
2015090200100284,2015년 9월 2일 13시,수요일,강원도 평창군 진부면,중상사고,0,1,0,0,차대차 - 추돌 - 진행중,안전운전불이행,건조,맑음,단일로 - 기타,화물,남,57세,상해없음,자전거,남,66세,중상
2015090200100285,2015년 9월 2일 13시,수요일,강원도 동해시 발한동,중상사고,0,1,0,0,차량단독 - 공작물충돌,기타,건조,맑음,단일로 - 기타,화물,남,25세,중상,,,,
2015090200100309,2015년 9월 2일 14시,수요일,강원도 춘천시 퇴계동,경상사고,0,0,1,0,차대차 - 기타,안전운전불이행,건조,맑음,단일로 - 기타,승용,남,49세,기타불명,승용,남,67세,경상
2015090200100310,2015년 9월 2일 14시,수요일,강원도 동해시 천곡동,중상사고,0,1,0,0,차대차 - 측면직각충돌,신호위반,건조,맑음,교차로 - 교차로부근,승용,남,61세,상해없음,자전거,남,43세,중상
2015090200100341,2015년 9월 2일 15시,수요일,강원도 원주시 부론면,경상사고,0,0,4,0,차대차 - 정면충돌,중앙선침범,건조,흐림,단일로 - 기타,화물,남,54세,상해없음,승용,남,38세,경상
2015090200100369,2015년 9월 2일 16시,수요일,강원도 춘천시 남산면,경상사고,0,0,1,0,차대차 - 측면직각충돌,중앙선침범,습기,비,단일로 - 기타,이륜,남,63세,기타불명,승용,남,27세,경상
2015090200100370,2015년 9월 2일 16시,수요일,강원도 강릉시 노암동,경상사고,0,0,4,0,차대차 - 추돌 - 진행중,안전운전불이행,건조,맑음,교차로 - 교차로부근,화물,남,53세,상해없음,승용,남,28세,경상
2015090200100371,2015년 9월 2일 16시,수요일,강원도 원주시 단계동,경상사고,0,0,2,0,차대차 - 추돌 - 주정차중,불법유턴,건조,맑음,단일로 - 기타,승용,여,44세,경상,승용,여,52세,경상
2015090200100372,2015년 9월 2일 16시,수요일,강원도 화천군 상서면,경상사고,0,0,2,0,차대차 - 기타,중앙선침범,습기,비,단일로 - 기타,이륜,남,43세,경상,승용,여,57세,경상
2015090200100373,2015년 9월 2일 16시,수요일,강원도 인제군 북면,사망사고,1,0,0,0,차대차 - 측면직각충돌,신호위반,건조,맑음,교차로 - 교차로안,건설기계,남,38세,상해없음,화물,남,34세,사망
2015090200100404,2015년 9월 2일 17시,수요일,강원도 춘천시 동면,중상사고,0,1,0,0,차대사람 - 횡단중,안전운전불이행,습기,흐림,단일로 - 기타,승용,여,64세,상해없음,보행자,남,1세,중상
2015090200100452,2015년 9월 2일 18시,수요일,강원도 강릉시 교동,경상사고,0,0,2,0,차대차 - 기타,안전운전불이행,건조,맑음,교차로 - 교차로부근,승용,남,70세,상해없음,기타불명,기타불명,기타불명,기타불명
2015090200100453,2015년 9월 2일 18시,수요일,강원도 원주시 단구동,경상사고,0,0,1,0,차대사람 - 보도통행중,보행자보호의무위반,습기,비,단일로 - 기타,승용,남,27세,상해없음,보행자,여,38세,경상
2015090200100454,2015년 9월 2일 18시,수요일,강원도 속초시 교동,경상사고,0,0,1,0,차대차 - 측면직각충돌,직진우회전진행방해,건조,맑음,교차로 - 교차로안,승합,남,48세,상해없음,승용,남,66세,경상
2015090200100505,2015년 9월 2일 19시,수요일,강원도 춘천시 교동,경상사고,0,0,2,0,차대차 - 측면직각충돌,안전운전불이행,습기,비,교차로 - 교차로안,승용,남,54세,상해없음,승용,남,44세,경상
2015090200100506,2015년 9월 2일 19시,수요일,강원도 원주시 무실동,경상사고,0,0,1,0,차대차 - 추돌 - 진행중,안전운전불이행,습기,비,교차로 - 교차로안,승합,남,52세,상해없음,이륜,남,24세,경상
2015090200100507,2015년 9월 2일 19시,수요일,강원도 속초시 교동,경상사고,0,0,1,0,차대차 - 측면직각충돌,안전운전불이행,습기,비,단일로 - 기타,승용,남,45세,상해없음,이륜,남,41세,경상
2015090200100508,2015년 9월 2일 19시,수요일,강원도 동해시 천곡동,경상사고,0,0,1,0,차대사람 - 보도통행중,안전운전불이행,건조,맑음,단일로 - 기타,자전거,남,74세,상해없음,보행자,남,48세,경상
2015090200100563,2015년 9월 2일 20시,수요일,강원도 강릉시 연곡면,중상사고,0,1,0,0,차대사람 - 횡단중,보행자보호의무위반,건조,맑음,교차로 - 교차로부근,기타불명,기타불명,기타불명,기타불명,보행자,여,64세,중상
2015090200100564,2015년 9월 2일 20시,수요일,강원도 원주시 무실동,경상사고,0,0,1,0,차대차 - 추돌 - 진행중,안전거리미확보,습기,비,단일로 - 기타,이륜,남,17세,경상,승합,남,39세,상해없음
2015090200100616,2015년 9월 2일 21시,수요일,강원도 화천군 하남면,경상사고,0,0,3,0,차대사람 - 기타,안전운전불이행,건조,맑음,단일로 - 기타,화물,남,58세,상해없음,보행자,남,25세,경상
2015090200100617,2015년 9월 2일 21시,수요일,강원도 횡성군 횡성읍,경상사고,0,0,1,0,차대차 - 기타,차로위반,습기,비,단일로 - 기타,승용,여,57세,상해없음,이륜,남,25세,경상
2015090200100618,2015년 9월 2일 21시,수요일,강원도 동해시 효가동,경상사고,0,0,1,0,차대차 - 추돌 - 주정차중,안전운전불이행,건조,흐림,교차로 - 교차로부근,승용,남,43세,상해없음,승용,남,40세,경상
2015090200100647,2015년 9월 2일 22시,수요일,강원도 춘천시 석사동,부상신고사고,0,0,0,1,차대사람 - 길가장자리구역통행중,안전운전불이행,건조,맑음,단일로 - 기타,승용,남,30세,상해없음,보행자,남,39세,부상신고
2015090300100166,2015년 9월 3일 08시,목요일,강원도 삼척시 도계읍,경상사고,0,0,3,0,차대차 - 측면직각충돌,안전거리미확보,건조,맑음,단일로 - 기타,승용,남,65세,경상,승용,여,36세,경상
2015090300100202,2015년 9월 3일 09시,목요일,강원도 춘천시 신북읍,경상사고,0,0,1,0,차대차 - 측면직각충돌,안전운전불이행,건조,맑음,교차로 - 교차로부근,화물,남,50세,상해없음,승용,여,34세,경상
2015090300100203,2015년 9월 3일 09시,목요일,강원도 원주시 원동,중상사고,0,1,0,0,차대사람 - 기타,안전운전불이행,건조,맑음,단일로 - 기타,자전거,기타불명,기타불명,기타불명,보행자,여,83세,중상
2015090300100204,2015년 9월 3일 09시,목요일,강원도 고성군 죽왕면,중상사고,0,1,0,0,차대사람 - 횡단중,안전운전불이행,건조,맑음,단일로 - 기타,승용,남,60세,상해없음,보행자,여,72세,중상
2015090300100286,2015년 9월 3일 12시,목요일,강원도 춘천시 석사동,경상사고,0,0,1,0,차대차 - 측면직각충돌,안전운전불이행,건조,맑음,교차로 - 교차로부근,이륜,남,23세,상해없음,승용,남,43세,경상
2015090300100287,2015년 9월 3일 12시,목요일,강원도 원주시 지정면,경상사고,0,0,1,0,차대차 - 추돌 - 진행중,교차로운행방법위반,건조,맑음,교차로 - 교차로안,승용,남,55세,상해없음,승용,남,52세,경상
2015090300100288,2015년 9월 3일 12시,목요일,강원도 삼척시 정상동,경상사고,0,0,1,0,차대차 - 측면직각충돌,안전운전불이행,건조,맑음,교차로 - 교차로부근,승용,남,67세,상해없음,화물,남,26세,경상
2015090300100323,2015년 9월 3일 13시,목요일,강원도 춘천시 동면,경상사고,0,0,3,0,차대차 - 추돌 - 진행중,안전운전불이행,건조,맑음,단일로 - 기타,승용,여,47세,상해없음,승용,남,46세,경상
2015090300100324,2015년 9월 3일 13시,목요일,강원도 양구군 양구읍,경상사고,0,0,1,0,차대사람 - 차도통행중,안전운전불이행,건조,맑음,단일로 - 기타,화물,남,74세,상해없음,보행자,남,71세,경상
2015090300100387,2015년 9월 3일 15시,목요일,강원도 화천군 간동면,경상사고,0,0,4,0,차대차 - 측면직각충돌,안전운전불이행,건조,맑음,교차로 - 교차로안,승용,여,62세,상해없음,승용,남,67세,경상
2015090300100419,2015년 9월 3일 16시,목요일,강원도 삼척시 교동,경상사고,0,0,1,0,차대차 - 측면직각충돌,신호위반,건조,맑음,교차로 - 교차로안,화물,남,62세,상해없음,승용,여,50세,경상
2015090300100463,2015년 9월 3일 17시,목요일,강원도 강릉시 옥천동,경상사고,0,0,1,0,차대차 - 측면직각충돌,안전운전불이행,건조,맑음,단일로 - 기타,승합,남,56세,상해없음,자전거,남,15세,경상
2015090300100464,2015년 9월 3일 17시,목요일,강원도 원주시 행구동,경상사고,0,0,1,0,차대차 - 추돌 - 진행중,안전운전불이행,건조,맑음,단일로 - 기타,승용,남,60세,상해없음,자전거,남,13세,경상
2015090300100465,2015년 9월 3일 17시,목요일,강원도 철원군 동송읍,중상사고,0,1,0,0,차대차 - 측면직각충돌,교차로운행방법위반,건조,맑음,교차로 - 교차로안,승용,남,66세,상해없음,승용,남,63세,상해없음