사고번호,사고일시,요일,시군구,사고내용,사망자수,중상자수,경상자수,부상신고자수,사고유형,법규위반,노면상태,기상상태,도로형태,가해운전자 차종,가해운전자 성별,가해운전자 연령,가해운전자 상해정도,피해운전자 차종,피해운전자 성별,피해운전자 연령,피해운전자 상해정도
2015090800100515,2015년 9월 8일 17시,화요일,강원도 영월군 주천면,부상신고사고,0,0,0,1,차대사람 - 횡단중,안전운전불이행,건조,맑음,단일로 - 기타,승용,남,50세,상해없음,보행자,남,6세,부상신고
2015090800100516,2015년 9월 8일 17시,화요일,강원도 영월군 영월읍,중상사고,0,1,0,0,차대차 - 측면직각충돌,안전운전불이행,건조,맑음,단일로 - 기타,승용,여,35세,상해없음,이륜,남,77세,중상
2015090800100517,2015년 9월 8일 17시,화요일,강원도 평창군 대화면,중상사고,0,1,0,0,차대사람 - 횡단중,안전운전불이행,건조,맑음,단일로 - 기타,승용,남,52세,상해없음,보행자,남,8세,중상
2015090800100569,2015년 9월 8일 18시,화요일,강원도 원주시 태장동,중상사고,0,1,0,0,차대차 - 측면직각충돌,교차로운행방법위반,건조,맑음,교차로 - 교차로안,승용,남,37세,상해없음,이륜,남,60세,중상
2015090800100570,2015년 9월 8일 18시,화요일,강원도 원주시 소초면,경상사고,0,0,1,0,차대차 - 측면직각충돌,교차로운행방법위반,건조,맑음,교차로 - 교차로안,화물,남,40세,기타불명,승용,남,30세,경상
2015090800100571,2015년 9월 8일 18시,화요일,강원도 속초시 조양동,중상사고,0,1,0,0,차대사람 - 길가장자리구역통행중,안전운전불이행,건조,맑음,단일로 - 기타,승용,남,38세,기타불명,보행자,남,7세,중상
2015090800100572,2015년 9월 8일 18시,화요일,강원도 횡성군 우천면,사망사고,1,0,0,0,차량단독 - 전도전복,안전운전불이행,건조,맑음,단일로 - 기타,화물,남,45세,사망,,,,
2015090800100615,2015년 9월 8일 19시,화요일,강원도 강릉시 내곡동,중상사고,0,1,0,0,차대차 - 측면직각충돌,중앙선침범,건조,맑음,단일로 - 기타,승용,남,26세,상해없음,원동기,여,59세,중상
2015090800100660,2015년 9월 8일 20시,화요일,강원도 춘천시 퇴계동,경상사고,0,0,1,0,차대차 - 측면직각충돌,안전운전불이행,건조,맑음,교차로 - 교차로부근,이륜,남,32세,상해없음,이륜,남,19세,경상
2015090800100661,2015년 9월 8일 20시,화요일,강원도 속초시 조양동,경상사고,0,0,3,0,차대차 - 측면직각충돌,안전운전불이행,건조,맑음,교차로 - 교차로안,승용,남,47세,상해없음,승합,남,55세,경상
2015090800100700,2015년 9월 8일 21시,화요일,강원도 양양군 양양읍,경상사고,0,0,1,0,차대사람 - 횡단중,안전운전불이행,건조,맑음,단일로 - 횡단보도상,원동기,남,53세,상해없음,보행자,남,31세,경상
2015090900100035,2015년 9월 9일 02시,수요일,강원도 평창군 용평면,경상사고,0,0,1,1,차대차 - 기타,안전운전불이행,건조,맑음,단일로 - 기타,승용,여,29세,부상신고,화물,남,46세,경상
2015090900100060,2015년 9월 9일 05시,수요일,강원도 원주시 단구동,경상사고,0,0,2,0,차대차 - 추돌 - 진행중,교차로운행방법위반,건조,맑음,교차로 - 교차로안,승용,남,69세,상해없음,승용,여,48세,경상
2015090900100103,2015년 9월 9일 07시,수요일,강원도 평창군 봉평면,중상사고,0,1,0,0,차대사람 - 횡단중,안전운전불이행,건조,맑음,단일로 - 기타,승용,남,51세,상해없음,보행자,여,76세,중상
2015090900100152,2015년 9월 9일 08시,수요일,강원도 강릉시 교동,경상사고,0,0,1,0,차대차 - 기타,안전운전불이행,건조,맑음,단일로 - 기타,승용,여,43세,상해없음,이륜,남,35세,경상
2015090900100153,2015년 9월 9일 08시,수요일,강원도 속초시 영랑동,중상사고,0,1,0,0,차대차 - 측면직각충돌,신호위반,건조,맑음,교차로 - 교차로부근,승용,남,71세,상해없음,자전거,남,17세,중상
2015090900100201,2015년 9월 9일 09시,수요일,강원도 인제군 북면,경상사고,0,0,2,0,차대차 - 측면직각충돌,중앙선침범,건조,맑음,단일로 - 기타,승용,여,60세,상해없음,승용,남,21세,경상
2015090900100231,2015년 9월 9일 10시,수요일,강원도 원주시 원동,경상사고,0,0,1,0,차대차 - 측면직각충돌,신호위반,건조,맑음,교차로 - 교차로안,승용,여,58세,상해없음,승용,남,37세,경상
2015090900100232,2015년 9월 9일 10시,수요일,강원도 삼척시 사직동,경상사고,0,0,4,0,차대차 - 측면직각충돌,안전운전불이행,건조,맑음,단일로 - 기타,승용,남,66세,상해없음,화물,남,63세,경상
2015090900100262,2015년 9월 9일 11시,수요일,강원도 강릉시 포남동,경상사고,0,0,1,0,차대차 - 기타,안전운전불이행,건조,맑음,교차로 - 교차로안,승용,남,33세,상해없음,승용,여,37세,경상
2015090900100263,2015년 9월 9일 11시,수요일,강원도 원주시 소초면,경상사고,0,0,1,0,차대차 - 추돌 - 진행중,기타,건조,맑음,단일로 - 기타,화물,남,32세,상해없음,승합,남,31세,경상
2015090900100293,2015년 9월 9일 12시,수요일,강원도 삼척시 근덕면,중상사고,0,1,0,0,차대차 - 측면직각충돌,안전운전불이행,건조,맑음,교차로 - 교차로안,승용,남,22세,상해없음,승용,여,57세,중상
2015090900100294,2015년 9월 9일 12시,수요일,강원도 인제군 남면,중상사고,0,1,2,0,차대차 - 측면직각충돌,안전운전불이행,건조,맑음,교차로 - 교차로안,승합,남,54세,상해없음,승용,남,25세,경상
2015090900100329,2015년 9월 9일 13시,수요일,강원도 속초시 대포동,경상사고,0,0,5,0,차대차 - 추돌 - 주정차중,안전운전불이행,건조,맑음,교차로 - 교차로부근,건설기계,남,62세,상해없음,승합,남,58세,경상
2015090900100330,2015년 9월 9일 13시,수요일,강원도 홍천군 홍천읍,중상사고,0,1,0,0,차대사람 - 횡단중,기타,건조,맑음,단일로 - 횡단보도부근,승용,남,69세,상해없음,보행자,남,6세,중상
2015090900100364,2015년 9월 9일 14시,수요일,강원도 강릉시 홍제동,중상사고,0,1,0,0,차량단독 - 공작물충돌,안전운전불이행,건조,맑음,단일로 - 기타,화물,남,43세,상해없음,,,,
2015090900100365,2015년 9월 9일 14시,수요일,강원도 원주시 단계동,중상사고,0,1,0,0,차대사람 - 횡단중,보행자보호의무위반,건조,맑음,단일로 - 횡단보도상,승용,남,51세,상해없음,보행자,여,10세,중상
2015090900100399,2015년 9월 9일 15시,수요일,강원도 평창군 봉평면,경상사고,0,0,1,0,차대사람 - 횡단중,안전운전불이행,건조,맑음,교차로 - 교차로안,화물,남,41세,상해없음,보행자,여,44세,경상
2015090900100455,2015년 9월 9일 16시,수요일,강원도 횡성군 청일면,중상사고,0,1,1,0,차량단독 - 도로외이탈 - 추락,안전운전불이행,건조,맑음,단일로 - 기타,승용,남,69세,상해없음,,,,
2015090900100518,2015년 9월 9일 17시,수요일,강원도 원주시 명륜동,중상사고,0,1,0,0,차대사람 - 횡단중,안전운전불이행,건조,맑음,단일로 - 기타,화물,남,64세,상해없음,보행자,남,43세,중상
2015090900100585,2015년 9월 9일 18시,수요일,강원도 춘천시 동면,경상사고,0,0,1,0,차대차 - 추돌 - 진행중,안전운전불이행,건조,맑음,단일로 - 기타,승용,여,46세,상해없음,승용,여,40세,경상
2015090900100586,2015년 9월 9일 18시,수요일,강원도 강릉시 주문진읍,중상사고,0,1,1,0,차대차 - 기타,안전운전불이행,건조,맑음,교차로 - 교차로부근,승용,여,37세,상해없음,승합,남,52세,상해없음
2015090900100587,2015년 9월 9일 18시,수요일,강원도 강릉시 성산면,경상사고,0,0,1,0,차대차 - 추돌 - 진행중,중앙선침범,건조,맑음,교차로 - 교차로부근,화물,남,59세,상해없음,화물,남,55세,경상
2015090900100588,2015년 9월 9일 18시,수요일,강원도 영월군 영월읍,경상사고,0,0,1,0,차대차 - 기타,중앙선침범,건조,맑음,단일로 - 기타,승용,남,42세,상해없음,원동기,남,46세,경상
2015090900100646,2015년 9월 9일 19시,수요일,강원도 원주시 단구동,경상사고,0,0,1,0,차대차 - 기타,안전운전불이행,건조,맑음,단일로 - 기타,승용,남,23세,기타불명,승용,여,48세,경상
2015090900100647,2015년 9월 9일 19시,수요일,강원도 원주시 흥업면,경상사고,0,0,2,0,차대차 - 추돌 - 진행중,안전운전불이행,건조,맑음,교차로 - 교차로부근,승용,남,20세,상해없음,승용,남,35세,경상
2015090900100689,2015년 9월 9일 20시,수요일,강원도 춘천시 효자동,경상사고,0,0,1,0,차대차 - 측면직각충돌,안전거리미확보,건조,맑음,교차로 - 교차로부근,화물,남,48세,상해없음,이륜,남,46세,경상
2015090900100690,2015년 9월 9일 20시,수요일,강원도 강릉시 교동,중상사고,0,2,0,0,차대차 - 기타,신호위반,건조,맑음,교차로 - 교차로안,승용,남,62세,상해없음,승용,남,33세,중상
2015090900100753,2015년 9월 9일 22시,수요일,강원도 원주시 관설동,경상사고,0,0,1,0,차대차 - 측면직각충돌,교차로운행방법위반,건조,맑음,교차로 - 교차로안,승용,남,28세,상해없음,이륜,남,33세,경상
2015091000100013,2015년 9월 10일 00시,목요일,강원도 강릉시 옥천동,경상사고,0,0,1,0,차대차 - 기타,안전운전불이행,건조,맑음,교차로 - 교차로안,승용,여,30세,상해없음,이륜,남,19세,경상
2015091000100014,2015년 9월 10일 00시,목요일,강원도 원주시 단계동,중상사고,0,1,0,0,차대차 - 측면직각충돌,신호위반,건조,맑음,교차로 - 교차로안,승용,여,50세,상해없음,승용,남,55세,중상
2015091000100030,2015년 9월 10일 01시,목요일,강원도 강릉시 내곡동,중상사고,0,1,0,0,차대차 - 기타,안전운전불이행,건조,맑음,단일로 - 기타,화물,남,44세,상해없음,승용,남,23세,중상
2015091000100040,2015년 9월 10일 02시,목요일,강원도 춘천시 석사동,부상신고사고,0,0,0,2,차대차 - 측면직각충돌,안전운전불이행,건조,맑음,교차로 - 교차로안,승용,남,46세,부상신고,승용,여,44세,상해없음
2015091000100045,2015년 9월 10일 03시,목요일,강원도 속초시 교동,경상사고,0,0,3,0,차대차 - 측면직각충돌,신호위반,건조,맑음,교차로 - 교차로안,승용,남,33세,상해없음,승용,남,53세,경상
2015091000100057,2015년 9월 10일 05시,목요일,강원도 태백시 황지동,경상사고,0,0,1,0,차대차 - 측면직각충돌,교차로운행방법위반,건조,맑음,교차로 - 교차로부근,승용,여,35세,상해없음,화물,남,65세,경상
2015091000100074,2015년 9월 10일 06시,목요일,강원도 동해시 망상동,경상사고,0,0,1,0,차대차 - 측면직각충돌,직진우회전진행방해,건조,맑음,교차로 - 교차로안,승용,남,51세,상해없음,승용,남,56세,경상
2015091000100112,2015년 9월 10일 07시,목요일,강원도 춘천시 신북읍,중상사고,0,1,0,0,차대차 - 측면직각충돌,안전운전불이행,건조,맑음,단일로 - 기타,승용,남,54세,상해없음,이륜,남,73세,중상
2015091000100113,2015년 9월 10일 07시,목요일,강원도 원주시 단계동,경상사고,0,0,2,0,차대차 - 추돌 - 진행중,안전운전불이행,건조,맑음,기타 - 기타,화물,남,54세,상해없음,승용,남,51세,경상
2015091000100324,2015년 9월 10일 12시,목요일,강원도 강릉시 성내동,중상사고,0,1,0,0,차대사람 - 횡단중,안전운전불이행,건조,맑음,교차로 - 교차로부근,승용,남,25세,상해없음,보행자,여,57세,중상
2015091000100355,2015년 9월 10일 13시,목요일,강원도 삼척시 남양동,중상사고,0,1,0,0,차대사람 - 차도통행중,안전운전불이행,건조,맑음,단일로 - 기타,승용,여,63세,상해없음,보행자,남,53세,중상
2015091000100356,2015년 9월 10일 13시,목요일,강원도 화천군 간동면,중상사고,0,1,0,0,차대차 - 기타,안전운전불이행,건조,맑음,교차로 - 교차로부근,승용,남,32세,중상,승합,남,49세,상해없음
2015091000100386,2015년 9월 10일 14시,목요일,강원도 원주시 명륜동,경상사고,0,0,1,0,차대차 - 측면직각충돌,안전운전불이행,건조,맑음,단일로 - 기타,승용,남,36세,상해없음,승용,여,23세,경상
2015091000100387,2015년 9월 10일 14시,목요일,강원도 원주시 관설동,경상사고,0,0,1,0,차대차 - 추돌 - 주정차중,안전거리미확보,건조,맑음,단일로 - 기타,승용,남,35세,상해없음,승용,남,68세,경상
2015091000100428,2015년 9월 10일 15시,목요일,강원도 춘천시 석사동,경상사고,0,0,1,0,차대차 - 측면직각충돌,안전운전불이행,건조,맑음,단일로 - 기타,자전거,남,20세,상해없음,승용,남,43세,상해없음
2015091000100429,2015년 9월 10일 15시,목요일,강원도 춘천시 신북읍,경상사고,0,0,1,0,차대차 - 기타,안전거리미확보,건조,맑음,단일로 - 기타,승합,남,62세,상해없음,승용,남,59세,상해없음
2015091000100430,2015년 9월 10일 15시,목요일,강원도 강릉시 교동,경상사고,0,0,1,0,차대차 - 기타,교차로운행방법위반,건조,맑음,교차로 - 교차로안,승용,남,74세,상해없음,승용,여,47세,경상
2015091000100471,2015년 9월 10일 16시,목요일,강원도 원주시 일산동,경상사고,0,0,1,0,차대사람 - 횡단중,신호위반,건조,맑음,단일로 - 횡단보도상,승용,남,68세,상해없음,보행자,여,7세,경상
2015091000100513,2015년 9월 10일 17시,목요일,강원도 원주시 태장동,경상사고,0,0,1,0,차대차 - 측면직각충돌,교차로운행방법위반,건조,맑음,교차로 - 교차로안,승용,여,33세,기타불명,승용,남,52세,경상
2015091000100514,2015년 9월 10일 17시,목요일,강원도 동해시 용정동,경상사고,0,0,1,0,차대사람 - 길가장자리구역통행중,안전운전불이행,건조,맑음,교차로 - 교차로부근,승용,남,60세,상해없음,보행자,남,30세,경상
2015091000100515,2015년 9월 10일 17시,목요일,강원도 동해시 단봉동,중상사고,0,1,0,0,차대사람 - 차도통행중,안전운전불이행,건조,맑음,단일로 - 기타,승용,남,58세,상해없음,보행자,남,69세,중상
2015091000100560,2015년 9월 10일 18시,목요일,강원도 태백시 황지동,경상사고,0,0,1,0,차대차 - 측면직각충돌,안전운전불이행,건조,맑음,단일로 - 기타,승용,남,70세,상해없음,승용,남,57세,경상
2015091000100604,2015년 9월 10일 19시,목요일,강원도 홍천군 홍천읍,중상사고,0,1,0,0,차대차 - 측면직각충돌,중앙선침범,건조,맑음,단일로 - 기타,승용,남,45세,상해없음,원동기,남,16세,중상
2015091000100605,2015년 9월 10일 19시,목요일,강원도 동해시 천곡동,경상사고,0,0,1,0,차대차 - 정면충돌,중앙선침범,건조,맑음,단일로 - 기타,승용,여,42세,상해없음,이륜,남,41세,경상
2015091000100681,2015년 9월 10일 21시,목요일,강원도 춘천시 퇴계동,부상신고사고,0,0,0,1,차대차 - 정면충돌,중앙선침범,건조,맑음,단일로 - 기타,자전거,남,14세,상해없음,이륜,남,16세,부상신고
2015091000100682,2015년 9월 10일 21시,목요일,강원도 춘천시 효자동,경상사고,0,0,1,0,차대차 - 추돌 - 진행중,안전운전불이행,건조,맑음,단일로 - 기타,승용,남,44세,상해없음,승합,여,46세,경상
2015091000100713,2015년 9월 10일 22시,목요일,강원도 강릉시 저동,경상사고,0,0,1,0,차대차 - 추돌 - 진행중,안전운전불이행,건조,흐림,단일로 - 기타,승용,남,36세,상해없음,승용,여,66세,경상
2015091100100021,2015년 9월 11일 01시,금요일,강원도 태백시 황지동,경상사고,0,0,1,0,차대차 - 기타,안전거리미확보,건조,맑음,교차로 - 교차로안,승용,남,43세,상해없음,승용,남,40세,경상
2015091100100111,2015년 9월 11일 07시,금요일,강원도 동해시 발한동,경상사고,0,0,1,0,차대차 - 측면직각충돌,중앙선침범,건조,맑음,교차로 - 교차로안,화물,남,51세,상해없음,농기계,남,83세,경상
2015091100100188,2015년 9월 11일 09시,금요일,강원도 원주시 개운동,경상사고,0,0,1,0,차대차 - 추돌 - 주정차중,안전운전불이행,건조,맑음,교차로 - 교차로부근,승용,남,58세,상해없음,승합,여,23세,경상
2015091100100248,2015년 9월 11일 11시,금요일,강원도 홍천군 홍천읍,경상사고,0,0,2,0,차대차 - 추돌 - 진행중,안전거리미확보,건조,맑음,교차로 - 교차로부근,특수,남,21세,상해없음,승용,여,45세,경상
2015091100100249,2015년 9월 11일 11시,금요일,강원도 횡성군 공근면,중상사고,0,1,0,0,차대차 - 추돌 - 진행중,안전운전불이행,건조,맑음,단일로 - 기타,승용,남,64세,상해없음,화물,남,54세,상해없음
2015091100100319,2015년 9월 11일 13시,금요일,강원도 원주시 단구동,경상사고,0,0,1,0,차대차 - 측면직각충돌,교차로운행방법위반,건조,맑음,교차로 - 교차로안,화물,남,55세,상해없음,승용,남,32세,경상
2015091100100320,2015년 9월 11일 13시,금요일,강원도 홍천군 두촌면,경상사고,0,0,1,0,차대사람 - 길가장자리구역통행중,안전운전불이행,건조,흐림,단일로 - 기타,승용,남,58세,상해없음,보행자,남,59세,경상
2015091100100384,2015년 9월 11일 15시,금요일,강원도 춘천시 서면,경상사고,0,0,1,0,차대차 - 측면직각충돌,안전운전불이행,습기,비,단일로 - 기타,승용,여,42세,상해없음,승용,남,68세,경상
2015091100100422,2015년 9월 11일 16시,금요일,강원도 원주시 명륜동,중상사고,0,1,0,0,차대차 - 측면직각충돌,교차로운행방법위반,건조,맑음,교차로 - 교차로안,승용,여,37세,상해없음,이륜,남,22세,중상
2015091100100423,2015년 9월 11일 16시,금요일,강원도 원주시 단계동,경상사고,0,0,1,0,차대차 - 기타,안전운전불이행,건조,흐림,단일로 - 기타,건설기계,남,25세,상해없음,승용,여,44세,경상
2015091100100458,2015년 9월 11일 17시,금요일,강원도 강릉시 옥천동,경상사고,0,0,1,0,차대차 - 기타,신호위반,건조,맑음,교차로 - 교차로안,승용,남,70세,기타불명,승용,남,43세,경상
2015091100100459,2015년 9월 11일 17시,금요일,강원도 원주시 태장동,경상사고,0,0,3,0,차대차 - 측면직각충돌,교차로운행방법위반,건조,맑음,교차로 - 교차로안,승용,여,39세,기타불명,승용,남,31세,경상
2015091100100586,2015년 9월 11일 19시,금요일,강원도 춘천시 후평동,경상사고,0,0,2,0,차대차 - 측면직각충돌,안전운전불이행,건조,맑음,교차로 - 교차로안,승용,남,58세,상해없음,승용,남,27세,경상
2015091100100587,2015년 9월 11일 19시,금요일,강원도 원주시 태장동,경상사고,0,0,2,0,차대차 - 측면직각충돌,중앙선침범,건조,흐림,교차로 - 교차로안,승용,남,78세,경상,승용,여,26세,경상
2015091100100588,2015년 9월 11일 19시,금요일,강원도 철원군 동송읍,중상사고,0,1,0,0,차대차 - 측면직각충돌,교차로운행방법위반,건조,맑음,교차로 - 교차로안,농기계,남,65세,중상,승용,남,57세,상해없음
2015091100100704,2015년 9월 11일 21시,금요일,강원도 원주시 우산동,중상사고,0,1,4,0,차대차 - 추돌 - 주정차중,안전운전불이행,습기,비,교차로 - 교차로부근,승용,남,22세,경상,승용,남,54세,경상
2015091100100746,2015년 9월 11일 22시,금요일,강원도 원주시 명륜동,경상사고,0,0,1,0,차대차 - 추돌 - 진행중,안전운전불이행,습기,비,단일로 - 기타,승용,남,53세,상해없음,승용,남,47세,경상
2015091100100783,2015년 9월 11일 23시,금요일,강원도 춘천시 석사동,경상사고,0,0,1,0,차대차 - 측면직각충돌,차로위반,건조,맑음,단일로 - 기타,승용,남,23세,상해없음,승용,여,31세,경상
2015091100100784,2015년 9월 11일 23시,금요일,강원도 강릉시 사천면,경상사고,0,0,1,0,차대차 - 측면직각충돌,안전운전불이행,습기,비,단일로 - 기타,화물,남,35세,상해없음,승용,여,51세,경상
2015091100100785,2015년 9월 11일 23시,금요일,강원도 원주시 일산동,경상사고,0,0,2,0,차대차 - 추돌 - 주정차중,안전운전불이행,습기,비,교차로 - 교차로안,승용,남,52세,상해없음,승용,남,53세,경상
2015091100100786,2015년 9월 11일 23시,금요일,강원도 원주시 행구동,경상사고,0,0,4,0,차대차 - 추돌 - 주정차중,안전운전불이행,건조,맑음,단일로 - 기타,승용,남,57세,상해없음,승용,여,22세,경상
2015091100100787,2015년 9월 11일 23시,금요일,강원도 원주시 태장동,경상사고,0,0,1,0,차대사람 - 길가장자리구역통행중,안전운전불이행,습기,비,기타 - 기타,승용,여,42세,상해없음,보행자,남,18세,경상
2015091100100788,2015년 9월 11일 23시,금요일,강원도 원주시 문막읍,경상사고,0,0,3,0,차대차 - 추돌 - 주정차중,안전운전불이행,습기,비,단일로 - 기타,승용,남,34세,상해없음,승용,남,40세,경상
2015091100100789,2015년 9월 11일 23시,금요일,강원도 정선군 신동읍함백출장,경상사고,0,0,1,0,차대차 - 추돌 - 진행중,안전운전불이행,습기,비,기타 - 기타,건설기계,남,46세,상해없음,승용,남,59세,경상
2015091200100020,2015년 9월 12일 00시,토요일,강원도 강릉시 옥천동,경상사고,0,0,1,0,차대차 - 측면직각충돌,안전운전불이행,습기,비,교차로 - 교차로안,화물,남,45세,상해없음,원동기,남,24세,경상
2015091200100053,2015년 9월 12일 01시,토요일,강원도 철원군 동송읍,중상사고,0,1,0,0,차대차 - 측면직각충돌,안전운전불이행,건조,맑음,교차로 - 교차로안,승용,남,21세,상해없음,승용,남,27세,중상
2015091200100114,2015년 9월 12일 04시,토요일,강원도 철원군 동송읍,중상사고,0,1,2,0,차대차 - 정면충돌,중앙선침범,건조,맑음,단일로 - 기타,화물,남,60세,상해없음,승용,남,42세,중상
2015091200100129,2015년 9월 12일 05시,토요일,강원도 춘천시 교동,중상사고,0,1,1,0,차대차 - 측면직각충돌,안전운전불이행,건조,맑음,단일로 - 기타,승용,여,54세,기타불명,승용,남,47세,중상
2015091200100130,2015년 9월 12일 05시,토요일,강원도 강릉시 포남동,중상사고,0,1,0,0,차대차 - 측면직각충돌,신호위반,습기,비,교차로 - 교차로안,화물,남,40세,상해없음,승용,남,78세,중상
2015091200100131,2015년 9월 12일 05시,토요일,강원도 평창군 대관령면,경상사고,0,0,1,0,차대차 - 추돌 - 진행중,안전운전불이행,습기,비,단일로 - 기타,화물,남,53세,상해없음,승용,남,71세,경상
2015091200100231,2015년 9월 12일 10시,토요일,강원도 춘천시 근화동,중상사고,0,1,0,0,차대사람 - 횡단중,안전운전불이행,건조,맑음,단일로 - 기타,승용,남,82세,상해없음,보행자,여,15세,중상
2015091200100232,2015년 9월 12일 10시,토요일,강원도 횡성군 둔내면,중상사고,0,1,1,0,차대차 - 측면직각충돌,안전운전불이행,건조,맑음,단일로 - 기타,승용,남,41세,상해없음,승용,남,47세,상해없음
2015091200100307,2015년 9월 12일 12시,토요일,강원도 춘천시 석사동,경상사고,0,0,1,0,차대사람 - 기타,안전운전불이행,건조,맑음,단일로 - 기타,승용,남,62세,상해없음,보행자,남,16세,경상
2015091200100308,2015년 9월 12일 12시,토요일,강원도 양양군 양양읍,중상사고,0,1,1,0,차대차 - 측면직각충돌,직진우회전진행방해,건조,맑음,교차로 - 교차로안,원동기,남,35세,상해없음,원동기,남,19세,중상
2015091200100309,2015년 9월 12일 12시,토요일,강원도 속초시 청학동,경상사고,0,0,1,0,차대차 - 측면직각충돌,직진우회전진행방해,건조,맑음,교차로 - 교차로부근,승용,남,32세,상해없음,원동기,남,37세,경상
2015091200100310,2015년 9월 12일 12시,토요일,강원도 고성군 간성읍,중상사고,0,1,0,0,차대차 - 정면충돌,중앙선침범,건조,맑음,단일로 - 기타,승용,남,61세,상해없음,화물,남,49세,중상
2015091200100311,2015년 9월 12일 12시,토요일,강원도 철원군 동송읍,경상사고,0,0,3,0,차대차 - 정면충돌,중앙선침범,건조,맑음,단일로 - 기타,승용,남,45세,기타불명,승용,남,63세,경상
2015091200100337,2015년 9월 12일 13시,토요일,강원도 홍천군 홍천읍,경상사고,0,0,2,1,차대차 - 추돌 - 진행중,안전운전불이행,건조,맑음,교차로 - 교차로안,승합,남,56세,상해없음,승용,남,49세,경상
2015091200100364,2015년 9월 12일 14시,토요일,강원도 동해시 천곡동,중상사고,0,1,2,0,차대차 - 측면직각충돌,신호위반,습기,비,교차로 - 교차로안,승용,남,72세,경상,승용,남,44세,경상
2015091200100365,2015년 9월 12일 14시,토요일,강원도 동해시 발한동,부상신고사고,0,0,0,1,차대사람 - 길가장자리구역통행중,안전운전불이행,습기,비,단일로 - 기타,원동기,기타불명,기타불명,기타불명,보행자,여,15세,부상신고
2015091200100409,2015년 9월 12일 15시,토요일,강원도 원주시 명륜동,경상사고,0,0,1,1,차대차 - 측면직각충돌,교차로운행방법위반,건조,맑음,교차로 - 교차로안,승용,여,57세,상해없음,승용,남,48세,경상
2015091200100495,2015년 9월 12일 17시,토요일,강원도 춘천시 후평동,중상사고,0,1,0,0,차대차 - 정면충돌,중앙선침범,건조,맑음,단일로 - 기타,승용,남,48세,상해없음,화물,남,34세,중상
2015091200100496,2015년 9월 12일 17시,토요일,강원도 원주시 명륜동,경상사고,0,0,1,0,차대사람 - 횡단중,안전운전불이행,건조,맑음,단일로 - 기타,승용,남,60세,상해없음,보행자,남,50세,경상
2015091200100497,2015년 9월 12일 17시,토요일,강원도 원주시 단구동,중상사고,0,2,1,0,차대차 - 추돌 - 진행중,안전거리미확보,건조,맑음,단일로 - 기타,승용,남,36세,상해없음,승용,남,22세,경상
2015091200100498,2015년 9월 12일 17시,토요일,강원도 홍천군 홍천읍,중상사고,0,1,0,0,차대차 - 측면직각충돌,안전운전불이행,건조,맑음,단일로 - 기타,건설기계,남,46세,상해없음,자전거,남,17세,중상
2015091200100499,2015년 9월 12일 17시,토요일,강원도 홍천군 북방면,중상사고,0,1,0,0,차대사람 - 차도통행중,안전운전불이행,건조,맑음,기타 - 기타,승용,남,45세,상해없음,보행자,남,44세,중상
2015091200100545,2015년 9월 12일 18시,토요일,강원도 춘천시 약사동,경상사고,0,0,1,0,차대차 - 추돌 - 진행중,안전운전불이행,건조,맑음,교차로 - 교차로부근,화물,남,45세,상해없음,승용,여,25세,경상
2015091200100580,2015년 9월 12일 19시,토요일,강원도 속초시 교동,경상사고,0,0,5,0,차대차 - 측면직각충돌,교차로운행방법위반,건조,맑음,교차로 - 교차로안,승용,남,62세,상해없음,승용,여,48세,경상
2015091200100581,2015년 9월 12일 19시,토요일,강원도 홍천군 홍천읍,경상사고,0,0,1,0,차대차 - 추돌 - 진행중,안전운전불이행,건조,맑음,단일로 - 기타,승용,남,43세,상해없음,승용,여,55세,경상
2015091200100667,2015년 9월 12일 21시,토요일,강원도 춘천시 우두동,중상사고,0,1,0,0,차대차 - 측면직각충돌,안전운전불이행,건조,맑음,교차로 - 교차로부근,승용,남,46세,상해없음,이륜,남,16세,중상
2015091200100668,2015년 9월 12일 21시,토요일,강원도 속초시 조양동,중상사고,0,4,0,0,차대차 - 측면직각충돌,안전운전불이행,건조,맑음,단일로 - 기타,승용,남,47세,상해없음,승용,남,46세,중상
2015091200100687,2015년 9월 12일 22시,토요일,강원도 춘천시 석사동,경상사고,0,0,1,0,차대차 - 추돌 - 주정차중,안전운전불이행,건조,맑음,단일로 - 기타,승용,남,63세,상해없음,이륜,남,44세,경상
2015091200100688,2015년 9월 12일 22시,토요일,강원도 춘천시 퇴계동,중상사고,0,1,0,0,차대차 - 측면직각충돌,안전운전불이행,건조,맑음,단일로 - 기타,승용,남,64세,상해없음,이륜,남,19세,중상
2015091200100721,2015년 9월 12일 23시,토요일,강원도 동해시 천곡동,경상사고,0,0,3,0,차대차 - 측면직각충돌,직진우회전진행방해,건조,흐림,교차로 - 교차로안,승용,남,63세,상해없음,승용,남,55세,경상
2015091300100062,2015년 9월 13일 03시,일요일,강원도 춘천시 효자동,경상사고,0,0,1,0,차대사람 - 기타,안전운전불이행,건조,맑음,단일로 - 기타,기타불명,기타불명,기타불명,기타불명,보행자,남,17세,경상
2015091300100072,2015년 9월 13일 04시,일요일,강원도 원주시 학성동,중상사고,0,1,0,0,차대차 - 추돌 - 진행중,안전거리미확보,건조,맑음,단일로 - 기타,승용,남,20세,상해없음,승용,남,61세,중상
2015091300100100,2015년 9월 13일 06시,일요일,강원도 원주시 반곡동,중상사고,0,1,0,1,차대차 - 추돌 - 진행중,안전운전불이행,건조,맑음,교차로 - 교차로안,승용,남,22세,부상신고,승용,남,56세,중상