사고번호,사고일시,요일,시군구,사고내용,사망자수,중상자수,경상자수,부상신고자수,사고유형,법규위반,노면상태,기상상태,도로형태,가해운전자 차종,가해운전자 성별,가해운전자 연령,가해운전자 상해정도,피해운전자 차종,피해운전자 성별,피해운전자 연령,피해운전자 상해정도
2015091700100703,2015년 9월 17일 21시,목요일,강원도 원주시 문막읍,경상사고,0,0,1,0,차대차 - 측면직각충돌,신호위반,건조,맑음,교차로 - 교차로안,화물,남,52세,상해없음,승용,남,54세,경상
2015091700100779,2015년 9월 17일 23시,목요일,강원도 강릉시 교동,중상사고,0,3,0,0,차대차 - 측면직각충돌,안전운전불이행,건조,맑음,교차로 - 교차로안,승용,남,19세,상해없음,승용,남,24세,중상
2015091700100780,2015년 9월 17일 23시,목요일,강원도 원주시 문막읍,중상사고,0,1,0,0,차량단독 - 공작물충돌,안전운전불이행,건조,맑음,단일로 - 기타,화물,남,59세,중상,,,,
2015091800100030,2015년 9월 18일 01시,금요일,강원도 원주시 단계동,중상사고,0,1,1,0,차대차 - 정면충돌,교차로운행방법위반,건조,맑음,교차로 - 교차로안,승용,남,19세,상해없음,승용,남,43세,경상
2015091800100041,2015년 9월 18일 02시,금요일,강원도 동해시 효가동,경상사고,0,0,1,0,차대차 - 측면직각충돌,교차로운행방법위반,건조,흐림,교차로 - 교차로안,승용,남,22세,상해없음,승용,남,41세,경상
2015091800100112,2015년 9월 18일 07시,금요일,강원도 춘천시 신동면,경상사고,0,0,1,0,차대차 - 정면충돌,중앙선침범,건조,맑음,교차로 - 교차로부근,승용,여,48세,상해없음,화물,남,48세,경상
2015091800100113,2015년 9월 18일 07시,금요일,강원도 원주시 단계동,중상사고,0,1,0,0,차대사람 - 횡단중,보행자보호의무위반,건조,맑음,단일로 - 횡단보도상,승용,남,50세,상해없음,보행자,여,65세,중상
2015091800100114,2015년 9월 18일 07시,금요일,강원도 원주시 태장동,경상사고,0,0,3,0,차대차 - 기타,안전거리미확보,건조,맑음,단일로 - 기타,승용,남,27세,상해없음,화물,남,63세,상해없음
2015091800100115,2015년 9월 18일 07시,금요일,강원도 원주시 단구동,경상사고,0,0,1,0,차대차 - 측면직각충돌,신호위반,건조,맑음,교차로 - 교차로부근,승합,남,57세,상해없음,승합,남,54세,경상
2015091800100116,2015년 9월 18일 07시,금요일,강원도 삼척시 원덕읍,경상사고,0,0,1,0,차대차 - 측면직각충돌,안전거리미확보,건조,맑음,교차로 - 교차로안,승합,남,65세,상해없음,화물,남,42세,경상
2015091800100117,2015년 9월 18일 07시,금요일,강원도 고성군 토성면,중상사고,0,4,3,0,차대차 - 측면직각충돌,신호위반,건조,맑음,교차로 - 교차로안,화물,남,70세,상해없음,승합,남,37세,경상
2015091800100118,2015년 9월 18일 07시,금요일,강원도 철원군 갈말읍,중상사고,0,1,1,0,차대차 - 측면직각충돌,교차로운행방법위반,건조,맑음,교차로 - 교차로안,승용,남,24세,상해없음,승용,여,45세,중상
2015091800100198,2015년 9월 18일 09시,금요일,강원도 춘천시 동내면,경상사고,0,0,1,0,차대차 - 측면직각충돌,교차로운행방법위반,건조,맑음,교차로 - 교차로안,승용,남,60세,상해없음,승용,여,26세,경상
2015091800100199,2015년 9월 18일 09시,금요일,강원도 속초시 노학동,경상사고,0,0,4,0,차대차 - 측면직각충돌,직진우회전진행방해,건조,맑음,교차로 - 교차로안,승용,여,57세,상해없음,승용,남,49세,경상
2015091800100200,2015년 9월 18일 09시,금요일,강원도 횡성군 우천면,경상사고,0,0,1,0,차대사람 - 기타,안전운전불이행,건조,맑음,단일로 - 기타,화물,남,59세,상해없음,보행자,남,44세,경상
2015091800100244,2015년 9월 18일 10시,금요일,강원도 춘천시 송암동,경상사고,0,0,1,0,차대차 - 측면직각충돌,교차로운행방법위반,건조,맑음,교차로 - 교차로안,승용,남,68세,상해없음,승용,여,39세,경상
2015091800100245,2015년 9월 18일 10시,금요일,강원도 원주시 태장동,부상신고사고,0,0,0,1,차대사람 - 기타,안전운전불이행,건조,맑음,교차로 - 교차로안,승용,남,17세,상해없음,보행자,남,25세,부상신고
2015091800100313,2015년 9월 18일 12시,금요일,강원도 원주시 학성동,경상사고,0,0,1,0,차대사람 - 횡단중,보행자보호의무위반,건조,맑음,단일로 - 횡단보도상,승합,남,53세,상해없음,보행자,여,46세,경상
2015091800100314,2015년 9월 18일 12시,금요일,강원도 원주시 명륜동,경상사고,0,0,1,0,차대사람 - 차도통행중,안전운전불이행,건조,맑음,단일로 - 기타,승용,남,44세,상해없음,보행자,여,61세,경상
2015091800100345,2015년 9월 18일 13시,금요일,강원도 춘천시 퇴계동,경상사고,0,0,1,0,차대차 - 측면직각충돌,안전운전불이행,건조,맑음,교차로 - 교차로안,승용,여,60세,상해없음,승용,여,36세,경상
2015091800100346,2015년 9월 18일 13시,금요일,강원도 춘천시 효자동,중상사고,0,2,0,0,차대차 - 측면직각충돌,중앙선침범,건조,맑음,단일로 - 기타,화물,남,48세,기타불명,승용,남,75세,중상
2015091800100347,2015년 9월 18일 13시,금요일,강원도 강릉시 신석동,경상사고,0,0,1,0,차대차 - 추돌 - 진행중,안전운전불이행,건조,맑음,교차로 - 교차로안,승용,남,53세,상해없음,승용,여,51세,경상
2015091800100348,2015년 9월 18일 13시,금요일,강원도 동해시 평릉동,경상사고,0,0,3,0,차대차 - 측면직각충돌,안전운전불이행,건조,맑음,교차로 - 교차로안,화물,남,54세,상해없음,승용,여,49세,경상
2015091800100424,2015년 9월 18일 15시,금요일,강원도 춘천시 우두동,경상사고,0,0,3,0,차대차 - 추돌 - 주정차중,안전거리미확보,건조,맑음,단일로 - 기타,화물,남,58세,상해없음,승용,여,31세,경상
2015091800100425,2015년 9월 18일 15시,금요일,강원도 춘천시 중앙로1가,중상사고,0,1,0,0,차대차 - 측면직각충돌,교차로운행방법위반,건조,맑음,교차로 - 교차로안,승용,남,32세,상해없음,자전거,남,13세,중상
2015091800100426,2015년 9월 18일 15시,금요일,강원도 춘천시 신북읍,중상사고,0,1,0,0,차대차 - 측면직각충돌,안전운전불이행,건조,맑음,단일로 - 기타,화물,여,55세,상해없음,자전거,남,80세,중상
2015091800100474,2015년 9월 18일 16시,금요일,강원도 원주시 단계동,중상사고,0,1,0,0,차대사람 - 보도통행중,중앙선침범,건조,맑음,단일로 - 기타,자전거,남,9세,상해없음,보행자,여,85세,중상
2015091800100475,2015년 9월 18일 16시,금요일,강원도 원주시 신림면,중상사고,0,2,0,0,차대차 - 측면직각충돌,차로위반,건조,맑음,단일로 - 기타,승용,여,56세,상해없음,승용,남,59세,중상
2015091800100476,2015년 9월 18일 16시,금요일,강원도 동해시 동회동,경상사고,0,0,1,0,차대차 - 정면충돌,신호위반,건조,맑음,교차로 - 교차로안,승용,여,50세,상해없음,승용,남,60세,경상
2015091800100477,2015년 9월 18일 16시,금요일,강원도 동해시 용정동,부상신고사고,0,0,0,1,차대차 - 측면직각충돌,안전운전불이행,건조,맑음,교차로 - 교차로안,승용,여,50세,부상신고,기타불명,기타불명,기타불명,기타불명
2015091800100520,2015년 9월 18일 17시,금요일,강원도 춘천시 후평동,경상사고,0,0,1,0,차대차 - 추돌 - 주정차중,안전운전불이행,건조,맑음,단일로 - 기타,승용,여,53세,상해없음,승용,남,31세,경상
2015091800100521,2015년 9월 18일 17시,금요일,강원도 원주시 단계동,경상사고,0,0,1,0,차대차 - 측면직각충돌,안전운전불이행,건조,맑음,단일로 - 기타,승용,남,26세,상해없음,자전거,남,14세,경상
2015091800100522,2015년 9월 18일 17시,금요일,강원도 원주시 단구동,경상사고,0,0,1,0,차대차 - 측면직각충돌,안전운전불이행,건조,맑음,교차로 - 교차로안,승용,남,19세,상해없음,원동기,남,23세,경상
2015091800100523,2015년 9월 18일 17시,금요일,강원도 동해시 구미동,경상사고,0,0,1,0,차대사람 - 차도통행중,안전운전불이행,건조,맑음,교차로 - 교차로부근,승용,여,50세,상해없음,보행자,여,59세,경상
2015091800100622,2015년 9월 18일 19시,금요일,강원도 춘천시 효자동,중상사고,0,1,0,0,차대사람 - 횡단중,보행자보호의무위반,건조,맑음,교차로 - 교차로부근,승용,남,18세,상해없음,보행자,여,63세,중상
2015091800100623,2015년 9월 18일 19시,금요일,강원도 화천군 화천읍,경상사고,0,0,4,1,차대차 - 추돌 - 진행중,안전거리미확보,건조,맑음,단일로 - 기타,화물,남,63세,상해없음,승용,남,51세,경상
2015091800100624,2015년 9월 18일 19시,금요일,강원도 횡성군 둔내면,중상사고,0,1,0,0,차대차 - 측면직각충돌,안전거리미확보,건조,맑음,교차로 - 교차로안,화물,남,60세,상해없음,승용,남,40세,중상
2015091800100625,2015년 9월 18일 19시,금요일,강원도 동해시 이도동,경상사고,0,0,1,0,차대차 - 추돌 - 주정차중,안전거리미확보,건조,맑음,단일로 - 기타,승용,남,30세,상해없음,승용,남,47세,경상
2015091800100691,2015년 9월 18일 20시,금요일,강원도 원주시 단구동,경상사고,0,0,1,0,차대차 - 측면직각충돌,신호위반,건조,맑음,교차로 - 교차로안,승용,남,46세,상해없음,이륜,남,19세,경상
2015091800100692,2015년 9월 18일 20시,금요일,강원도 영월군 영월읍,경상사고,0,0,1,0,차대사람 - 횡단중,안전운전불이행,건조,맑음,단일로 - 기타,이륜,남,18세,상해없음,보행자,여,75세,경상
2015091800100815,2015년 9월 18일 23시,금요일,강원도 원주시 단계동,경상사고,0,0,1,0,차대사람 - 차도통행중,보행자보호의무위반,건조,맑음,단일로 - 기타,승용,여,48세,상해없음,보행자,남,31세,경상
2015091900100016,2015년 9월 19일 00시,토요일,강원도 강릉시 주문진읍,경상사고,0,0,1,0,차대사람 - 횡단중,안전운전불이행,건조,맑음,단일로 - 기타,승용,남,31세,상해없음,보행자,여,48세,경상
2015091900100062,2015년 9월 19일 02시,토요일,강원도 춘천시 효자동,경상사고,0,0,1,0,차대차 - 기타,신호위반,건조,맑음,교차로 - 교차로안,승용,남,28세,기타불명,승용,여,47세,경상
2015091900100063,2015년 9월 19일 02시,토요일,강원도 동해시 천곡동,중상사고,0,1,0,0,차대차 - 추돌 - 진행중,안전운전불이행,건조,맑음,교차로 - 교차로부근,승용,남,50세,상해없음,승용,여,64세,중상
2015091900100140,2015년 9월 19일 06시,토요일,강원도 강릉시 교동,경상사고,0,0,4,0,차대차 - 측면직각충돌,중앙선침범,건조,맑음,단일로 - 기타,승용,남,63세,상해없음,승용,남,53세,경상
2015091900100174,2015년 9월 19일 08시,토요일,강원도 춘천시 소양로1가,경상사고,0,0,3,0,차대차 - 추돌 - 진행중,안전운전불이행,건조,맑음,교차로 - 교차로부근,승용,여,66세,기타불명,승용,여,54세,경상
2015091900100209,2015년 9월 19일 09시,토요일,강원도 평창군 대관령면,중상사고,0,1,2,0,차대차 - 추돌 - 진행중,안전운전불이행,건조,맑음,단일로 - 기타,화물,남,57세,상해없음,승용,남,42세,중상
2015091900100210,2015년 9월 19일 09시,토요일,강원도 태백시 동점동,경상사고,0,0,2,0,차대차 - 측면직각충돌,중앙선침범,건조,맑음,단일로 - 기타,승용,남,45세,상해없음,승용,남,73세,경상
2015091900100235,2015년 9월 19일 10시,토요일,강원도 강릉시 홍제동,경상사고,0,0,1,0,차대차 - 기타,안전운전불이행,건조,맑음,교차로 - 교차로안,승용,남,62세,상해없음,승용,여,60세,경상
2015091900100236,2015년 9월 19일 10시,토요일,강원도 태백시 소도동,경상사고,0,0,3,0,차대차 - 측면직각충돌,교차로운행방법위반,건조,맑음,교차로 - 교차로안,화물,남,62세,상해없음,승용,남,51세,경상
2015091900100317,2015년 9월 19일 12시,토요일,강원도 양양군 양양읍,경상사고,0,0,1,0,차대사람 - 차도통행중,안전운전불이행,건조,맑음,단일로 - 기타,승합,남,61세,상해없음,보행자,남,24세,경상
2015091900100361,2015년 9월 19일 13시,토요일,강원도 춘천시 후평동,경상사고,0,0,1,0,차대차 - 추돌 - 주정차중,안전운전불이행,건조,맑음,단일로 - 기타,승용,남,30세,상해없음,승용,여,33세,경상
2015091900100362,2015년 9월 19일 13시,토요일,강원도 정선군 정선읍,중상사고,0,1,2,0,차대차 - 측면직각충돌,신호위반,건조,맑음,교차로 - 교차로안,승용,여,56세,상해없음,승용,남,47세,경상
2015091900100363,2015년 9월 19일 13시,토요일,강원도 동해시 동회동,중상사고,0,1,0,0,차대차 - 측면직각충돌,안전운전불이행,건조,맑음,교차로 - 교차로부근,승합,여,53세,상해없음,자전거,남,17세,중상
2015091900100404,2015년 9월 19일 14시,토요일,강원도 양양군 양양읍,경상사고,0,0,2,0,차대차 - 측면직각충돌,안전운전불이행,건조,맑음,단일로 - 기타,승용,남,65세,상해없음,승용,여,39세,경상
2015091900100405,2015년 9월 19일 14시,토요일,강원도 홍천군 남면,중상사고,0,1,0,0,차량단독 - 공작물충돌,안전운전불이행,건조,맑음,단일로 - 기타,화물,남,63세,상해없음,,,,
2015091900100529,2015년 9월 19일 17시,토요일,강원도 강릉시 용강동,경상사고,0,0,2,0,차대차 - 측면직각충돌,안전운전불이행,건조,맑음,교차로 - 교차로안,승용,남,26세,상해없음,화물,여,45세,경상
2015091900100530,2015년 9월 19일 17시,토요일,강원도 원주시 문막읍,경상사고,0,0,1,0,차대사람 - 보도통행중,안전운전불이행,건조,맑음,교차로 - 교차로부근,화물,남,56세,상해없음,보행자,남,31세,경상
2015091900100531,2015년 9월 19일 17시,토요일,강원도 원주시 단구동,경상사고,0,0,3,0,차대차 - 기타,교차로운행방법위반,건조,맑음,교차로 - 교차로안,승용,남,32세,상해없음,승용,남,64세,경상
2015091900100532,2015년 9월 19일 17시,토요일,강원도 원주시 문막읍,경상사고,0,0,6,0,차량단독 - 공작물충돌,안전운전불이행,건조,맑음,단일로 - 기타,승합,남,60세,상해없음,,,,
2015091900100588,2015년 9월 19일 18시,토요일,강원도 철원군 서면,경상사고,0,0,1,0,차대사람 - 차도통행중,안전운전불이행,건조,맑음,단일로 - 기타,승용,남,23세,상해없음,보행자,남,66세,경상
2015091900100635,2015년 9월 19일 19시,토요일,강원도 횡성군 우천면,사망사고,1,1,0,1,차량단독 - 공작물충돌,안전운전불이행,건조,맑음,단일로 - 기타,승용,남,61세,부상신고,,,,
2015091900100681,2015년 9월 19일 20시,토요일,강원도 춘천시 퇴계동,부상신고사고,0,0,0,1,차대차 - 측면직각충돌,교차로운행방법위반,건조,맑음,교차로 - 교차로안,자전거,남,15세,부상신고,화물,남,58세,상해없음
2015091900100725,2015년 9월 19일 21시,토요일,강원도 원주시 단구동,경상사고,0,0,1,0,차대차 - 추돌 - 진행중,안전거리미확보,건조,맑음,단일로 - 기타,이륜,남,17세,상해없음,승용,남,60세,상해없음
2015091900100726,2015년 9월 19일 21시,토요일,강원도 평창군 진부면,경상사고,0,0,3,0,차대차 - 측면직각충돌,안전운전불이행,건조,맑음,단일로 - 터널,승용,남,55세,상해없음,승용,남,25세,경상
2015091900100755,2015년 9월 19일 22시,토요일,강원도 원주시 단구동,경상사고,0,0,2,0,차대차 - 추돌 - 진행중,안전거리미확보,건조,맑음,교차로 - 교차로부근,승용,남,52세,상해없음,승용,남,56세,상해없음
2015091900100756,2015년 9월 19일 22시,토요일,강원도 횡성군 횡성읍,경상사고,0,0,1,0,차대차 - 기타,안전운전불이행,건조,맑음,단일로 - 기타,화물,남,49세,상해없음,승용,남,59세,상해없음
2015091900100787,2015년 9월 19일 23시,토요일,강원도 원주시 우산동,중상사고,0,1,0,0,차대차 - 추돌 - 진행중,안전운전불이행,건조,맑음,교차로 - 교차로부근,승용,남,55세,상해없음,이륜,남,22세,중상
2015091900100788,2015년 9월 19일 23시,토요일,강원도 동해시 발한동,경상사고,0,0,1,0,차대차 - 정면충돌,중앙선침범,건조,맑음,교차로 - 교차로안,승용,여,53세,상해없음,승용,남,59세,경상
2015092000100033,2015년 9월 20일 01시,일요일,강원도 원주시 단계동,경상사고,0,0,5,0,차대차 - 측면직각충돌,안전거리미확보,건조,맑음,교차로 - 교차로부근,승용,남,29세,상해없음,승용,남,23세,경상
2015092000100034,2015년 9월 20일 01시,일요일,강원도 원주시 단계동,중상사고,0,1,5,0,차대차 - 추돌 - 진행중,안전운전불이행,건조,맑음,교차로 - 교차로안,승용,남,56세,상해없음,승용,남,38세,중상
2015092000100035,2015년 9월 20일 01시,일요일,강원도 평창군 대관령면,사망사고,1,0,0,0,차대사람 - 차도통행중,안전운전불이행,건조,맑음,단일로 - 기타,승용,남,56세,상해없음,보행자,여,48세,사망
2015092000100048,2015년 9월 20일 02시,일요일,강원도 원주시 단계동,경상사고,0,0,1,0,차대사람 - 차도통행중,안전운전불이행,건조,맑음,단일로 - 기타,기타불명,기타불명,기타불명,기타불명,보행자,여,19세,경상
2015092000100049,2015년 9월 20일 02시,일요일,강원도 정선군 사북읍,경상사고,0,0,1,0,차대차 - 추돌 - 주정차중,안전운전불이행,건조,맑음,기타 - 기타,승용,남,58세,상해없음,화물,남,33세,경상
2015092000100131,2015년 9월 20일 08시,일요일,강원도 원주시 학성동,경상사고,0,0,2,0,차대차 - 추돌 - 주정차중,안전운전불이행,건조,맑음,교차로 - 교차로부근,승용,남,19세,상해없음,화물,여,61세,경상
2015092000100132,2015년 9월 20일 08시,일요일,강원도 양구군 동면,중상사고,0,1,0,0,차대차 - 측면직각충돌,직진우회전진행방해,건조,맑음,교차로 - 교차로안,승용,여,49세,상해없음,승용,남,61세,중상
2015092000100151,2015년 9월 20일 09시,일요일,강원도 삼척시 도계읍,경상사고,0,0,1,0,차대차 - 측면직각충돌,안전운전불이행,건조,맑음,교차로 - 교차로안,승용,여,51세,상해없음,화물,남,71세,경상
2015092000100182,2015년 9월 20일 10시,일요일,강원도 춘천시 동면,부상신고사고,0,0,0,1,차대차 - 측면직각충돌,안전거리미확보,건조,맑음,단일로 - 기타,승합,남,48세,상해없음,승용,남,52세,부상신고
2015092000100183,2015년 9월 20일 10시,일요일,강원도 원주시 단계동,경상사고,0,0,1,0,차대차 - 측면직각충돌,교차로운행방법위반,건조,맑음,교차로 - 교차로안,승용,남,22세,상해없음,승용,여,48세,경상
2015092000100237,2015년 9월 20일 12시,일요일,강원도 춘천시 퇴계동,경상사고,0,0,2,0,차대차 - 추돌 - 주정차중,안전운전불이행,건조,맑음,교차로 - 교차로부근,승용,남,64세,상해없음,승용,남,27세,경상
2015092000100238,2015년 9월 20일 12시,일요일,강원도 홍천군 남면,경상사고,0,0,2,0,차대차 - 추돌 - 진행중,안전운전불이행,건조,맑음,단일로 - 기타,승용,남,45세,상해없음,승용,남,60세,상해없음
2015092000100269,2015년 9월 20일 13시,일요일,강원도 춘천시 후평동,경상사고,0,0,1,0,차대차 - 측면직각충돌,안전운전불이행,건조,맑음,교차로 - 교차로안,승용,여,35세,상해없음,승용,남,61세,경상
2015092000100270,2015년 9월 20일 13시,일요일,강원도 강릉시 사천면,경상사고,0,0,1,0,차대차 - 추돌 - 진행중,안전거리미확보,건조,맑음,단일로 - 기타,승용,여,38세,상해없음,화물,남,48세,상해없음
2015092000100271,2015년 9월 20일 13시,일요일,강원도 강릉시 주문진읍,경상사고,0,0,1,0,차대차 - 추돌 - 진행중,안전운전불이행,건조,맑음,교차로 - 교차로부근,화물,남,52세,상해없음,승용,여,49세,경상
2015092000100302,2015년 9월 20일 14시,일요일,강원도 삼척시 조비동,중상사고,0,1,0,0,차대사람 - 기타,안전운전불이행,건조,맑음,기타 - 기타,화물,남,64세,상해없음,보행자,남,63세,중상
2015092000100333,2015년 9월 20일 15시,일요일,강원도 원주시 무실동,경상사고,0,0,1,0,차대차 - 측면직각충돌,교차로운행방법위반,건조,맑음,교차로 - 교차로안,승용,남,68세,상해없음,화물,남,44세,경상
2015092000100369,2015년 9월 20일 16시,일요일,강원도 원주시 문막읍,경상사고,0,0,1,0,차대차 - 추돌 - 진행중,신호위반,건조,맑음,교차로 - 교차로안,승용,남,26세,상해없음,승용,남,23세,경상
2015092000100370,2015년 9월 20일 16시,일요일,강원도 평창군 봉평면,중상사고,0,1,0,0,차대차 - 정면충돌,중앙선침범,건조,맑음,단일로 - 기타,화물,남,47세,상해없음,이륜,남,50세,중상
2015092000100371,2015년 9월 20일 16시,일요일,강원도 태백시 황지동,부상신고사고,0,0,0,1,차대사람 - 기타,안전운전불이행,건조,맑음,단일로 - 기타,승용,남,70세,상해없음,보행자,여,71세,부상신고
2015092000100372,2015년 9월 20일 16시,일요일,강원도 횡성군 횡성읍,경상사고,0,0,4,0,차대차 - 추돌 - 주정차중,안전운전불이행,건조,맑음,단일로 - 기타,승용,남,44세,상해없음,승용,남,29세,경상
2015092000100373,2015년 9월 20일 16시,일요일,강원도 춘천시 남산면,경상사고,0,0,7,2,차대차 - 추돌 - 진행중,안전운전불이행,건조,맑음,단일로 - 기타,승용,남,22세,경상,승용,여,27세,상해없음
2015092000100407,2015년 9월 20일 17시,일요일,강원도 춘천시 퇴계동,경상사고,0,0,2,0,차대차 - 측면직각충돌,교차로운행방법위반,건조,맑음,교차로 - 교차로안,승용,남,24세,상해없음,승용,남,63세,경상
2015092000100408,2015년 9월 20일 17시,일요일,강원도 화천군 사내면,경상사고,0,0,1,0,차대차 - 측면직각충돌,중앙선침범,건조,맑음,단일로 - 기타,승용,남,30세,상해없음,승용,남,23세,상해없음
2015092000100467,2015년 9월 20일 19시,일요일,강원도 태백시 황지동,경상사고,0,0,1,0,차대차 - 추돌 - 진행중,안전운전불이행,건조,맑음,기타 - 기타,승용,남,54세,상해없음,승용,남,45세,경상
2015092000100468,2015년 9월 20일 19시,일요일,강원도 고성군 현내면,중상사고,0,1,0,0,차대차 - 기타,불법유턴,건조,맑음,교차로 - 교차로안,농기계,남,85세,상해없음,승용,남,50세,중상
2015092000100514,2015년 9월 20일 20시,일요일,강원도 원주시 행구동,경상사고,0,0,1,0,차대차 - 측면직각충돌,안전운전불이행,건조,맑음,교차로 - 교차로부근,승용,남,44세,상해없음,이륜,남,18세,경상
2015092000100515,2015년 9월 20일 20시,일요일,강원도 원주시 문막읍,경상사고,0,0,1,0,차대사람 - 기타,안전운전불이행,건조,맑음,단일로 - 기타,기타불명,기타불명,기타불명,기타불명,보행자,남,18세,경상
2015092000100516,2015년 9월 20일 20시,일요일,강원도 원주시 문막읍,중상사고,0,1,1,0,차대차 - 추돌 - 진행중,중앙선침범,건조,맑음,교차로 - 교차로부근,화물,남,69세,상해없음,승합,남,68세,경상
2015092000100517,2015년 9월 20일 20시,일요일,강원도 원주시 무실동,중상사고,0,2,2,0,차대차 - 추돌 - 진행중,안전운전불이행,건조,맑음,교차로 - 교차로부근,승용,여,43세,상해없음,승용,여,30세,중상
2015092000100549,2015년 9월 20일 21시,일요일,강원도 춘천시 퇴계동,경상사고,0,0,1,0,차대차 - 측면직각충돌,안전운전불이행,건조,맑음,교차로 - 교차로부근,승용,남,49세,경상,승용,남,58세,상해없음
2015092000100550,2015년 9월 20일 21시,일요일,강원도 고성군 토성면,중상사고,0,2,0,0,차대차 - 추돌 - 진행중,안전운전불이행,건조,맑음,교차로 - 교차로부근,승용,남,65세,상해없음,승용,남,47세,중상
2015092000100587,2015년 9월 20일 23시,일요일,강원도 춘천시 칠전동,중상사고,0,1,1,0,차대차 - 측면직각충돌,신호위반,건조,맑음,교차로 - 교차로안,승용,남,42세,상해없음,승용,여,50세,중상
2015092100100122,2015년 9월 21일 08시,월요일,강원도 강릉시 사천면,경상사고,0,0,1,0,차대차 - 기타,안전운전불이행,건조,맑음,단일로 - 기타,승용,여,45세,상해없음,승용,남,52세,경상
2015092100100123,2015년 9월 21일 08시,월요일,강원도 화천군 간동면,경상사고,0,0,1,0,차대차 - 측면직각충돌,안전운전불이행,건조,맑음,단일로 - 기타,승용,남,43세,상해없음,승용,여,39세,경상
2015092100100160,2015년 9월 21일 09시,월요일,강원도 춘천시 우두동,경상사고,0,0,1,0,차대차 - 측면직각충돌,직진우회전진행방해,건조,맑음,교차로 - 교차로안,승용,여,52세,상해없음,승용,여,57세,경상
2015092100100161,2015년 9월 21일 09시,월요일,강원도 춘천시 소양로1가,경상사고,0,0,1,0,차대차 - 측면직각충돌,직진우회전진행방해,건조,맑음,교차로 - 교차로안,승용,남,68세,상해없음,승용,남,65세,경상
2015092100100162,2015년 9월 21일 09시,월요일,강원도 원주시 태장동,중상사고,0,1,0,0,차대사람 - 횡단중,보행자보호의무위반,건조,맑음,단일로 - 기타,기타불명,기타불명,기타불명,기타불명,보행자,여,83세,중상
2015092100100206,2015년 9월 21일 10시,월요일,강원도 춘천시 석사동,경상사고,0,0,2,0,차대차 - 측면직각충돌,안전운전불이행,건조,맑음,교차로 - 교차로안,화물,남,70세,상해없음,승용,남,46세,경상
2015092100100240,2015년 9월 21일 11시,월요일,강원도 속초시 영랑동,경상사고,0,0,1,0,차대사람 - 횡단중,안전운전불이행,건조,맑음,교차로 - 교차로부근,원동기,여,40세,상해없음,보행자,남,73세,경상
2015092100100241,2015년 9월 21일 11시,월요일,강원도 영월군 영월읍,경상사고,0,0,1,0,차대차 - 측면직각충돌,교차로운행방법위반,건조,맑음,교차로 - 교차로안,승용,남,69세,상해없음,원동기,남,29세,경상
2015092100100303,2015년 9월 21일 13시,월요일,강원도 원주시 우산동,경상사고,0,0,1,0,차량단독 - 기타,안전운전불이행,건조,맑음,단일로 - 기타,승합,남,50세,상해없음,,,,
2015092100100347,2015년 9월 21일 14시,월요일,강원도 춘천시 석사동,중상사고,0,1,0,0,차대차 - 측면직각충돌,안전운전불이행,건조,맑음,단일로 - 기타,승용,여,49세,상해없음,자전거,남,74세,중상
2015092100100397,2015년 9월 21일 15시,월요일,강원도 강릉시 임당동,경상사고,0,0,1,0,차대사람 - 보도통행중,안전운전불이행,건조,맑음,단일로 - 기타,승용,여,57세,상해없음,보행자,여,45세,경상
2015092100100398,2015년 9월 21일 15시,월요일,강원도 원주시 태장동,중상사고,0,1,0,0,차대차 - 측면직각충돌,직진우회전진행방해,건조,맑음,교차로 - 교차로안,승용,여,32세,상해없음,자전거,남,83세,중상
2015092100100399,2015년 9월 21일 15시,월요일,강원도 원주시 단구동,경상사고,0,0,2,0,차대차 - 측면직각충돌,차로위반,건조,맑음,단일로 - 기타,승용,여,53세,경상,승용,남,26세,경상
2015092100100400,2015년 9월 21일 15시,월요일,강원도 횡성군 횡성읍,중상사고,0,1,0,0,차대차 - 측면직각충돌,안전운전불이행,건조,맑음,단일로 - 기타,화물,남,48세,상해없음,자전거,남,81세,중상
2015092100100451,2015년 9월 21일 16시,월요일,강원도 강릉시 사천면,경상사고,0,0,1,0,차대차 - 추돌 - 주정차중,안전운전불이행,건조,맑음,단일로 - 기타,승용,남,70세,상해없음,승용,남,57세,경상
2015092100100452,2015년 9월 21일 16시,월요일,강원도 속초시 교동,경상사고,0,0,1,0,차대사람 - 횡단중,안전운전불이행,건조,맑음,단일로 - 기타,승용,남,55세,상해없음,보행자,여,10세,경상
2015092100100453,2015년 9월 21일 16시,월요일,강원도 삼척시 도경동,경상사고,0,0,1,0,차량단독 - 전도전복,안전운전불이행,건조,맑음,단일로 - 기타,승용,남,54세,상해없음,,,,
2015092100100454,2015년 9월 21일 16시,월요일,강원도 양구군 양구읍,중상사고,0,1,0,0,차량단독 - 공작물충돌,안전운전불이행,건조,맑음,단일로 - 기타,화물,남,79세,상해없음,,,,
2015092100100455,2015년 9월 21일 16시,월요일,강원도 횡성군 둔내면,경상사고,0,0,1,0,차대차 - 기타,안전운전불이행,건조,맑음,단일로 - 터널,승용,남,55세,상해없음,승용,남,42세,경상
2015092100100513,2015년 9월 21일 17시,월요일,강원도 춘천시 우두동,경상사고,0,0,1,0,차대차 - 측면직각충돌,안전운전불이행,건조,맑음,단일로 - 기타,화물,남,62세,상해없음,이륜,남,81세,경상