사고번호,사고일시,요일,시군구,사고내용,사망자수,중상자수,경상자수,부상신고자수,사고유형,법규위반,노면상태,기상상태,도로형태,가해운전자 차종,가해운전자 성별,가해운전자 연령,가해운전자 상해정도,피해운전자 차종,피해운전자 성별,피해운전자 연령,피해운전자 상해정도
2015092100100514,2015년 9월 21일 17시,월요일,강원도 원주시 문막읍,경상사고,0,0,1,0,차대사람 - 기타,안전운전불이행,건조,맑음,단일로 - 기타,기타불명,기타불명,기타불명,기타불명,보행자,여,10세,경상
2015092100100515,2015년 9월 21일 17시,월요일,강원도 동해시 천곡동,경상사고,0,0,2,0,차대차 - 측면직각충돌,중앙선침범,건조,맑음,단일로 - 기타,승용,남,29세,상해없음,승합,남,33세,상해없음
2015092100100563,2015년 9월 21일 18시,월요일,강원도 원주시 태장동,경상사고,0,0,1,0,차대사람 - 길가장자리구역통행중,안전운전불이행,건조,맑음,단일로 - 기타,기타불명,기타불명,기타불명,기타불명,보행자,남,28세,경상
2015092100100564,2015년 9월 21일 18시,월요일,강원도 홍천군 홍천읍,중상사고,0,1,0,0,차량단독 - 공작물충돌,안전운전불이행,건조,맑음,교차로 - 교차로안,승용,남,54세,상해없음,,,,
2015092100100565,2015년 9월 21일 18시,월요일,강원도 태백시 황지동,경상사고,0,0,1,0,차대차 - 측면직각충돌,신호위반,건조,맑음,교차로 - 교차로안,승용,남,79세,기타불명,승용,남,56세,경상
2015092100100566,2015년 9월 21일 18시,월요일,강원도 태백시 황지동,경상사고,0,0,1,0,차대사람 - 차도통행중,안전운전불이행,건조,맑음,교차로 - 교차로부근,승용,여,45세,상해없음,보행자,여,6세,경상
2015092100100567,2015년 9월 21일 18시,월요일,강원도 동해시 발한동,경상사고,0,0,1,0,차대사람 - 차도통행중,안전운전불이행,건조,맑음,단일로 - 기타,승용,남,50세,상해없음,보행자,여,41세,경상
2015092100100618,2015년 9월 21일 19시,월요일,강원도 강릉시 주문진읍,경상사고,0,0,2,0,차대차 - 추돌 - 진행중,안전운전불이행,건조,맑음,단일로 - 기타,승용,남,54세,상해없음,농기계,남,68세,경상
2015092100100619,2015년 9월 21일 19시,월요일,강원도 원주시 단구동,경상사고,0,0,2,0,차대차 - 측면직각충돌,안전운전불이행,건조,맑음,교차로 - 교차로부근,승용,남,47세,상해없음,승용,남,63세,경상
2015092100100620,2015년 9월 21일 19시,월요일,강원도 삼척시 가곡면,경상사고,0,0,1,0,차대차 - 측면직각충돌,중앙선침범,건조,맑음,단일로 - 기타,화물,남,43세,상해없음,승용,여,48세,경상
2015092100100655,2015년 9월 21일 20시,월요일,강원도 원주시 단계동,경상사고,0,0,1,0,차대사람 - 횡단중,보행자보호의무위반,건조,맑음,단일로 - 기타,승용,남,71세,상해없음,보행자,여,40세,경상
2015092100100690,2015년 9월 21일 21시,월요일,강원도 원주시 무실동,중상사고,0,1,4,1,차대차 - 추돌 - 진행중,신호위반,건조,맑음,교차로 - 교차로안,승용,여,49세,부상신고,승용,남,19세,중상
2015092100100691,2015년 9월 21일 21시,월요일,강원도 동해시 천곡동,부상신고사고,0,0,0,1,차대차 - 측면직각충돌,안전운전불이행,건조,맑음,교차로 - 교차로부근,원동기,남,17세,부상신고,승용,남,43세,상해없음
2015092100100741,2015년 9월 21일 23시,월요일,강원도 춘천시 온의동,경상사고,0,0,1,0,차대사람 - 횡단중,보행자보호의무위반,건조,맑음,교차로 - 교차로안,자전거,남,19세,상해없음,보행자,남,24세,경상
2015092100100742,2015년 9월 21일 23시,월요일,강원도 강릉시 교동,경상사고,0,0,1,0,차대차 - 추돌 - 주정차중,안전운전불이행,건조,맑음,교차로 - 교차로부근,승용,남,27세,상해없음,승용,남,32세,경상
2015092200100063,2015년 9월 22일 06시,화요일,강원도 강릉시 포남동,경상사고,0,0,2,0,차대차 - 추돌 - 진행중,안전운전불이행,건조,맑음,교차로 - 교차로안,승용,남,55세,상해없음,승용,여,35세,경상
2015092200100064,2015년 9월 22일 06시,화요일,강원도 홍천군 북방면,경상사고,0,0,2,0,차대차 - 측면직각충돌,직진우회전진행방해,건조,맑음,교차로 - 교차로안,승용,여,66세,상해없음,이륜,남,63세,경상
2015092200100088,2015년 9월 22일 07시,화요일,강원도 철원군 동송읍,중상사고,0,1,0,0,차대차 - 측면직각충돌,교차로운행방법위반,건조,맑음,교차로 - 교차로안,승용,남,36세,상해없음,이륜,남,69세,중상
2015092200100135,2015년 9월 22일 08시,화요일,강원도 강릉시 입암동,중상사고,0,1,0,0,차대사람 - 차도통행중,안전운전불이행,건조,맑음,단일로 - 기타,승용,여,51세,상해없음,보행자,남,9세,중상
2015092200100136,2015년 9월 22일 08시,화요일,강원도 강릉시 유천동,경상사고,0,0,3,1,차대차 - 추돌 - 진행중,신호위반,건조,맑음,교차로 - 교차로안,화물,남,65세,상해없음,승합,남,56세,경상
2015092200100229,2015년 9월 22일 10시,화요일,강원도 춘천시 삼천동,경상사고,0,0,1,0,차대사람 - 차도통행중,안전운전불이행,건조,맑음,단일로 - 기타,자전거,여,39세,상해없음,보행자,여,34세,경상
2015092200100230,2015년 9월 22일 10시,화요일,강원도 양양군 현남면,경상사고,0,0,2,0,차대차 - 측면직각충돌,안전운전불이행,건조,맑음,교차로 - 교차로안,승용,남,56세,상해없음,화물,남,52세,경상
2015092200100231,2015년 9월 22일 10시,화요일,강원도 삼척시 건지동,중상사고,0,1,0,0,차대차 - 정면충돌,안전운전불이행,건조,맑음,단일로 - 기타,화물,남,58세,상해없음,승용,여,50세,중상
2015092200100261,2015년 9월 22일 11시,화요일,강원도 춘천시 동산면,경상사고,0,0,2,1,차대차 - 추돌 - 진행중,안전거리미확보,건조,맑음,단일로 - 기타,건설기계,남,44세,상해없음,화물,남,46세,경상
2015092200100262,2015년 9월 22일 11시,화요일,강원도 속초시 대포동,경상사고,0,0,1,0,차량단독 - 공작물충돌,안전운전불이행,건조,맑음,단일로 - 기타,화물,남,46세,상해없음,,,,
2015092200100289,2015년 9월 22일 12시,화요일,강원도 원주시 명륜동,중상사고,0,1,4,0,차대차 - 측면직각충돌,차로위반,건조,맑음,단일로 - 기타,승용,남,42세,상해없음,승용,남,33세,경상
2015092200100330,2015년 9월 22일 13시,화요일,강원도 춘천시 우두동,경상사고,0,0,1,0,차대차 - 추돌 - 주정차중,안전운전불이행,건조,흐림,단일로 - 기타,승용,여,54세,상해없음,승용,여,28세,경상
2015092200100331,2015년 9월 22일 13시,화요일,강원도 횡성군 둔내면,중상사고,0,1,0,0,차대차 - 측면직각충돌,안전운전불이행,건조,맑음,교차로 - 교차로안,승용,여,61세,상해없음,승용,남,55세,중상
2015092200100368,2015년 9월 22일 14시,화요일,강원도 춘천시 소양로4가,경상사고,0,0,1,0,차대차 - 측면직각충돌,교차로운행방법위반,건조,맑음,교차로 - 교차로안,승용,여,55세,상해없음,승용,여,51세,경상
2015092200100369,2015년 9월 22일 14시,화요일,강원도 강릉시 강동면,중상사고,0,1,2,0,차대차 - 추돌 - 진행중,중앙선침범,건조,맑음,단일로 - 기타,건설기계,남,47세,상해없음,화물,남,57세,중상
2015092200100421,2015년 9월 22일 15시,화요일,강원도 동해시 천곡동,경상사고,0,0,1,0,차대사람 - 차도통행중,안전운전불이행,건조,맑음,단일로 - 기타,특수,남,44세,상해없음,보행자,남,7세,경상
2015092200100461,2015년 9월 22일 16시,화요일,강원도 원주시 단계동,중상사고,0,1,0,0,차대차 - 측면직각충돌,교차로운행방법위반,건조,맑음,교차로 - 교차로안,승용,남,54세,상해없음,이륜,남,55세,중상
2015092200100462,2015년 9월 22일 16시,화요일,강원도 원주시 단구동,경상사고,0,0,1,0,차대차 - 측면직각충돌,차로위반,건조,맑음,교차로 - 교차로부근,이륜,남,28세,경상,승합,남,63세,상해없음
2015092200100506,2015년 9월 22일 17시,화요일,강원도 춘천시 후평동,중상사고,0,1,0,0,차대차 - 측면직각충돌,교차로운행방법위반,건조,맑음,교차로 - 교차로안,승용,남,34세,상해없음,이륜,여,42세,중상
2015092200100507,2015년 9월 22일 17시,화요일,강원도 강릉시 노암동,경상사고,0,0,1,0,차대차 - 정면충돌,안전운전불이행,건조,맑음,단일로 - 기타,승용,남,68세,상해없음,자전거,남,48세,경상
2015092200100508,2015년 9월 22일 17시,화요일,강원도 강릉시 포남동,중상사고,0,1,0,0,차대사람 - 기타,안전운전불이행,건조,맑음,단일로 - 기타,승용,남,67세,상해없음,보행자,여,77세,중상
2015092200100509,2015년 9월 22일 17시,화요일,강원도 원주시 태장동,중상사고,0,2,0,0,차대차 - 추돌 - 진행중,안전거리미확보,건조,맑음,단일로 - 기타,승용,여,48세,상해없음,화물,여,55세,중상
2015092200100510,2015년 9월 22일 17시,화요일,강원도 속초시 교동,경상사고,0,0,1,0,차대사람 - 횡단중,안전운전불이행,건조,맑음,단일로 - 기타,승합,남,63세,상해없음,보행자,남,5세,경상
2015092200100511,2015년 9월 22일 17시,화요일,강원도 고성군 간성읍,중상사고,0,1,0,0,차대차 - 측면직각충돌,안전운전불이행,건조,맑음,단일로 - 기타,승용,남,57세,상해없음,이륜,남,19세,중상
2015092200100566,2015년 9월 22일 18시,화요일,강원도 원주시 호저면,중상사고,0,1,2,0,차대차 - 측면직각충돌,교차로운행방법위반,건조,맑음,교차로 - 교차로안,승용,남,57세,상해없음,승용,남,66세,경상
2015092200100611,2015년 9월 22일 19시,화요일,강원도 강릉시 교동,경상사고,0,0,1,0,차대차 - 추돌 - 진행중,안전운전불이행,건조,맑음,교차로 - 교차로안,승용,여,74세,상해없음,승용,남,39세,경상
2015092200100612,2015년 9월 22일 19시,화요일,강원도 원주시 평원동,경상사고,0,0,5,0,차대차 - 측면직각충돌,차로위반,건조,맑음,단일로 - 기타,승용,남,29세,상해없음,승용,여,34세,경상
2015092200100655,2015년 9월 22일 20시,화요일,강원도 원주시 단구동,중상사고,0,1,0,0,차대사람 - 횡단중,중앙선침범,건조,맑음,교차로 - 교차로안,승용,여,27세,상해없음,보행자,남,49세,중상
2015092200100656,2015년 9월 22일 20시,화요일,강원도 원주시 단계동,중상사고,0,1,1,0,차대차 - 측면직각충돌,교차로운행방법위반,건조,맑음,교차로 - 교차로안,승용,남,58세,상해없음,승용,여,51세,경상
2015092200100657,2015년 9월 22일 20시,화요일,강원도 속초시 조양동,경상사고,0,0,2,0,차대차 - 측면직각충돌,안전운전불이행,건조,맑음,단일로 - 기타,건설기계,남,45세,상해없음,승용,남,41세,상해없음
2015092200100693,2015년 9월 22일 21시,화요일,강원도 강릉시 포남동,경상사고,0,0,1,0,차대차 - 추돌 - 진행중,안전운전불이행,건조,맑음,단일로 - 기타,승용,남,42세,상해없음,화물,남,54세,경상
2015092200100758,2015년 9월 22일 23시,화요일,강원도 춘천시 석사동,경상사고,0,0,1,0,차대차 - 측면직각충돌,안전운전불이행,건조,맑음,교차로 - 교차로안,이륜,남,38세,상해없음,이륜,남,20세,경상
2015092200100759,2015년 9월 22일 23시,화요일,강원도 춘천시 후평동,경상사고,0,0,1,0,차대차 - 측면직각충돌,안전운전불이행,건조,맑음,교차로 - 교차로안,화물,남,38세,상해없음,승용,남,37세,경상
2015092300100080,2015년 9월 23일 06시,수요일,강원도 태백시 동점동,사망사고,1,0,1,0,차대차 - 정면충돌,중앙선침범,건조,맑음,단일로 - 기타,승용,남,63세,사망,건설기계,남,51세,경상
2015092300100100,2015년 9월 23일 07시,수요일,강원도 삼척시 신기면,경상사고,0,0,1,0,차대차 - 측면직각충돌,안전운전불이행,건조,맑음,교차로 - 교차로안,건설기계,남,59세,상해없음,승용,여,60세,경상
2015092300100181,2015년 9월 23일 09시,수요일,강원도 강릉시 성산면,경상사고,0,0,1,0,차대차 - 추돌 - 진행중,안전운전불이행,건조,맑음,단일로 - 기타,화물,남,51세,상해없음,승용,남,28세,경상
2015092300100210,2015년 9월 23일 10시,수요일,강원도 원주시 일산동,경상사고,0,0,1,0,차량단독 - 기타,안전운전불이행,건조,맑음,단일로 - 기타,승합,남,47세,상해없음,,,,
2015092300100239,2015년 9월 23일 11시,수요일,강원도 원주시 단계동,중상사고,0,2,2,1,차대차 - 정면충돌,신호위반,건조,맑음,교차로 - 교차로안,승용,남,60세,상해없음,승용,남,70세,중상
2015092300100240,2015년 9월 23일 11시,수요일,강원도 삼척시 교동,경상사고,0,0,1,0,차대차 - 추돌 - 주정차중,안전운전불이행,건조,맑음,교차로 - 교차로부근,건설기계,남,35세,경상,건설기계,남,47세,상해없음
2015092300100241,2015년 9월 23일 11시,수요일,강원도 횡성군 횡성읍,경상사고,0,0,1,0,차대차 - 추돌 - 주정차중,안전운전불이행,건조,맑음,교차로 - 교차로부근,승용,남,58세,상해없음,승용,여,54세,경상
2015092300100276,2015년 9월 23일 12시,수요일,강원도 춘천시 동면,경상사고,0,0,1,0,차대차 - 측면직각충돌,중앙선침범,건조,맑음,단일로 - 기타,승용,남,76세,상해없음,이륜,남,50세,경상
2015092300100316,2015년 9월 23일 13시,수요일,강원도 원주시 단계동,경상사고,0,0,2,0,차대차 - 추돌 - 주정차중,안전거리미확보,건조,흐림,교차로 - 교차로부근,승용,여,54세,상해없음,승용,남,63세,경상
2015092300100317,2015년 9월 23일 13시,수요일,강원도 원주시 반곡동,중상사고,0,1,0,0,차대차 - 측면직각충돌,안전운전불이행,건조,맑음,교차로 - 교차로안,승용,남,29세,상해없음,이륜,남,36세,중상
2015092300100356,2015년 9월 23일 14시,수요일,강원도 속초시 중앙동,경상사고,0,0,3,0,차대차 - 측면직각충돌,신호위반,건조,맑음,교차로 - 교차로안,승용,여,56세,상해없음,화물,남,61세,경상
2015092300100357,2015년 9월 23일 14시,수요일,강원도 화천군 사내면,경상사고,0,0,1,0,차대차 - 측면직각충돌,안전운전불이행,건조,맑음,단일로 - 기타,화물,남,73세,상해없음,승용,여,47세,경상
2015092300100548,2015년 9월 23일 18시,수요일,강원도 원주시 문막읍,사망사고,1,1,0,0,차대차 - 추돌 - 진행중,안전운전불이행,건조,맑음,단일로 - 기타,승용,남,70세,중상,농기계,남,68세,사망
2015092300100611,2015년 9월 23일 19시,수요일,강원도 춘천시 효자동,경상사고,0,0,1,0,차대차 - 추돌 - 진행중,안전거리미확보,건조,맑음,단일로 - 기타,승용,남,62세,상해없음,이륜,남,34세,경상
2015092300100612,2015년 9월 23일 19시,수요일,강원도 강릉시 주문진읍,경상사고,0,0,1,0,차대차 - 측면직각충돌,안전운전불이행,건조,맑음,교차로 - 교차로안,승용,남,67세,상해없음,자전거,남,12세,경상
2015092300100613,2015년 9월 23일 19시,수요일,강원도 원주시 명륜동,경상사고,0,0,1,0,차대차 - 추돌 - 주정차중,안전거리미확보,건조,맑음,단일로 - 기타,이륜,남,18세,경상,화물,남,34세,상해없음
2015092300100614,2015년 9월 23일 19시,수요일,강원도 동해시 천곡동,경상사고,0,0,1,0,차대차 - 측면직각충돌,신호위반,건조,맑음,교차로 - 교차로안,원동기,남,17세,상해없음,승합,남,27세,경상
2015092300100667,2015년 9월 23일 20시,수요일,강원도 원주시 단구동,중상사고,0,1,0,0,차대사람 - 횡단중,보행자보호의무위반,건조,흐림,교차로 - 교차로부근,승용,남,34세,상해없음,보행자,남,14세,중상
2015092300100718,2015년 9월 23일 21시,수요일,강원도 강릉시 포남동,경상사고,0,0,1,0,차대차 - 기타,안전운전불이행,건조,맑음,교차로 - 교차로안,자전거,남,18세,상해없음,이륜,남,18세,경상
2015092300100719,2015년 9월 23일 21시,수요일,강원도 춘천시 동내면,중상사고,0,1,0,0,차대차 - 추돌 - 진행중,안전운전불이행,건조,맑음,단일로 - 기타,승용,여,24세,상해없음,승용,여,43세,중상
2015092300100799,2015년 9월 23일 23시,수요일,강원도 동해시 발한동,경상사고,0,0,3,0,차대차 - 측면직각충돌,안전운전불이행,건조,맑음,단일로 - 기타,원동기,남,60세,상해없음,승용,여,41세,경상
2015092400100010,2015년 9월 24일 00시,목요일,강원도 춘천시 효자동,중상사고,0,1,0,0,차대차 - 측면직각충돌,중앙선침범,건조,맑음,단일로 - 기타,승용,남,36세,상해없음,이륜,남,36세,중상
2015092400100158,2015년 9월 24일 08시,목요일,강원도 태백시 황지동,경상사고,0,0,1,0,차대차 - 기타,안전운전불이행,습기,흐림,기타 - 기타,승용,남,37세,상해없음,승용,여,45세,경상
2015092400100195,2015년 9월 24일 09시,목요일,강원도 춘천시 약사동,경상사고,0,0,1,0,차대차 - 기타,안전운전불이행,건조,맑음,단일로 - 기타,승용,기타불명,기타불명,기타불명,자전거,남,65세,경상
2015092400100196,2015년 9월 24일 09시,목요일,강원도 춘천시 온의동,경상사고,0,0,3,0,차대차 - 추돌 - 진행중,안전운전불이행,건조,맑음,교차로 - 교차로안,승용,남,33세,상해없음,승용,남,34세,경상
2015092400100197,2015년 9월 24일 09시,목요일,강원도 홍천군 동면,경상사고,0,0,2,0,차대차 - 측면직각충돌,안전운전불이행,건조,맑음,교차로 - 교차로안,화물,남,50세,상해없음,승용,남,69세,경상
2015092400100198,2015년 9월 24일 09시,목요일,강원도 태백시 문곡동,경상사고,0,0,1,0,차대차 - 추돌 - 주정차중,안전거리미확보,습기,비,교차로 - 교차로안,화물,남,31세,상해없음,승합,남,66세,경상
2015092400100235,2015년 9월 24일 10시,목요일,강원도 원주시 봉산동,경상사고,0,0,1,0,차대차 - 측면직각충돌,불법유턴,건조,맑음,단일로 - 기타,화물,남,51세,상해없음,승용,여,38세,경상
2015092400100263,2015년 9월 24일 11시,목요일,강원도 양양군 강현면,경상사고,0,0,2,0,차대차 - 추돌 - 진행중,안전운전불이행,건조,맑음,단일로 - 기타,건설기계,남,68세,상해없음,승용,여,56세,경상
2015092400100299,2015년 9월 24일 12시,목요일,강원도 고성군 거진읍,경상사고,0,0,1,0,차대차 - 측면직각충돌,신호위반,건조,맑음,교차로 - 교차로안,농기계,남,71세,상해없음,승용,여,41세,경상
2015092400100366,2015년 9월 24일 14시,목요일,강원도 원주시 행구동,중상사고,0,1,0,0,차대차 - 측면직각충돌,안전운전불이행,건조,맑음,단일로 - 기타,화물,남,71세,상해없음,자전거,남,14세,중상
2015092400100449,2015년 9월 24일 16시,목요일,강원도 홍천군 홍천읍,경상사고,0,0,2,0,차대차 - 측면직각충돌,교차로운행방법위반,건조,맑음,단일로 - 기타,승용,남,54세,상해없음,승용,남,30세,상해없음
2015092400100538,2015년 9월 24일 18시,목요일,강원도 원주시 학성동,경상사고,0,0,2,0,차대차 - 측면직각충돌,안전운전불이행,건조,흐림,교차로 - 교차로부근,이륜,남,62세,경상,승용,여,35세,경상
2015092400100539,2015년 9월 24일 18시,목요일,강원도 원주시 태장동,경상사고,0,0,1,0,차대차 - 기타,안전운전불이행,건조,맑음,단일로 - 기타,승용,남,56세,상해없음,승용,여,39세,경상
2015092400100592,2015년 9월 24일 19시,목요일,강원도 춘천시 퇴계동,경상사고,0,0,1,0,차대사람 - 기타,안전운전불이행,건조,맑음,교차로 - 교차로부근,화물,남,60세,상해없음,보행자,남,62세,경상
2015092400100593,2015년 9월 24일 19시,목요일,강원도 강릉시 포남동,중상사고,0,1,0,0,차대차 - 기타,안전운전불이행,건조,맑음,교차로 - 교차로부근,승용,남,46세,상해없음,이륜,남,45세,중상
2015092400100594,2015년 9월 24일 19시,목요일,강원도 속초시 노학동,사망사고,1,0,0,0,차량단독 - 전도전복,안전운전불이행,건조,맑음,단일로 - 기타,원동기,남,52세,사망,,,,
2015092400100648,2015년 9월 24일 20시,목요일,강원도 강릉시 임당동,경상사고,0,0,1,0,차대차 - 기타,안전거리미확보,건조,맑음,단일로 - 기타,승용,남,59세,상해없음,승용,남,53세,경상
2015092400100729,2015년 9월 24일 22시,목요일,강원도 춘천시 퇴계동,경상사고,0,0,1,0,차대차 - 추돌 - 진행중,안전운전불이행,건조,맑음,단일로 - 기타,승합,남,46세,상해없음,승용,남,55세,상해없음
2015092500100019,2015년 9월 25일 00시,금요일,강원도 동해시 발한동,중상사고,0,2,0,0,차대차 - 추돌 - 진행중,안전운전불이행,건조,맑음,단일로 - 기타,승용,남,27세,상해없음,승용,남,49세,중상
2015092500100040,2015년 9월 25일 01시,금요일,강원도 춘천시 효자동,경상사고,0,0,3,0,차대사람 - 길가장자리구역통행중,안전운전불이행,건조,맑음,단일로 - 기타,승용,남,25세,상해없음,보행자,남,23세,경상
2015092500100041,2015년 9월 25일 01시,금요일,강원도 원주시 일산동,중상사고,0,1,0,0,차대차 - 측면직각충돌,차로위반,건조,맑음,교차로 - 교차로안,승용,여,35세,상해없음,승용,남,45세,중상
2015092500100064,2015년 9월 25일 03시,금요일,강원도 원주시 학성동,경상사고,0,0,2,0,차대차 - 추돌 - 진행중,안전운전불이행,건조,맑음,교차로 - 교차로안,승용,남,33세,상해없음,승용,남,44세,경상
2015092500100101,2015년 9월 25일 06시,금요일,강원도 화천군 사내면,경상사고,0,0,1,0,차량단독 - 도로외이탈 - 기타,안전운전불이행,건조,맑음,단일로 - 기타,화물,남,62세,상해없음,,,,
2015092500100122,2015년 9월 25일 07시,금요일,강원도 삼척시 남양동,경상사고,0,0,2,0,차대차 - 측면직각충돌,교차로운행방법위반,건조,맑음,교차로 - 교차로안,화물,남,58세,상해없음,승용,남,60세,경상
2015092500100164,2015년 9월 25일 08시,금요일,강원도 원주시 문막읍,중상사고,0,1,1,0,차대차 - 추돌 - 진행중,안전운전불이행,건조,맑음,단일로 - 기타,화물,여,57세,상해없음,자전거,남,14세,경상
2015092500100165,2015년 9월 25일 08시,금요일,강원도 철원군 갈말읍,경상사고,0,0,4,0,차대차 - 측면직각충돌,신호위반,건조,맑음,교차로 - 교차로안,승용,여,49세,상해없음,승용,여,53세,경상
2015092500100234,2015년 9월 25일 10시,금요일,강원도 원주시 단계동,경상사고,0,0,1,0,차대차 - 추돌 - 주정차중,안전운전불이행,건조,맑음,단일로 - 기타,승용,남,43세,상해없음,승용,여,42세,경상
2015092500100278,2015년 9월 25일 11시,금요일,강원도 양양군 현북면,경상사고,0,0,1,0,차대차 - 측면직각충돌,기타,건조,맑음,교차로 - 교차로안,승용,여,52세,상해없음,원동기,남,85세,경상
2015092500100320,2015년 9월 25일 12시,금요일,강원도 춘천시 교동,부상신고사고,0,0,0,1,차량단독 - 기타,안전운전불이행,건조,맑음,단일로 - 기타,승합,남,56세,상해없음,,,,
2015092500100321,2015년 9월 25일 12시,금요일,강원도 홍천군 홍천읍,중상사고,0,1,0,0,차대차 - 기타,차로위반,건조,맑음,단일로 - 기타,승용,남,27세,상해없음,승용,여,37세,중상
2015092500100322,2015년 9월 25일 12시,금요일,강원도 태백시 통동,부상신고사고,0,0,0,1,차대사람 - 길가장자리구역통행중,안전운전불이행,건조,맑음,단일로 - 기타,승용,남,79세,상해없음,보행자,여,56세,부상신고
2015092500100368,2015년 9월 25일 13시,금요일,강원도 횡성군 둔내면,경상사고,0,0,1,0,차대차 - 측면직각충돌,안전운전불이행,건조,맑음,교차로 - 교차로안,승용,남,61세,상해없음,승용,여,60세,경상
2015092500100412,2015년 9월 25일 14시,금요일,강원도 원주시 명륜동,경상사고,0,0,1,0,차대사람 - 횡단중,보행자보호의무위반,건조,맑음,단일로 - 기타,승용,여,41세,상해없음,보행자,남,7세,경상
2015092500100413,2015년 9월 25일 14시,금요일,강원도 양양군 양양읍,경상사고,0,0,1,0,차대사람 - 횡단중,안전운전불이행,건조,맑음,단일로 - 기타,승용,여,38세,상해없음,보행자,남,46세,경상
2015092500100459,2015년 9월 25일 15시,금요일,강원도 춘천시 동내면,중상사고,0,1,0,0,차대차 - 측면직각충돌,신호위반,건조,맑음,교차로 - 교차로안,승용,여,52세,상해없음,승용,여,43세,중상
2015092500100460,2015년 9월 25일 15시,금요일,강원도 강릉시 지변동,경상사고,0,0,1,0,차대사람 - 보도통행중,안전운전불이행,건조,맑음,단일로 - 기타,승용,남,47세,상해없음,보행자,남,20세,경상
2015092500100461,2015년 9월 25일 15시,금요일,강원도 홍천군 홍천읍,경상사고,0,0,1,0,차대차 - 측면직각충돌,안전운전불이행,건조,맑음,교차로 - 교차로안,승용,남,54세,상해없음,승용,남,58세,경상
2015092500100518,2015년 9월 25일 16시,금요일,강원도 춘천시 후평동,경상사고,0,0,1,0,차대차 - 측면직각충돌,기타,건조,맑음,단일로 - 기타,승용,남,26세,상해없음,승용,남,42세,경상
2015092500100519,2015년 9월 25일 16시,금요일,강원도 원주시 학성동,경상사고,0,0,1,0,차대차 - 측면직각충돌,교차로운행방법위반,건조,맑음,교차로 - 교차로안,승합,남,49세,상해없음,승용,남,28세,경상
2015092500100569,2015년 9월 25일 17시,금요일,강원도 원주시 우산동,경상사고,0,0,1,0,차대차 - 측면직각충돌,직진우회전진행방해,건조,맑음,교차로 - 교차로안,승용,남,49세,상해없음,자전거,남,13세,경상
2015092500100570,2015년 9월 25일 17시,금요일,강원도 원주시 호저면,경상사고,0,0,1,0,차량단독 - 기타,기타,건조,맑음,단일로 - 기타,승합,남,44세,상해없음,,,,
2015092500100571,2015년 9월 25일 17시,금요일,강원도 동해시 발한동,중상사고,0,2,0,0,차대사람 - 보도통행중,안전운전불이행,건조,맑음,교차로 - 교차로안,승용,남,54세,상해없음,보행자,여,16세,중상
2015092500100630,2015년 9월 25일 18시,금요일,강원도 강릉시 옥계면,중상사고,0,2,0,0,차대차 - 기타,신호위반,건조,맑음,교차로 - 교차로안,승용,남,48세,상해없음,승용,남,56세,중상
2015092500100631,2015년 9월 25일 18시,금요일,강원도 원주시 판부면,중상사고,0,1,0,0,차대차 - 추돌 - 주정차중,안전거리미확보,건조,맑음,단일로 - 기타,화물,남,41세,상해없음,승용,남,32세,중상
2015092500100632,2015년 9월 25일 18시,금요일,강원도 홍천군 두촌면,중상사고,0,2,0,0,차대차 - 추돌 - 진행중,안전운전불이행,건조,맑음,교차로 - 교차로부근,승용,남,61세,상해없음,승용,남,29세,중상
2015092500100697,2015년 9월 25일 19시,금요일,강원도 춘천시 우두동,경상사고,0,0,1,0,차대차 - 추돌 - 진행중,안전운전불이행,건조,맑음,단일로 - 기타,이륜,남,19세,경상,승용,남,26세,상해없음
2015092500100698,2015년 9월 25일 19시,금요일,강원도 강릉시 교동,경상사고,0,0,1,0,차대사람 - 기타,안전운전불이행,건조,맑음,교차로 - 교차로부근,승용,남,28세,상해없음,보행자,여,8세,경상
2015092500100754,2015년 9월 25일 20시,금요일,강원도 홍천군 홍천읍,사망사고,1,0,0,0,차대사람 - 길가장자리구역통행중,안전운전불이행,건조,맑음,단일로 - 기타,화물,남,60세,상해없음,보행자,남,41세,사망
2015092500100798,2015년 9월 25일 21시,금요일,강원도 영월군 주천면,중상사고,0,1,0,0,차대사람 - 횡단중,안전운전불이행,건조,맑음,단일로 - 기타,승용,남,57세,상해없음,보행자,여,73세,중상
2015092500100799,2015년 9월 25일 21시,금요일,강원도 태백시 황지동,경상사고,0,0,2,1,차량단독 - 기타,안전운전불이행,건조,맑음,단일로 - 기타,승용,남,59세,상해없음,,,,
2015092500100869,2015년 9월 25일 23시,금요일,강원도 강릉시 교동,경상사고,0,0,1,0,차대차 - 기타,안전운전불이행,건조,맑음,단일로 - 기타,승합,남,30세,상해없음,승용,남,59세,경상
2015092600100039,2015년 9월 26일 01시,토요일,강원도 춘천시 동내면,사망사고,1,0,0,0,차대사람 - 횡단중,안전운전불이행,건조,맑음,단일로 - 기타,승용,남,23세,상해없음,보행자,남,22세,사망
2015092600100162,2015년 9월 26일 08시,토요일,강원도 원주시 관설동,경상사고,0,0,1,0,차대차 - 측면직각충돌,안전운전불이행,건조,맑음,단일로 - 기타,화물,여,44세,상해없음,승합,여,46세,경상