사고번호,사고일시,요일,시군구,사고내용,사망자수,중상자수,경상자수,부상신고자수,사고유형,법규위반,노면상태,기상상태,도로형태,가해운전자 차종,가해운전자 성별,가해운전자 연령,가해운전자 상해정도,피해운전자 차종,피해운전자 성별,피해운전자 연령,피해운전자 상해정도
2015092600100163,2015년 9월 26일 08시,토요일,강원도 홍천군 홍천읍,부상신고사고,0,0,0,1,차량단독 - 공작물충돌,안전운전불이행,건조,맑음,단일로 - 기타,승용,남,27세,부상신고,,,,
2015092600100164,2015년 9월 26일 08시,토요일,강원도 태백시 황지동,경상사고,0,0,2,0,차대차 - 추돌 - 진행중,안전거리미확보,건조,맑음,단일로 - 기타,화물,남,63세,상해없음,승용,남,55세,경상
2015092600100181,2015년 9월 26일 09시,토요일,강원도 정선군 고한읍,중상사고,0,1,1,0,차대차 - 측면직각충돌,안전운전불이행,건조,맑음,단일로 - 기타,승용,남,48세,상해없음,화물,남,58세,경상
2015092600100213,2015년 9월 26일 10시,토요일,강원도 속초시 조양동,경상사고,0,0,1,0,차대차 - 측면직각충돌,교차로운행방법위반,건조,맑음,교차로 - 교차로안,승용,여,61세,상해없음,승용,여,25세,경상
2015092600100245,2015년 9월 26일 11시,토요일,강원도 홍천군 홍천읍,경상사고,0,0,2,0,차대차 - 기타,기타,건조,맑음,교차로 - 교차로부근,승용,남,41세,상해없음,승용,남,45세,경상
2015092600100274,2015년 9월 26일 12시,토요일,강원도 춘천시 근화동,경상사고,0,0,1,0,차대차 - 추돌 - 진행중,안전거리미확보,건조,맑음,교차로 - 교차로부근,승용,남,34세,상해없음,승용,여,43세,경상
2015092600100275,2015년 9월 26일 12시,토요일,강원도 춘천시 퇴계동,중상사고,0,1,0,0,차대사람 - 보도통행중,기타,건조,맑음,단일로 - 기타,화물,남,46세,상해없음,보행자,여,76세,중상
2015092600100276,2015년 9월 26일 12시,토요일,강원도 평창군 용평면,중상사고,0,2,0,0,차대차 - 정면충돌,중앙선침범,건조,맑음,단일로 - 기타,승용,남,41세,상해없음,승용,남,46세,중상
2015092600100308,2015년 9월 26일 13시,토요일,강원도 원주시 행구동,중상사고,0,1,1,0,차대차 - 측면직각충돌,안전운전불이행,건조,맑음,단일로 - 기타,승용,남,46세,경상,이륜,남,29세,중상
2015092600100336,2015년 9월 26일 14시,토요일,강원도 고성군 거진읍,경상사고,0,0,1,0,차대사람 - 차도통행중,안전운전불이행,건조,맑음,단일로 - 기타,승용,남,32세,상해없음,보행자,여,69세,경상
2015092600100357,2015년 9월 26일 15시,토요일,강원도 정선군 임계면,경상사고,0,0,4,0,차대사람 - 기타,안전운전불이행,건조,맑음,단일로 - 기타,승용,남,47세,상해없음,보행자,여,27세,경상
2015092600100358,2015년 9월 26일 15시,토요일,강원도 인제군 남면,중상사고,0,2,2,0,차대차 - 추돌 - 진행중,안전거리미확보,건조,맑음,교차로 - 교차로안,승용,남,54세,상해없음,승용,남,48세,경상
2015092600100390,2015년 9월 26일 16시,토요일,강원도 원주시 명륜동,경상사고,0,0,1,0,차대사람 - 보도통행중,기타,건조,맑음,단일로 - 기타,승합,남,53세,상해없음,보행자,남,50세,경상
2015092600100417,2015년 9월 26일 17시,토요일,강원도 원주시 우산동,중상사고,0,2,0,0,차대차 - 측면직각충돌,교차로운행방법위반,건조,맑음,교차로 - 교차로안,승용,남,46세,상해없음,승용,여,34세,중상
2015092600100418,2015년 9월 26일 17시,토요일,강원도 양양군 양양읍,중상사고,0,2,2,0,차대차 - 추돌 - 주정차중,안전운전불이행,건조,맑음,단일로 - 기타,승용,여,45세,상해없음,승용,여,45세,중상
2015092600100441,2015년 9월 26일 18시,토요일,강원도 원주시 단계동,경상사고,0,0,3,0,차대차 - 측면직각충돌,교차로운행방법위반,건조,맑음,교차로 - 교차로안,승용,여,34세,상해없음,승용,남,52세,상해없음
2015092600100442,2015년 9월 26일 18시,토요일,강원도 삼척시 정하동,경상사고,0,0,1,0,차대차 - 정면충돌,중앙선침범,건조,맑음,단일로 - 기타,승용,남,26세,상해없음,승용,남,66세,경상
2015092600100508,2015년 9월 26일 21시,토요일,강원도 원주시 개운동,경상사고,0,0,5,0,차대차 - 측면직각충돌,안전운전불이행,건조,맑음,교차로 - 교차로안,승용,여,50세,상해없음,승용,남,24세,경상
2015092600100509,2015년 9월 26일 21시,토요일,강원도 삼척시 남양동,경상사고,0,0,1,0,차대사람 - 길가장자리구역통행중,안전운전불이행,건조,맑음,교차로 - 교차로안,승용,남,26세,상해없음,보행자,남,40세,경상
2015092600100539,2015년 9월 26일 23시,토요일,강원도 원주시 단구동,경상사고,0,0,2,0,차대차 - 측면직각충돌,신호위반,건조,맑음,교차로 - 교차로안,승용,남,24세,경상,승용,남,27세,경상
2015092600100540,2015년 9월 26일 23시,토요일,강원도 삼척시 미로면,중상사고,0,3,2,0,차대차 - 정면충돌,중앙선침범,건조,맑음,교차로 - 교차로부근,승용,남,60세,상해없음,승용,여,25세,중상
2015092700100008,2015년 9월 27일 00시,일요일,강원도 원주시 개운동,경상사고,0,0,1,0,차대차 - 측면직각충돌,교차로운행방법위반,건조,맑음,교차로 - 교차로안,승용,남,70세,상해없음,승용,남,56세,경상
2015092700100019,2015년 9월 27일 01시,일요일,강원도 양구군 양구읍,경상사고,0,0,2,0,차대차 - 측면직각충돌,직진우회전진행방해,건조,맑음,교차로 - 교차로안,승용,남,32세,상해없음,승용,남,34세,경상
2015092700100069,2015년 9월 27일 06시,일요일,강원도 춘천시 동면,경상사고,0,0,4,0,차대차 - 측면직각충돌,안전운전불이행,건조,맑음,단일로 - 기타,승용,남,25세,상해없음,화물,여,41세,경상
2015092700100070,2015년 9월 27일 06시,일요일,강원도 원주시 문막읍,경상사고,0,0,3,0,차대차 - 측면직각충돌,신호위반,건조,맑음,교차로 - 교차로안,승용,남,49세,상해없음,승용,남,25세,경상
2015092700100094,2015년 9월 27일 08시,일요일,강원도 강릉시 성산면,중상사고,0,1,1,0,차대차 - 측면직각충돌,안전운전불이행,건조,맑음,단일로 - 기타,화물,남,65세,상해없음,승용,남,31세,경상
2015092700100115,2015년 9월 27일 09시,일요일,강원도 춘천시 동내면,경상사고,0,0,1,0,차대차 - 측면직각충돌,안전운전불이행,건조,맑음,단일로 - 기타,화물,남,56세,상해없음,승용,남,43세,경상
2015092700100116,2015년 9월 27일 09시,일요일,강원도 강릉시 청량동,경상사고,0,0,1,0,차대차 - 기타,안전운전불이행,건조,맑음,단일로 - 기타,기타불명,기타불명,기타불명,기타불명,자전거,여,55세,경상
2015092700100117,2015년 9월 27일 09시,일요일,강원도 홍천군 동면,부상신고사고,0,0,0,1,차대차 - 측면직각충돌,안전운전불이행,건조,맑음,단일로 - 기타,이륜,남,38세,부상신고,승용,여,57세,상해없음
2015092700100155,2015년 9월 27일 11시,일요일,강원도 고성군 간성읍,중상사고,0,1,0,0,차대사람 - 기타,안전운전불이행,건조,맑음,단일로 - 기타,승용,남,33세,상해없음,보행자,여,23세,중상
2015092700100189,2015년 9월 27일 12시,일요일,강원도 춘천시 신동면,경상사고,0,0,5,0,차대차 - 측면직각충돌,안전운전불이행,건조,맑음,교차로 - 교차로안,화물,여,41세,상해없음,승용,남,53세,경상
2015092700100190,2015년 9월 27일 12시,일요일,강원도 강릉시 사천면,경상사고,0,0,9,0,차대차 - 기타,안전운전불이행,건조,맑음,단일로 - 기타,승용,남,55세,기타불명,승용,남,71세,경상
2015092700100222,2015년 9월 27일 13시,일요일,강원도 원주시 태장동,경상사고,0,0,1,0,차대차 - 정면충돌,안전운전불이행,건조,맑음,단일로 - 기타,승용,남,33세,상해없음,승용,남,34세,경상
2015092700100223,2015년 9월 27일 13시,일요일,강원도 평창군 용평면,경상사고,0,0,2,0,차대차 - 추돌 - 진행중,안전거리미확보,건조,맑음,단일로 - 기타,승용,남,58세,상해없음,승용,남,50세,경상
2015092700100248,2015년 9월 27일 14시,일요일,강원도 원주시 신림면,경상사고,0,0,3,0,차대차 - 정면충돌,교차로운행방법위반,건조,맑음,교차로 - 교차로안,승용,여,56세,상해없음,승용,남,23세,경상
2015092700100249,2015년 9월 27일 14시,일요일,강원도 태백시 황지동,부상신고사고,0,0,0,3,차대차 - 추돌 - 주정차중,안전거리미확보,건조,맑음,단일로 - 기타,승용,남,29세,상해없음,승용,남,45세,부상신고
2015092700100250,2015년 9월 27일 14시,일요일,강원도 동해시 나안동,경상사고,0,0,2,0,차대차 - 측면직각충돌,신호위반,건조,맑음,교차로 - 교차로안,승용,여,44세,상해없음,승용,남,44세,경상
2015092700100285,2015년 9월 27일 15시,일요일,강원도 삼척시 원덕읍,경상사고,0,0,1,0,차대차 - 측면직각충돌,안전운전불이행,건조,맑음,교차로 - 교차로안,자전거,남,11세,경상,승용,남,48세,상해없음
2015092700100310,2015년 9월 27일 16시,일요일,강원도 원주시 호저면,경상사고,0,0,3,0,차대차 - 기타,교차로운행방법위반,건조,맑음,교차로 - 교차로안,승용,여,51세,경상,승용,남,74세,경상
2015092700100311,2015년 9월 27일 16시,일요일,강원도 원주시 소초면,경상사고,0,0,4,0,차대차 - 측면직각충돌,교차로운행방법위반,건조,맑음,교차로 - 교차로안,승용,여,40세,상해없음,승용,남,44세,경상
2015092700100312,2015년 9월 27일 16시,일요일,강원도 원주시 판부면,중상사고,0,2,8,0,차대차 - 추돌 - 진행중,안전거리미확보,건조,맑음,단일로 - 교량,승용,여,50세,경상,승용,남,49세,경상
2015092700100343,2015년 9월 27일 17시,일요일,강원도 삼척시 남양동,경상사고,0,0,3,0,차대차 - 측면직각충돌,안전운전불이행,건조,맑음,교차로 - 교차로안,승용,남,31세,상해없음,승용,남,43세,경상
2015092700100369,2015년 9월 27일 18시,일요일,강원도 속초시 노학동,중상사고,0,1,0,0,차대차 - 측면직각충돌,안전운전불이행,건조,맑음,단일로 - 기타,승용,남,57세,상해없음,승용,여,46세,중상
2015092700100370,2015년 9월 27일 18시,일요일,강원도 태백시 황지동,중상사고,0,1,0,0,차대차 - 기타,교차로운행방법위반,건조,맑음,교차로 - 교차로안,승용,남,63세,상해없음,자전거,남,36세,중상
2015092700100391,2015년 9월 27일 19시,일요일,강원도 춘천시 신동면,경상사고,0,0,1,0,차대차 - 측면직각충돌,교차로운행방법위반,건조,맑음,교차로 - 교차로안,승용,여,49세,상해없음,승용,남,39세,경상
2015092700100392,2015년 9월 27일 19시,일요일,강원도 춘천시 신북읍,경상사고,0,0,1,0,차대차 - 측면직각충돌,차로위반,건조,맑음,교차로 - 교차로안,승용,남,56세,상해없음,승합,남,20세,경상
2015092700100393,2015년 9월 27일 19시,일요일,강원도 횡성군 둔내면,사망사고,1,0,0,0,차대사람 - 횡단중,안전운전불이행,건조,맑음,단일로 - 기타,승용,남,34세,상해없음,보행자,여,74세,사망
2015092700100417,2015년 9월 27일 20시,일요일,강원도 삼척시 오분동,중상사고,0,3,3,0,차대차 - 추돌 - 진행중,안전운전불이행,건조,맑음,단일로 - 기타,승용,남,71세,상해없음,승용,남,56세,중상
2015092700100443,2015년 9월 27일 21시,일요일,강원도 속초시 중앙동,부상신고사고,0,0,0,2,차대차 - 추돌 - 주정차중,안전운전불이행,건조,맑음,교차로 - 교차로부근,화물,남,63세,상해없음,승합,남,47세,부상신고
2015092700100461,2015년 9월 27일 22시,일요일,강원도 동해시 평릉동,경상사고,0,0,1,0,차대차 - 추돌 - 주정차중,안전운전불이행,건조,맑음,교차로 - 교차로부근,승용,남,31세,상해없음,승용,여,44세,경상
2015092800100006,2015년 9월 28일 00시,월요일,강원도 원주시 태장동,중상사고,0,1,0,0,차대차 - 기타,안전거리미확보,건조,맑음,교차로 - 교차로안,원동기,남,26세,상해없음,승용,남,64세,상해없음
2015092800100015,2015년 9월 28일 01시,월요일,강원도 춘천시 후평동,경상사고,0,0,1,0,차대차 - 측면직각충돌,교차로운행방법위반,건조,맑음,교차로 - 교차로안,승용,남,55세,기타불명,승용,남,55세,경상
2015092800100113,2015년 9월 28일 10시,월요일,강원도 평창군 봉평면,중상사고,0,4,0,0,차대차 - 추돌 - 주정차중,안전운전불이행,건조,맑음,단일로 - 터널,승용,남,47세,상해없음,승합,남,48세,중상
2015092800100157,2015년 9월 28일 12시,월요일,강원도 강릉시 사천면,경상사고,0,0,7,0,차대차 - 기타,안전거리미확보,건조,맑음,단일로 - 기타,승용,남,59세,경상,승용,남,34세,상해없음
2015092800100158,2015년 9월 28일 12시,월요일,강원도 양양군 양양읍,경상사고,0,0,4,0,차대차 - 추돌 - 진행중,안전운전불이행,건조,맑음,교차로 - 교차로안,승용,남,56세,상해없음,승합,남,24세,경상
2015092800100159,2015년 9월 28일 12시,월요일,강원도 속초시 청호동,경상사고,0,0,1,0,차대차 - 측면직각충돌,안전운전불이행,건조,맑음,교차로 - 교차로부근,승용,남,37세,상해없음,화물,남,34세,경상
2015092800100160,2015년 9월 28일 12시,월요일,강원도 인제군 북면,중상사고,0,1,2,0,차대차 - 추돌 - 진행중,차로위반,건조,맑음,단일로 - 기타,승용,남,52세,상해없음,승용,여,34세,경상
2015092800100180,2015년 9월 28일 13시,월요일,강원도 강릉시 옥계면,경상사고,0,0,4,0,차대차 - 기타,안전운전불이행,건조,맑음,단일로 - 기타,승용,남,59세,상해없음,승용,남,58세,경상
2015092800100201,2015년 9월 28일 14시,월요일,강원도 강릉시 성산면,경상사고,0,0,2,0,차대차 - 추돌 - 진행중,안전운전불이행,건조,맑음,단일로 - 기타,화물,남,56세,상해없음,승용,남,51세,상해없음
2015092800100233,2015년 9월 28일 15시,월요일,강원도 춘천시 서면,중상사고,0,1,4,0,차대차 - 정면충돌,중앙선침범,건조,맑음,단일로 - 기타,이륜,남,39세,상해없음,승용,남,58세,경상
2015092800100234,2015년 9월 28일 15시,월요일,강원도 강릉시 노암동,경상사고,0,0,1,0,차대차 - 추돌 - 진행중,안전운전불이행,건조,맑음,단일로 - 기타,이륜,남,66세,상해없음,자전거,남,74세,경상
2015092800100235,2015년 9월 28일 15시,월요일,강원도 강릉시 성산면,경상사고,0,0,1,0,차대차 - 추돌 - 진행중,안전운전불이행,건조,맑음,단일로 - 기타,승용,남,57세,상해없음,승용,남,47세,상해없음
2015092800100298,2015년 9월 28일 17시,월요일,강원도 강릉시 사천면,경상사고,0,0,5,0,차대차 - 추돌 - 진행중,안전거리미확보,건조,맑음,교차로 - 교차로안,승합,남,56세,상해없음,승용,남,40세,상해없음
2015092800100326,2015년 9월 28일 18시,월요일,강원도 춘천시 동내면,중상사고,0,2,3,0,차대차 - 측면직각충돌,안전운전불이행,건조,맑음,교차로 - 교차로안,승합,남,54세,상해없음,승용,여,42세,중상
2015092800100327,2015년 9월 28일 18시,월요일,강원도 강릉시 주문진읍,경상사고,0,0,1,0,차대차 - 측면직각충돌,안전운전불이행,건조,맑음,단일로 - 기타,승용,여,29세,상해없음,원동기,남,59세,경상
2015092800100328,2015년 9월 28일 18시,월요일,강원도 원주시 우산동,중상사고,0,1,2,0,차대차 - 측면직각충돌,중앙선침범,건조,맑음,단일로 - 기타,승용,남,21세,상해없음,승용,남,36세,경상
2015092800100329,2015년 9월 28일 18시,월요일,강원도 원주시 태장동,경상사고,0,0,1,0,차대차 - 측면직각충돌,신호위반,건조,흐림,교차로 - 교차로안,승용,남,51세,상해없음,승용,남,66세,상해없음
2015092800100330,2015년 9월 28일 18시,월요일,강원도 홍천군 홍천읍,경상사고,0,0,5,0,차대차 - 정면충돌,안전운전불이행,건조,맑음,단일로 - 기타,승용,남,35세,상해없음,승용,남,22세,경상
2015092800100398,2015년 9월 28일 20시,월요일,강원도 원주시 관설동,경상사고,0,0,1,0,차대사람 - 횡단중,안전운전불이행,건조,맑음,단일로 - 기타,승용,남,56세,상해없음,보행자,남,51세,경상
2015092800100399,2015년 9월 28일 20시,월요일,강원도 동해시 동회동,경상사고,0,0,1,0,차대사람 - 횡단중,보행자보호의무위반,건조,맑음,교차로 - 교차로안,승용,여,38세,상해없음,보행자,여,18세,경상
2015092800100456,2015년 9월 28일 22시,월요일,강원도 강릉시 주문진읍,경상사고,0,0,3,0,차대차 - 측면직각충돌,신호위반,건조,맑음,교차로 - 교차로안,승용,여,46세,상해없음,승용,남,24세,경상
2015092800100482,2015년 9월 28일 23시,월요일,강원도 춘천시 신북읍,중상사고,0,1,2,0,차대차 - 측면직각충돌,안전운전불이행,건조,맑음,단일로 - 기타,승용,남,24세,상해없음,승용,남,52세,중상
2015092900100024,2015년 9월 29일 01시,화요일,강원도 원주시 봉산동,경상사고,0,0,1,0,차대차 - 측면직각충돌,안전운전불이행,건조,기타,교차로 - 교차로부근,승용,여,26세,상해없음,자전거,남,18세,경상
2015092900100068,2015년 9월 29일 04시,화요일,강원도 홍천군 홍천읍,중상사고,0,1,0,0,차대사람 - 횡단중,안전운전불이행,건조,맑음,교차로 - 교차로부근,승용,남,25세,상해없음,보행자,여,58세,중상
2015092900100083,2015년 9월 29일 06시,화요일,강원도 정선군 사북읍,경상사고,0,0,1,0,차대사람 - 횡단중,안전운전불이행,건조,맑음,교차로 - 교차로부근,승용,남,60세,상해없음,보행자,남,47세,경상
2015092900100101,2015년 9월 29일 08시,화요일,강원도 동해시 발한동,경상사고,0,0,4,0,차대차 - 정면충돌,중앙선침범,건조,맑음,단일로 - 기타,승용,남,56세,상해없음,승용,남,44세,경상
2015092900100111,2015년 9월 29일 09시,화요일,강원도 삼척시 원덕읍,경상사고,0,0,1,0,차대차 - 정면충돌,중앙선침범,건조,맑음,단일로 - 기타,승용,남,42세,상해없음,승용,여,45세,경상
2015092900100112,2015년 9월 29일 09시,화요일,강원도 횡성군 안흥면,중상사고,0,1,1,0,차대차 - 측면직각충돌,안전운전불이행,건조,맑음,교차로 - 교차로부근,화물,남,73세,경상,승용,남,51세,중상
2015092900100150,2015년 9월 29일 11시,화요일,강원도 춘천시 석사동,중상사고,0,1,0,0,차대차 - 측면직각충돌,안전운전불이행,건조,맑음,교차로 - 교차로부근,승용,남,52세,상해없음,자전거,여,21세,중상
2015092900100151,2015년 9월 29일 11시,화요일,강원도 춘천시 운교동,경상사고,0,0,2,0,차대차 - 측면직각충돌,안전운전불이행,건조,맑음,단일로 - 기타,승용,남,61세,상해없음,승합,남,43세,상해없음
2015092900100187,2015년 9월 29일 12시,화요일,강원도 춘천시 효자동,중상사고,0,1,0,0,차대사람 - 횡단중,안전운전불이행,건조,맑음,교차로 - 교차로안,승용,남,26세,상해없음,보행자,남,75세,중상
2015092900100211,2015년 9월 29일 13시,화요일,강원도 강릉시 연곡면,경상사고,0,0,1,0,차대차 - 기타,안전운전불이행,건조,맑음,단일로 - 기타,승용,남,33세,상해없음,승용,남,33세,기타불명
2015092900100212,2015년 9월 29일 13시,화요일,강원도 원주시 문막읍,경상사고,0,0,1,0,차대차 - 측면직각충돌,직진우회전진행방해,건조,맑음,교차로 - 교차로안,승용,남,37세,기타불명,승합,남,42세,상해없음
2015092900100213,2015년 9월 29일 13시,화요일,강원도 홍천군 두촌면,중상사고,0,3,1,0,차대차 - 측면직각충돌,안전운전불이행,건조,맑음,교차로 - 교차로안,승용,여,50세,중상,승용,남,70세,경상
2015092900100246,2015년 9월 29일 14시,화요일,강원도 춘천시 퇴계동,경상사고,0,0,3,0,차대차 - 측면직각충돌,교차로운행방법위반,건조,맑음,교차로 - 교차로안,승용,남,61세,상해없음,승용,남,29세,경상
2015092900100247,2015년 9월 29일 14시,화요일,강원도 강릉시 강동면,경상사고,0,0,1,0,차대차 - 기타,안전운전불이행,건조,맑음,교차로 - 교차로안,화물,남,42세,상해없음,승용,남,55세,경상
2015092900100287,2015년 9월 29일 15시,화요일,강원도 원주시 개운동,중상사고,0,1,0,0,차대사람 - 기타,안전운전불이행,건조,맑음,기타 - 기타,승합,남,52세,상해없음,보행자,여,79세,중상
2015092900100288,2015년 9월 29일 15시,화요일,강원도 화천군 화천읍,사망사고,1,0,0,0,차량단독 - 도로외이탈 - 기타,안전운전불이행,건조,맑음,단일로 - 교량,이륜,남,73세,사망,,,,
2015092900100289,2015년 9월 29일 15시,화요일,강원도 춘천시 남산면,중상사고,0,4,1,0,차대차 - 추돌 - 주정차중,안전운전불이행,건조,맑음,단일로 - 기타,승용,남,49세,상해없음,승용,여,27세,경상
2015092900100317,2015년 9월 29일 16시,화요일,강원도 속초시 교동,중상사고,0,1,4,0,차대차 - 측면직각충돌,신호위반,건조,맑음,교차로 - 교차로안,승용,여,19세,상해없음,승용,여,43세,경상
2015092900100349,2015년 9월 29일 17시,화요일,강원도 태백시 장성동,부상신고사고,0,0,0,1,차대사람 - 차도통행중,안전운전불이행,건조,맑음,단일로 - 기타,기타불명,기타불명,기타불명,기타불명,보행자,남,19세,부상신고
2015092900100381,2015년 9월 29일 18시,화요일,강원도 강릉시 남항진동,경상사고,0,0,2,0,차대차 - 기타,중앙선침범,건조,맑음,단일로 - 기타,승용,남,69세,상해없음,승용,여,38세,경상
2015092900100382,2015년 9월 29일 18시,화요일,강원도 강릉시 주문진읍,경상사고,0,0,1,0,차대차 - 추돌 - 진행중,안전운전불이행,건조,맑음,교차로 - 교차로부근,승용,남,24세,상해없음,승용,여,41세,경상
2015092900100383,2015년 9월 29일 18시,화요일,강원도 원주시 태장동,경상사고,0,0,2,0,차대차 - 측면직각충돌,안전운전불이행,건조,맑음,기타 - 기타,이륜,남,17세,상해없음,승용,남,31세,경상
2015092900100429,2015년 9월 29일 19시,화요일,강원도 춘천시 효자동,중상사고,0,1,0,0,차대차 - 측면직각충돌,안전운전불이행,건조,맑음,교차로 - 교차로부근,승합,남,43세,상해없음,이륜,남,31세,중상
2015092900100430,2015년 9월 29일 19시,화요일,강원도 원주시 반곡동,경상사고,0,0,1,0,차대차 - 측면직각충돌,안전운전불이행,건조,맑음,단일로 - 기타,승용,남,58세,상해없음,승용,여,59세,경상
2015092900100431,2015년 9월 29일 19시,화요일,강원도 철원군 서면,중상사고,0,1,0,0,차대사람 - 기타,안전운전불이행,건조,맑음,기타 - 기타,승용,남,59세,상해없음,보행자,여,71세,중상
2015092900100457,2015년 9월 29일 20시,화요일,강원도 삼척시 남양동,경상사고,0,0,1,0,차대차 - 측면직각충돌,안전운전불이행,건조,맑음,교차로 - 교차로안,이륜,남,18세,경상,승용,남,67세,상해없음
2015092900100491,2015년 9월 29일 21시,화요일,강원도 정선군 임계면,경상사고,0,0,3,0,차대차 - 정면충돌,중앙선침범,건조,맑음,단일로 - 기타,승용,남,45세,경상,승용,남,49세,경상
2015093000100061,2015년 9월 30일 05시,수요일,강원도 강릉시 성남동,중상사고,0,1,0,0,차대사람 - 기타,안전운전불이행,건조,맑음,단일로 - 기타,승용,여,48세,상해없음,보행자,여,17세,중상
2015093000100062,2015년 9월 30일 05시,수요일,강원도 횡성군 우천면,경상사고,0,0,6,0,차대차 - 측면직각충돌,신호위반,건조,맑음,교차로 - 교차로안,승합,남,64세,상해없음,승용,남,63세,상해없음
2015093000100070,2015년 9월 30일 06시,수요일,강원도 횡성군 횡성읍,경상사고,0,0,2,0,차대차 - 측면직각충돌,안전운전불이행,건조,맑음,교차로 - 교차로안,승용,남,58세,상해없음,승용,남,77세,경상
2015093000100091,2015년 9월 30일 07시,수요일,강원도 강릉시 주문진읍,중상사고,0,2,0,0,차대차 - 추돌 - 진행중,신호위반,건조,맑음,교차로 - 교차로안,승용,남,58세,중상,승용,남,48세,중상
2015093000100092,2015년 9월 30일 07시,수요일,강원도 원주시 단계동,경상사고,0,0,2,0,차대차 - 측면직각충돌,차로위반,건조,맑음,단일로 - 기타,승용,남,53세,상해없음,승용,남,36세,경상
2015093000100175,2015년 9월 30일 09시,수요일,강원도 원주시 봉산동,경상사고,0,0,1,0,차대사람 - 길가장자리구역통행중,보행자보호의무위반,건조,맑음,단일로 - 기타,화물,남,66세,상해없음,보행자,남,6세,경상
2015093000100208,2015년 9월 30일 10시,수요일,강원도 영월군 영월읍,중상사고,0,2,0,0,차대차 - 측면직각충돌,중앙선침범,건조,맑음,단일로 - 기타,승용,남,75세,상해없음,승용,남,45세,중상
2015093000100238,2015년 9월 30일 11시,수요일,강원도 속초시 중앙동,경상사고,0,0,1,0,차대차 - 측면직각충돌,신호위반,건조,맑음,교차로 - 교차로안,승용,남,54세,상해없음,이륜,남,72세,경상
2015093000100239,2015년 9월 30일 11시,수요일,강원도 철원군 김화읍,경상사고,0,0,2,0,차대차 - 측면직각충돌,직진우회전진행방해,건조,흐림,교차로 - 교차로안,화물,남,54세,상해없음,승합,여,27세,경상
2015093000100272,2015년 9월 30일 12시,수요일,강원도 원주시 행구동,중상사고,0,1,0,0,차대사람 - 기타,보행자보호의무위반,건조,맑음,단일로 - 기타,승용,여,52세,상해없음,보행자,여,85세,중상
2015093000100334,2015년 9월 30일 14시,수요일,강원도 춘천시 온의동,경상사고,0,0,1,0,차대사람 - 횡단중,신호위반,건조,맑음,교차로 - 교차로부근,승합,남,55세,상해없음,보행자,여,22세,경상
2015093000100335,2015년 9월 30일 14시,수요일,강원도 영월군 영월읍,중상사고,0,2,0,0,차대차 - 측면직각충돌,안전운전불이행,건조,흐림,단일로 - 기타,화물,남,69세,상해없음,승용,남,77세,중상
2015093000100336,2015년 9월 30일 14시,수요일,강원도 태백시 황지동,경상사고,0,0,1,1,차대차 - 추돌 - 진행중,안전운전불이행,건조,맑음,교차로 - 교차로안,화물,남,25세,상해없음,승용,여,42세,경상
2015093000100382,2015년 9월 30일 15시,수요일,강원도 홍천군 홍천읍,경상사고,0,0,1,0,차대차 - 측면직각충돌,안전운전불이행,건조,맑음,교차로 - 교차로안,이륜,남,50세,상해없음,승용,남,55세,경상
2015093000100383,2015년 9월 30일 15시,수요일,강원도 태백시 황지동,경상사고,0,0,1,0,차대사람 - 기타,안전운전불이행,건조,맑음,기타 - 기타,승용,남,44세,상해없음,보행자,남,77세,경상
2015093000100409,2015년 9월 30일 16시,수요일,강원도 춘천시 퇴계동,경상사고,0,0,1,0,차대차 - 측면직각충돌,교차로운행방법위반,건조,맑음,교차로 - 교차로안,승용,남,47세,상해없음,자전거,남,68세,경상
2015093000100410,2015년 9월 30일 16시,수요일,강원도 삼척시 정상동,중상사고,0,1,0,0,차대차 - 측면직각충돌,안전거리미확보,건조,맑음,단일로 - 기타,건설기계,남,42세,상해없음,승용,남,57세,중상
2015093000100450,2015년 9월 30일 17시,수요일,강원도 춘천시 퇴계동,경상사고,0,0,1,0,차대사람 - 차도통행중,안전운전불이행,건조,맑음,교차로 - 교차로부근,화물,남,23세,상해없음,보행자,남,62세,경상
2015093000100451,2015년 9월 30일 17시,수요일,강원도 동해시 효가동,경상사고,0,0,1,0,차대차 - 측면직각충돌,직진우회전진행방해,건조,맑음,교차로 - 교차로안,승용,남,40세,상해없음,승용,여,44세,경상
2015093000100490,2015년 9월 30일 18시,수요일,강원도 강릉시 교동,경상사고,0,0,1,0,차대차 - 기타,안전운전불이행,건조,맑음,교차로 - 교차로부근,승용,여,73세,상해없음,자전거,남,14세,경상
2015093000100491,2015년 9월 30일 18시,수요일,강원도 원주시 개운동,경상사고,0,0,1,0,차대사람 - 횡단중,안전운전불이행,건조,흐림,단일로 - 기타,승용,여,44세,상해없음,보행자,남,59세,경상
2015093000100492,2015년 9월 30일 18시,수요일,강원도 양양군 손양면,경상사고,0,0,1,0,차대차 - 측면직각충돌,안전운전불이행,건조,맑음,교차로 - 교차로안,화물,남,68세,상해없음,화물,남,60세,경상
2015093000100493,2015년 9월 30일 18시,수요일,강원도 삼척시 원덕읍,경상사고,0,0,1,2,차량단독 - 공작물충돌,안전운전불이행,건조,맑음,단일로 - 교량,승용,남,16세,경상,,,,