사고번호,사고일시,요일,시군구,사고내용,사망자수,중상자수,경상자수,부상신고자수,사고유형,법규위반,노면상태,기상상태,도로형태,가해운전자 차종,가해운전자 성별,가해운전자 연령,가해운전자 상해정도,피해운전자 차종,피해운전자 성별,피해운전자 연령,피해운전자 상해정도
2015100500100423,2015년 10월 5일 16시,월요일,강원도 춘천시 후평동,경상사고,0,0,1,0,차대차 - 추돌 - 진행중,안전운전불이행,건조,맑음,단일로 - 기타,승용,남,27세,상해없음,승용,남,26세,경상
2015100500100473,2015년 10월 5일 17시,월요일,강원도 동해시 북평동,경상사고,0,0,1,0,차대차 - 측면직각충돌,교차로운행방법위반,건조,맑음,교차로 - 교차로안,승용,여,46세,상해없음,승용,남,49세,경상
2015100500100529,2015년 10월 5일 18시,월요일,강원도 춘천시 효자동,부상신고사고,0,0,0,1,차대사람 - 길가장자리구역통행중,안전운전불이행,건조,맑음,단일로 - 기타,기타불명,기타불명,기타불명,기타불명,보행자,남,23세,부상신고
2015100500100575,2015년 10월 5일 19시,월요일,강원도 태백시 동점동,경상사고,0,0,1,0,차대차 - 기타,안전거리미확보,건조,맑음,기타 - 기타,화물,남,62세,상해없음,승용,남,30세,경상
2015100500100576,2015년 10월 5일 19시,월요일,강원도 동해시 북평동,경상사고,0,0,1,0,차대차 - 추돌 - 주정차중,안전운전불이행,건조,맑음,교차로 - 교차로부근,화물,남,59세,상해없음,승용,남,39세,경상
2015100500100621,2015년 10월 5일 20시,월요일,강원도 동해시 천곡동,중상사고,0,1,0,0,차대사람 - 차도통행중,안전운전불이행,건조,맑음,교차로 - 교차로부근,승용,남,25세,상해없음,보행자,여,45세,중상
2015100500100652,2015년 10월 5일 21시,월요일,강원도 춘천시 후평동,경상사고,0,0,1,0,차대차 - 측면직각충돌,교차로운행방법위반,건조,맑음,교차로 - 교차로안,승용,여,43세,상해없음,이륜,남,36세,경상
2015100500100653,2015년 10월 5일 21시,월요일,강원도 강릉시 교동,경상사고,0,0,3,0,차대차 - 기타,안전운전불이행,건조,맑음,단일로 - 기타,승용,여,48세,상해없음,승용,남,59세,경상
2015100500100725,2015년 10월 5일 23시,월요일,강원도 원주시 관설동,경상사고,0,0,2,0,차대차 - 기타,중앙선침범,건조,맑음,교차로 - 교차로부근,승용,남,48세,상해없음,이륜,남,17세,경상
2015100600100055,2015년 10월 6일 03시,화요일,강원도 춘천시 석사동,경상사고,0,0,2,0,차대차 - 측면직각충돌,차로위반,건조,맑음,단일로 - 기타,승용,남,57세,상해없음,승용,남,30세,경상
2015100600100084,2015년 10월 6일 06시,화요일,강원도 춘천시 남산면,중상사고,0,1,1,0,차대차 - 측면직각충돌,교차로운행방법위반,습기,안개,교차로 - 교차로안,화물,남,52세,상해없음,화물,남,76세,경상
2015100600100099,2015년 10월 6일 07시,화요일,강원도 춘천시 후평동,중상사고,0,1,0,0,차대차 - 측면직각충돌,안전운전불이행,건조,맑음,교차로 - 교차로부근,승용,남,43세,상해없음,자전거,남,17세,중상
2015100600100100,2015년 10월 6일 07시,화요일,강원도 원주시 단구동,경상사고,0,0,2,0,차대차 - 측면직각충돌,안전운전불이행,건조,맑음,단일로 - 기타,승용,여,42세,상해없음,승용,여,45세,경상
2015100600100101,2015년 10월 6일 07시,화요일,강원도 태백시 황지동,경상사고,0,0,1,0,차대차 - 측면직각충돌,신호위반,건조,맑음,교차로 - 교차로안,승용,남,47세,상해없음,승용,여,57세,경상
2015100600100135,2015년 10월 6일 08시,화요일,강원도 동해시 평릉동,경상사고,0,0,1,0,차대차 - 측면직각충돌,신호위반,건조,맑음,교차로 - 교차로안,승용,여,60세,상해없음,승용,여,45세,경상
2015100600100175,2015년 10월 6일 09시,화요일,강원도 춘천시 효자동,경상사고,0,0,1,0,차대차 - 측면직각충돌,안전운전불이행,건조,맑음,교차로 - 교차로안,승용,남,68세,경상,승용,남,51세,상해없음
2015100600100176,2015년 10월 6일 09시,화요일,강원도 삼척시 도계읍,중상사고,0,1,0,0,차대차 - 측면직각충돌,중앙선침범,건조,맑음,교차로 - 교차로부근,승용,남,43세,상해없음,승용,남,45세,중상
2015100600100217,2015년 10월 6일 10시,화요일,강원도 삼척시 정상동,경상사고,0,0,1,0,차대차 - 추돌 - 진행중,안전거리미확보,건조,맑음,교차로 - 교차로부근,승합,남,59세,상해없음,승용,남,54세,경상
2015100600100218,2015년 10월 6일 10시,화요일,강원도 정선군 북평면,중상사고,0,1,0,0,차대사람 - 기타,안전운전불이행,건조,맑음,단일로 - 기타,건설기계,남,50세,상해없음,보행자,남,60세,중상
2015100600100248,2015년 10월 6일 11시,화요일,강원도 원주시 단구동,경상사고,0,0,2,0,차대차 - 추돌 - 진행중,안전운전불이행,건조,맑음,단일로 - 기타,승용,여,56세,상해없음,승용,여,45세,경상
2015100600100275,2015년 10월 6일 12시,화요일,강원도 강릉시 노암동,경상사고,0,0,1,0,차대차 - 추돌 - 진행중,안전운전불이행,건조,맑음,교차로 - 교차로안,이륜,여,56세,상해없음,이륜,남,53세,경상
2015100600100276,2015년 10월 6일 12시,화요일,강원도 태백시 장성동,중상사고,0,1,0,0,차대사람 - 기타,안전운전불이행,건조,맑음,기타 - 기타,화물,남,41세,상해없음,보행자,여,26세,중상
2015100600100373,2015년 10월 6일 14시,화요일,강원도 춘천시 조양동,경상사고,0,0,1,0,차대차 - 측면직각충돌,안전운전불이행,건조,맑음,단일로 - 기타,승용,여,57세,상해없음,자전거,남,67세,경상
2015100600100374,2015년 10월 6일 14시,화요일,강원도 강릉시 포남동,경상사고,0,0,1,0,차대차 - 추돌 - 진행중,안전운전불이행,건조,맑음,단일로 - 기타,승용,여,45세,경상,승합,남,57세,상해없음
2015100600100375,2015년 10월 6일 14시,화요일,강원도 원주시 학성동,중상사고,0,1,0,0,차대사람 - 보도통행중,안전운전불이행,건조,맑음,단일로 - 기타,승용,남,42세,상해없음,보행자,남,40세,중상
2015100600100376,2015년 10월 6일 14시,화요일,강원도 속초시 조양동,중상사고,0,1,0,0,차대차 - 측면직각충돌,신호위반,건조,맑음,교차로 - 교차로안,승용,남,32세,상해없음,자전거,남,46세,중상
2015100600100420,2015년 10월 6일 15시,화요일,강원도 춘천시 사북면,중상사고,0,1,0,0,차량단독 - 도로외이탈 - 추락,안전운전불이행,건조,맑음,단일로 - 기타,화물,남,58세,중상,,,,
2015100600100421,2015년 10월 6일 15시,화요일,강원도 춘천시 석사동,경상사고,0,0,1,0,차대차 - 측면직각충돌,안전운전불이행,건조,맑음,단일로 - 기타,승용,남,47세,상해없음,자전거,남,26세,경상
2015100600100422,2015년 10월 6일 15시,화요일,강원도 춘천시 사농동,중상사고,0,1,0,0,차대사람 - 횡단중,안전운전불이행,건조,맑음,교차로 - 교차로안,승용,남,65세,상해없음,보행자,여,83세,중상
2015100600100423,2015년 10월 6일 15시,화요일,강원도 속초시 조양동,경상사고,0,0,4,0,차대차 - 측면직각충돌,직진우회전진행방해,건조,맑음,교차로 - 교차로안,승용,남,39세,상해없음,승용,남,29세,경상
2015100600100424,2015년 10월 6일 15시,화요일,강원도 삼척시 사직동,경상사고,0,0,1,0,차대차 - 기타,안전거리미확보,건조,맑음,교차로 - 교차로안,승용,남,24세,상해없음,승용,남,26세,경상
2015100600100460,2015년 10월 6일 16시,화요일,강원도 춘천시 후평동,경상사고,0,0,2,0,차대차 - 측면직각충돌,직진우회전진행방해,건조,맑음,교차로 - 교차로안,승용,남,27세,상해없음,이륜,남,17세,경상
2015100600100496,2015년 10월 6일 17시,화요일,강원도 원주시 소초면,경상사고,0,0,5,0,차대차 - 추돌 - 주정차중,안전거리미확보,건조,맑음,교차로 - 교차로부근,승합,남,32세,경상,화물,남,44세,경상
2015100600100537,2015년 10월 6일 18시,화요일,강원도 춘천시 석사동,경상사고,0,0,1,0,차대차 - 측면직각충돌,안전운전불이행,건조,맑음,교차로 - 교차로안,승용,남,58세,상해없음,승용,여,37세,경상
2015100600100581,2015년 10월 6일 19시,화요일,강원도 춘천시 동면,경상사고,0,0,1,0,차대차 - 정면충돌,중앙선침범,건조,맑음,단일로 - 기타,승용,여,44세,상해없음,승용,남,27세,경상
2015100600100582,2015년 10월 6일 19시,화요일,강원도 양구군 양구읍,중상사고,0,1,0,0,차대사람 - 길가장자리구역통행중,안전운전불이행,건조,맑음,단일로 - 기타,화물,남,49세,상해없음,보행자,남,67세,중상
2015100600100665,2015년 10월 6일 21시,화요일,강원도 원주시 단구동,중상사고,0,1,0,0,차대사람 - 횡단중,안전운전불이행,건조,맑음,교차로 - 교차로부근,승용,남,41세,상해없음,보행자,남,42세,중상
2015100700100046,2015년 10월 7일 04시,수요일,강원도 춘천시 퇴계동,경상사고,0,0,1,0,차대차 - 측면직각충돌,교차로운행방법위반,건조,맑음,교차로 - 교차로안,승용,여,42세,상해없음,승용,남,43세,경상
2015100700100093,2015년 10월 7일 07시,수요일,강원도 원주시 단구동,중상사고,0,1,0,0,차대차 - 기타,직진우회전진행방해,건조,맑음,교차로 - 교차로안,승용,남,53세,상해없음,원동기,남,26세,중상
2015100700100125,2015년 10월 7일 08시,수요일,강원도 춘천시 근화동,경상사고,0,0,1,0,차대차 - 측면직각충돌,안전운전불이행,건조,맑음,단일로 - 기타,승용,남,68세,상해없음,화물,남,51세,경상
2015100700100126,2015년 10월 7일 08시,수요일,강원도 원주시 소초면,경상사고,0,0,1,0,차대차 - 추돌 - 진행중,안전운전불이행,건조,맑음,교차로 - 교차로안,기타불명,기타불명,기타불명,기타불명,이륜,남,18세,경상
2015100700100170,2015년 10월 7일 09시,수요일,강원도 철원군 철원읍,경상사고,0,0,1,0,차대차 - 측면직각충돌,안전운전불이행,건조,맑음,단일로 - 기타,기타불명,기타불명,기타불명,기타불명,자전거,여,74세,경상
2015100700100245,2015년 10월 7일 11시,수요일,강원도 양양군 양양읍,경상사고,0,0,1,0,차대차 - 측면직각충돌,안전운전불이행,건조,맑음,단일로 - 기타,승용,여,47세,상해없음,승용,남,42세,경상
2015100700100278,2015년 10월 7일 12시,수요일,강원도 태백시 황지동,중상사고,0,1,0,0,차대차 - 기타,안전운전불이행,건조,맑음,교차로 - 교차로부근,승용,남,49세,상해없음,승합,남,41세,중상
2015100700100338,2015년 10월 7일 14시,수요일,강원도 속초시 영랑동,경상사고,0,0,1,0,차대차 - 측면직각충돌,중앙선침범,건조,맑음,단일로 - 기타,원동기,남,59세,상해없음,승용,남,58세,상해없음
2015100700100339,2015년 10월 7일 14시,수요일,강원도 홍천군 서석면,중상사고,0,2,0,0,차량단독 - 도로외이탈 - 추락,안전운전불이행,건조,맑음,단일로 - 기타,화물,남,62세,중상,,,,
2015100700100371,2015년 10월 7일 15시,수요일,강원도 강릉시 포남동,중상사고,0,1,0,0,차대차 - 측면직각충돌,안전운전불이행,건조,맑음,교차로 - 교차로부근,승용,남,62세,상해없음,자전거,남,74세,중상
2015100700100372,2015년 10월 7일 15시,수요일,강원도 원주시 행구동,경상사고,0,0,2,0,차대차 - 추돌 - 주정차중,기타,건조,맑음,단일로 - 기타,화물,여,57세,상해없음,승용,남,37세,경상
2015100700100443,2015년 10월 7일 17시,수요일,강원도 강릉시 금학동,경상사고,0,0,1,0,차대사람 - 보도통행중,안전운전불이행,건조,맑음,단일로 - 기타,승용,여,21세,상해없음,보행자,남,23세,경상
2015100700100444,2015년 10월 7일 17시,수요일,강원도 원주시 무실동,경상사고,0,0,2,0,차대차 - 측면직각충돌,안전운전불이행,건조,맑음,단일로 - 기타,승용,여,34세,상해없음,승용,여,40세,경상
2015100700100445,2015년 10월 7일 17시,수요일,강원도 원주시 학성동,경상사고,0,0,1,0,차대차 - 추돌 - 진행중,차로위반,건조,맑음,단일로 - 기타,화물,남,46세,상해없음,이륜,남,16세,상해없음
2015100700100485,2015년 10월 7일 18시,수요일,강원도 춘천시 퇴계동,중상사고,0,5,1,0,차대차 - 측면직각충돌,신호위반,습기,비,교차로 - 교차로안,승용,남,74세,상해없음,승용,여,54세,경상
2015100700100486,2015년 10월 7일 18시,수요일,강원도 속초시 동명동,중상사고,0,1,0,0,차량단독 - 기타,안전운전불이행,건조,맑음,단일로 - 기타,승합,남,39세,상해없음,,,,
2015100700100539,2015년 10월 7일 19시,수요일,강원도 강릉시 견소동,사망사고,1,0,0,0,차대사람 - 차도통행중,안전운전불이행,건조,맑음,단일로 - 기타,승용,남,24세,상해없음,보행자,여,77세,사망
2015100700100584,2015년 10월 7일 20시,수요일,강원도 춘천시 효자동,경상사고,0,0,5,0,차대차 - 측면직각충돌,신호위반,건조,맑음,교차로 - 교차로안,승용,여,46세,상해없음,승용,남,34세,경상
2015100700100585,2015년 10월 7일 20시,수요일,강원도 원주시 단구동,경상사고,0,0,1,0,차대차 - 측면직각충돌,차로위반,건조,맑음,단일로 - 기타,승용,남,41세,상해없음,이륜,남,20세,경상
2015100700100586,2015년 10월 7일 20시,수요일,강원도 철원군 동송읍,경상사고,0,0,1,0,차대차 - 측면직각충돌,안전운전불이행,건조,맑음,교차로 - 교차로안,화물,남,59세,상해없음,이륜,남,55세,경상
2015100800100015,2015년 10월 8일 00시,목요일,강원도 원주시 판부면,중상사고,0,1,0,0,차대사람 - 기타,안전운전불이행,건조,맑음,단일로 - 기타,승용,남,38세,상해없음,보행자,남,26세,중상
2015100800100041,2015년 10월 8일 01시,목요일,강원도 동해시 발한동,중상사고,0,2,0,0,차대차 - 추돌 - 진행중,안전거리미확보,건조,맑음,단일로 - 기타,승용,남,45세,중상,건설기계,남,46세,중상
2015100800100113,2015년 10월 8일 07시,목요일,강원도 춘천시 사북면,중상사고,0,1,0,0,차대차 - 측면직각충돌,안전거리미확보,건조,맑음,단일로 - 기타,화물,남,56세,상해없음,승용,여,54세,중상
2015100800100114,2015년 10월 8일 07시,목요일,강원도 원주시 문막읍,경상사고,0,0,2,0,차대차 - 기타,안전운전불이행,건조,맑음,교차로 - 교차로부근,승용,여,58세,상해없음,승합,남,59세,상해없음
2015100800100160,2015년 10월 8일 08시,목요일,강원도 춘천시 소양로1가,중상사고,0,1,0,0,차대차 - 기타,신호위반,건조,맑음,교차로 - 교차로부근,건설기계,남,44세,상해없음,자전거,남,15세,중상
2015100800100198,2015년 10월 8일 09시,목요일,강원도 원주시 단계동,사망사고,1,0,0,0,차대사람 - 횡단중,신호위반,건조,맑음,교차로 - 교차로안,화물,남,50세,상해없음,보행자,남,60세,사망
2015100800100231,2015년 10월 8일 10시,목요일,강원도 강릉시 강동면,경상사고,0,0,1,0,차대사람 - 차도통행중,중앙선침범,건조,맑음,단일로 - 기타,화물,여,46세,상해없음,보행자,남,24세,경상
2015100800100232,2015년 10월 8일 10시,목요일,강원도 원주시 문막읍,중상사고,0,1,0,0,차대차 - 측면직각충돌,안전운전불이행,건조,맑음,교차로 - 교차로안,승용,여,36세,상해없음,화물,남,56세,중상
2015100800100233,2015년 10월 8일 10시,목요일,강원도 원주시 가현동,중상사고,0,2,0,0,차대차 - 측면직각충돌,안전운전불이행,건조,맑음,기타 - 기타,건설기계,남,47세,상해없음,화물,남,64세,중상
2015100800100274,2015년 10월 8일 11시,목요일,강원도 춘천시 서면,중상사고,0,1,0,0,차대차 - 정면충돌,안전운전불이행,건조,맑음,단일로 - 기타,자전거,남,22세,상해없음,자전거,남,63세,중상
2015100800100310,2015년 10월 8일 12시,목요일,강원도 춘천시 교동,중상사고,0,1,1,0,차대차 - 측면직각충돌,안전운전불이행,건조,맑음,교차로 - 교차로부근,이륜,남,18세,상해없음,승용,여,36세,경상
2015100800100342,2015년 10월 8일 13시,목요일,강원도 원주시 태장동,경상사고,0,0,3,0,차대차 - 측면직각충돌,교차로운행방법위반,건조,맑음,교차로 - 교차로안,승용,남,41세,경상,승용,남,37세,경상
2015100800100343,2015년 10월 8일 13시,목요일,강원도 삼척시 미로면,경상사고,0,0,2,0,차량단독 - 공작물충돌,안전운전불이행,건조,맑음,단일로 - 기타,승용,남,66세,경상,,,,
2015100800100381,2015년 10월 8일 14시,목요일,강원도 춘천시 낙원동,경상사고,0,0,1,0,차대차 - 측면직각충돌,안전운전불이행,건조,맑음,교차로 - 교차로안,승용,여,54세,상해없음,자전거,남,53세,경상
2015100800100408,2015년 10월 8일 15시,목요일,강원도 강릉시 초당동,경상사고,0,0,2,0,차대차 - 기타,교차로운행방법위반,건조,맑음,교차로 - 교차로안,승용,남,47세,상해없음,승용,남,33세,경상
2015100800100450,2015년 10월 8일 16시,목요일,강원도 원주시 일산동,중상사고,0,1,0,0,차대차 - 기타,안전운전불이행,건조,맑음,교차로 - 교차로안,승용,여,56세,상해없음,이륜,남,17세,중상
2015100800100451,2015년 10월 8일 16시,목요일,강원도 원주시 명륜동,경상사고,0,0,1,0,차대사람 - 기타,안전운전불이행,건조,맑음,교차로 - 교차로안,승합,남,43세,상해없음,보행자,남,63세,경상
2015100800100490,2015년 10월 8일 17시,목요일,강원도 춘천시 후평동,경상사고,0,0,1,0,차대차 - 측면직각충돌,안전운전불이행,건조,맑음,교차로 - 교차로부근,승용,여,37세,상해없음,자전거,남,16세,경상
2015100800100491,2015년 10월 8일 17시,목요일,강원도 양구군 양구읍,중상사고,0,1,0,0,차대사람 - 횡단중,안전운전불이행,건조,맑음,교차로 - 교차로안,화물,남,59세,상해없음,보행자,여,74세,중상
2015100800100544,2015년 10월 8일 18시,목요일,강원도 원주시 무실동,경상사고,0,0,3,0,차대차 - 측면직각충돌,신호위반,건조,맑음,교차로 - 교차로안,승용,여,70세,상해없음,승용,남,58세,경상
2015100800100545,2015년 10월 8일 18시,목요일,강원도 원주시 흥업면,경상사고,0,0,1,0,차대차 - 추돌 - 진행중,안전거리미확보,건조,맑음,단일로 - 기타,승합,남,30세,상해없음,승용,남,57세,경상
2015100800100546,2015년 10월 8일 18시,목요일,강원도 원주시 소초면,경상사고,0,0,2,0,차대차 - 측면직각충돌,신호위반,건조,맑음,교차로 - 교차로안,화물,남,63세,경상,화물,남,67세,경상
2015100800100547,2015년 10월 8일 18시,목요일,강원도 삼척시 원덕읍,경상사고,0,0,2,0,차대차 - 추돌 - 주정차중,안전거리미확보,건조,맑음,단일로 - 기타,화물,남,48세,상해없음,승용,남,38세,경상
2015100800100548,2015년 10월 8일 18시,목요일,강원도 홍천군 북방면,경상사고,0,0,2,0,차대차 - 측면직각충돌,안전운전불이행,건조,맑음,교차로 - 교차로안,승용,남,47세,상해없음,승합,남,21세,상해없음
2015100800100549,2015년 10월 8일 18시,목요일,강원도 횡성군 횡성읍,중상사고,0,1,0,0,차대차 - 정면충돌,중앙선침범,건조,맑음,단일로 - 기타,승용,남,59세,상해없음,원동기,남,74세,중상
2015100800100657,2015년 10월 8일 20시,목요일,강원도 춘천시 석사동,경상사고,0,0,2,0,차대차 - 추돌 - 주정차중,안전운전불이행,건조,맑음,단일로 - 기타,승용,여,54세,상해없음,승용,남,60세,경상
2015100800100658,2015년 10월 8일 20시,목요일,강원도 강릉시 교동,경상사고,0,0,1,0,차대차 - 추돌 - 진행중,안전운전불이행,건조,맑음,교차로 - 교차로안,승용,남,40세,상해없음,승용,남,30세,경상
2015100800100659,2015년 10월 8일 20시,목요일,강원도 속초시 노학동,중상사고,0,1,0,0,차대차 - 측면직각충돌,안전운전불이행,건조,맑음,교차로 - 교차로안,승용,여,36세,상해없음,승용,남,29세,중상
2015100800100767,2015년 10월 8일 23시,목요일,강원도 춘천시 근화동,경상사고,0,0,1,0,차대차 - 측면직각충돌,안전운전불이행,건조,맑음,교차로 - 교차로안,승용,남,52세,상해없음,자전거,여,24세,경상
2015100800100768,2015년 10월 8일 23시,목요일,강원도 동해시 천곡동,사망사고,1,0,0,0,차대차 - 추돌 - 주정차중,안전운전불이행,건조,맑음,단일로 - 기타,이륜,남,33세,사망,건설기계,남,47세,상해없음
2015100900100067,2015년 10월 9일 02시,금요일,강원도 원주시 태장동,경상사고,0,0,1,0,차대차 - 추돌 - 주정차중,안전운전불이행,건조,맑음,단일로 - 기타,화물,남,44세,상해없음,승용,남,38세,경상
2015100900100084,2015년 10월 9일 03시,금요일,강원도 원주시 신림면,중상사고,0,2,0,0,차량단독 - 공작물충돌,안전운전불이행,건조,맑음,단일로 - 기타,승용,여,34세,중상,,,,
2015100900100102,2015년 10월 9일 04시,금요일,강원도 춘천시 퇴계동,중상사고,0,1,0,0,차대사람 - 횡단중,안전운전불이행,습기,흐림,교차로 - 교차로안,승용,남,41세,상해없음,보행자,여,69세,중상
2015100900100103,2015년 10월 9일 04시,금요일,강원도 원주시 단계동,경상사고,0,0,1,0,차대차 - 기타,신호위반,건조,맑음,교차로 - 교차로안,승용,남,23세,상해없음,승용,남,30세,경상
2015100900100104,2015년 10월 9일 04시,금요일,강원도 정선군 임계면,중상사고,0,1,0,0,차량단독 - 전도전복,안전운전불이행,건조,맑음,단일로 - 기타,화물,남,55세,상해없음,,,,
2015100900100174,2015년 10월 9일 08시,금요일,강원도 춘천시 근화동,경상사고,0,0,1,0,차대사람 - 기타,안전운전불이행,건조,맑음,단일로 - 기타,승용,여,46세,기타불명,보행자,남,59세,경상
2015100900100175,2015년 10월 9일 08시,금요일,강원도 홍천군 두촌면,중상사고,0,2,0,0,차대차 - 추돌 - 진행중,안전거리미확보,건조,맑음,교차로 - 교차로안,승용,남,37세,상해없음,이륜,남,41세,중상
2015100900100198,2015년 10월 9일 09시,금요일,강원도 원주시 소초면,경상사고,0,0,3,0,차대차 - 추돌 - 진행중,안전거리미확보,건조,맑음,교차로 - 교차로부근,승용,남,57세,기타불명,승용,여,38세,경상
2015100900100242,2015년 10월 9일 10시,금요일,강원도 홍천군 홍천읍,중상사고,0,1,0,0,차대사람 - 기타,보행자보호의무위반,건조,맑음,교차로 - 교차로안,승용,여,50세,상해없음,보행자,남,31세,중상
2015100900100243,2015년 10월 9일 10시,금요일,강원도 정선군 사북읍,경상사고,0,0,1,0,차대차 - 기타,직진우회전진행방해,건조,흐림,교차로 - 교차로부근,승용,남,31세,기타불명,승합,남,54세,상해없음
2015100900100244,2015년 10월 9일 10시,금요일,강원도 동해시 동회동,중상사고,0,1,0,0,차대차 - 측면직각충돌,안전운전불이행,건조,맑음,단일로 - 기타,자전거,남,61세,중상,승용,남,49세,상해없음
2015100900100275,2015년 10월 9일 11시,금요일,강원도 원주시 소초면,중상사고,0,1,0,0,차대사람 - 기타,안전운전불이행,건조,맑음,기타 - 기타,승합,남,38세,상해없음,보행자,여,90세 이상,중상
2015100900100276,2015년 10월 9일 11시,금요일,강원도 정선군 남면,중상사고,0,1,3,0,차대차 - 측면직각충돌,안전거리미확보,건조,맑음,단일로 - 기타,승용,남,22세,상해없음,승용,남,54세,경상
2015100900100305,2015년 10월 9일 12시,금요일,강원도 춘천시 효자동,경상사고,0,0,1,0,차대차 - 측면직각충돌,안전운전불이행,건조,맑음,교차로 - 교차로안,이륜,남,22세,상해없음,승용,여,52세,경상
2015100900100374,2015년 10월 9일 14시,금요일,강원도 평창군 봉평면,경상사고,0,0,1,0,차대차 - 추돌 - 진행중,안전운전불이행,건조,맑음,단일로 - 터널,승용,여,37세,상해없음,승용,남,33세,경상
2015100900100411,2015년 10월 9일 15시,금요일,강원도 원주시 단계동,경상사고,0,0,1,0,차대차 - 측면직각충돌,교차로운행방법위반,건조,맑음,교차로 - 교차로안,이륜,남,60세,경상,승용,남,63세,상해없음
2015100900100412,2015년 10월 9일 15시,금요일,강원도 정선군 고한읍,중상사고,0,1,1,0,차대차 - 측면직각충돌,중앙선침범,건조,맑음,단일로 - 기타,승합,남,46세,상해없음,승용,남,50세,경상
2015100900100452,2015년 10월 9일 16시,금요일,강원도 고성군 토성면,중상사고,0,1,0,0,차량단독 - 도로외이탈 - 추락,기타,건조,맑음,단일로 - 기타,화물,여,57세,상해없음,,,,
2015100900100495,2015년 10월 9일 17시,금요일,강원도 춘천시 후평동,중상사고,0,1,0,0,차대차 - 측면직각충돌,신호위반,건조,맑음,교차로 - 교차로안,승용,여,51세,상해없음,이륜,남,48세,중상
2015100900100496,2015년 10월 9일 17시,금요일,강원도 원주시 단계동,중상사고,0,2,4,0,차대차 - 기타,안전거리미확보,건조,맑음,교차로 - 교차로안,승용,여,65세,상해없음,승용,여,44세,경상
2015100900100497,2015년 10월 9일 17시,금요일,강원도 양구군 해안면,부상신고사고,0,0,0,1,차대차 - 측면직각충돌,안전운전불이행,건조,맑음,교차로 - 교차로안,원동기,남,53세,부상신고,화물,남,57세,상해없음
2015100900100538,2015년 10월 9일 18시,금요일,강원도 원주시 단계동,경상사고,0,0,1,0,차대차 - 측면직각충돌,안전운전불이행,건조,맑음,교차로 - 교차로부근,승합,남,45세,상해없음,승용,남,59세,경상
2015100900100581,2015년 10월 9일 19시,금요일,강원도 원주시 무실동,경상사고,0,0,1,0,차대사람 - 보도통행중,안전운전불이행,건조,맑음,단일로 - 기타,이륜,남,18세,상해없음,보행자,여,45세,경상
2015100900100628,2015년 10월 9일 20시,금요일,강원도 양양군 강현면,중상사고,0,1,0,0,차대사람 - 기타,안전운전불이행,건조,맑음,교차로 - 교차로안,승용,남,53세,상해없음,보행자,여,49세,중상
2015100900100629,2015년 10월 9일 20시,금요일,강원도 평창군 대관령면,경상사고,0,0,1,1,차대차 - 측면직각충돌,기타,건조,맑음,교차로 - 교차로안,승용,남,45세,상해없음,승용,남,26세,부상신고
2015100900100630,2015년 10월 9일 20시,금요일,강원도 횡성군 횡성읍,경상사고,0,0,3,0,차대차 - 측면직각충돌,안전운전불이행,건조,맑음,교차로 - 교차로안,승용,남,47세,상해없음,승용,남,24세,경상
2015100900100685,2015년 10월 9일 22시,금요일,강원도 원주시 무실동,부상신고사고,0,0,0,1,차대사람 - 보도통행중,안전운전불이행,건조,맑음,단일로 - 기타,기타불명,기타불명,기타불명,기타불명,보행자,남,26세,부상신고
2015100900100686,2015년 10월 9일 22시,금요일,강원도 동해시 이도동,경상사고,0,0,1,0,차대사람 - 길가장자리구역통행중,안전운전불이행,건조,맑음,단일로 - 기타,승용,남,57세,상해없음,보행자,남,35세,경상
2015100900100687,2015년 10월 9일 22시,금요일,강원도 원주시 부론면,경상사고,0,0,3,0,차대차 - 측면직각충돌,안전거리미확보,건조,맑음,단일로 - 기타,승용,여,30세,경상,승용,남,62세,경상
2015101000100013,2015년 10월 10일 00시,토요일,강원도 원주시 태장동,중상사고,0,2,0,0,차대차 - 추돌 - 주정차중,안전운전불이행,건조,맑음,교차로 - 교차로부근,승용,남,25세,상해없음,승용,남,61세,중상
2015101000100060,2015년 10월 10일 03시,토요일,강원도 고성군 죽왕면,경상사고,0,0,1,0,차량단독 - 공작물충돌,안전운전불이행,건조,맑음,단일로 - 기타,승용,남,35세,상해없음,,,,
2015101000100159,2015년 10월 10일 08시,토요일,강원도 원주시 소초면,중상사고,0,2,2,0,차대차 - 정면충돌,교차로운행방법위반,건조,맑음,교차로 - 교차로안,승용,남,78세,중상,승용,남,25세,경상
2015101000100160,2015년 10월 10일 08시,토요일,강원도 원주시 태장동,경상사고,0,0,1,0,차대차 - 기타,안전운전불이행,건조,흐림,교차로 - 교차로부근,승용,남,66세,상해없음,자전거,여,65세,경상
2015101000100182,2015년 10월 10일 09시,토요일,강원도 강릉시 박월동,경상사고,0,0,1,0,차대차 - 추돌 - 진행중,안전운전불이행,건조,맑음,교차로 - 교차로안,화물,남,39세,상해없음,승용,여,58세,경상
2015101000100218,2015년 10월 10일 10시,토요일,강원도 춘천시 퇴계동,경상사고,0,0,1,0,차대차 - 측면직각충돌,중앙선침범,건조,맑음,교차로 - 교차로안,승용,남,43세,상해없음,승용,남,64세,경상