사고번호,사고일시,요일,시군구,사고내용,사망자수,중상자수,경상자수,부상신고자수,사고유형,법규위반,노면상태,기상상태,도로형태,가해운전자 차종,가해운전자 성별,가해운전자 연령,가해운전자 상해정도,피해운전자 차종,피해운전자 성별,피해운전자 연령,피해운전자 상해정도
2015102300100475,2015년 10월 23일 17시,금요일,강원도 속초시 조양동,경상사고,0,0,2,0,차대차 - 측면직각충돌,직진우회전진행방해,건조,맑음,교차로 - 교차로안,승용,남,48세,상해없음,승용,남,41세,경상
2015102300100530,2015년 10월 23일 18시,금요일,강원도 춘천시 후평동,경상사고,0,0,1,0,차대사람 - 횡단중,안전운전불이행,건조,맑음,교차로 - 교차로부근,승용,남,80세,상해없음,보행자,여,44세,경상
2015102300100531,2015년 10월 23일 18시,금요일,강원도 춘천시 온의동,중상사고,0,1,0,0,차대차 - 측면직각충돌,안전운전불이행,건조,맑음,단일로 - 기타,승용,남,32세,상해없음,이륜,남,18세,중상
2015102300100532,2015년 10월 23일 18시,금요일,강원도 원주시 소초면,경상사고,0,0,3,0,차대차 - 측면직각충돌,교차로운행방법위반,건조,흐림,교차로 - 교차로안,승용,남,38세,상해없음,승용,남,54세,경상
2015102300100533,2015년 10월 23일 18시,금요일,강원도 횡성군 횡성읍,경상사고,0,0,1,0,차대차 - 추돌 - 진행중,안전운전불이행,건조,맑음,교차로 - 교차로부근,승용,남,40세,상해없음,승용,남,54세,경상
2015102300100534,2015년 10월 23일 18시,금요일,강원도 고성군 현내면,경상사고,0,0,1,0,차대차 - 측면직각충돌,중앙선침범,건조,맑음,단일로 - 기타,화물,여,52세,상해없음,화물,남,49세,경상
2015102300100611,2015년 10월 23일 19시,금요일,강원도 춘천시 석사동,경상사고,0,0,1,0,차대차 - 측면직각충돌,안전운전불이행,건조,맑음,교차로 - 교차로안,승용,남,33세,상해없음,화물,남,36세,경상
2015102300100612,2015년 10월 23일 19시,금요일,강원도 춘천시 석사동,경상사고,0,0,1,0,차대차 - 측면직각충돌,안전운전불이행,건조,맑음,단일로 - 기타,승용,남,76세,상해없음,승용,남,41세,상해없음
2015102300100613,2015년 10월 23일 19시,금요일,강원도 강릉시 왕산면,경상사고,0,0,1,0,차대차 - 추돌 - 진행중,중앙선침범,건조,맑음,단일로 - 기타,승용,남,74세,상해없음,화물,남,41세,경상
2015102300100614,2015년 10월 23일 19시,금요일,강원도 양양군 강현면,경상사고,0,0,1,0,차대차 - 추돌 - 진행중,안전운전불이행,건조,맑음,교차로 - 교차로부근,승용,남,53세,상해없음,승용,남,39세,경상
2015102300100660,2015년 10월 23일 20시,금요일,강원도 춘천시 후평동,경상사고,0,0,1,0,차대차 - 측면직각충돌,안전운전불이행,건조,맑음,단일로 - 기타,승용,남,45세,상해없음,승용,남,45세,상해없음
2015102300100661,2015년 10월 23일 20시,금요일,강원도 춘천시 석사동,중상사고,0,1,0,0,차대차 - 측면직각충돌,안전운전불이행,건조,맑음,교차로 - 교차로안,화물,남,53세,상해없음,이륜,남,48세,중상
2015102300100696,2015년 10월 23일 21시,금요일,강원도 춘천시 퇴계동,경상사고,0,0,1,0,차대사람 - 횡단중,안전운전불이행,건조,맑음,단일로 - 기타,승용,여,35세,상해없음,보행자,여,47세,경상
2015102300100697,2015년 10월 23일 21시,금요일,강원도 강릉시 성산면,사망사고,1,1,0,0,차대차 - 추돌 - 주정차중,안전운전불이행,건조,흐림,단일로 - 기타,승용,남,25세,사망,건설기계,남,51세,기타불명
2015102300100765,2015년 10월 23일 23시,금요일,강원도 원주시 단구동,경상사고,0,0,1,0,차대사람 - 보도통행중,안전운전불이행,건조,흐림,단일로 - 기타,승용,여,39세,상해없음,보행자,남,41세,경상
2015102300100766,2015년 10월 23일 23시,금요일,강원도 속초시 조양동,경상사고,0,0,1,0,차대차 - 추돌 - 주정차중,안전운전불이행,건조,맑음,교차로 - 교차로부근,승용,남,36세,상해없음,화물,남,60세,경상
2015102300100767,2015년 10월 23일 23시,금요일,강원도 홍천군 홍천읍,경상사고,0,0,1,0,차대사람 - 차도통행중,안전운전불이행,건조,맑음,단일로 - 기타,승용,남,36세,상해없음,보행자,남,38세,경상
2015102400100122,2015년 10월 24일 06시,토요일,강원도 춘천시 조양동,사망사고,1,0,0,0,차대사람 - 횡단중,안전운전불이행,습기,비,교차로 - 교차로부근,승합,남,60세,상해없음,보행자,여,90세 이상,사망
2015102400100123,2015년 10월 24일 06시,토요일,강원도 태백시 장성동,사망사고,1,0,0,0,차대차 - 측면직각충돌,신호위반,건조,맑음,교차로 - 교차로안,건설기계,남,59세,상해없음,원동기,남,74세,사망
2015102400100144,2015년 10월 24일 07시,토요일,강원도 원주시 문막읍,경상사고,0,0,1,0,차대차 - 추돌 - 진행중,안전운전불이행,습기,비,단일로 - 기타,승용,남,33세,상해없음,화물,남,36세,경상
2015102400100164,2015년 10월 24일 08시,토요일,강원도 원주시 우산동,경상사고,0,0,2,0,차대차 - 측면직각충돌,교차로운행방법위반,습기,비,교차로 - 교차로부근,승용,여,45세,경상,승용,남,50세,경상
2015102400100165,2015년 10월 24일 08시,토요일,강원도 동해시 평릉동,중상사고,0,1,0,0,차대차 - 측면직각충돌,안전운전불이행,건조,흐림,교차로 - 교차로안,승용,여,50세,상해없음,승용,남,46세,중상
2015102400100194,2015년 10월 24일 09시,토요일,강원도 양양군 강현면,경상사고,0,0,1,0,차대차 - 측면직각충돌,교차로운행방법위반,건조,맑음,교차로 - 교차로안,승용,남,47세,상해없음,승용,남,33세,경상
2015102400100195,2015년 10월 24일 09시,토요일,강원도 태백시 황지동,경상사고,0,0,1,0,차대차 - 측면직각충돌,교차로운행방법위반,건조,맑음,교차로 - 교차로안,승용,남,54세,상해없음,승용,남,62세,경상
2015102400100196,2015년 10월 24일 09시,토요일,강원도 원주시 무실동,경상사고,0,0,3,0,차대차 - 추돌 - 진행중,안전거리미확보,습기,비,단일로 - 기타,승용,여,49세,경상,화물,남,43세,경상
2015102400100225,2015년 10월 24일 10시,토요일,강원도 삼척시 하장면,경상사고,0,0,1,0,차대차 - 측면직각충돌,중앙선침범,습기,비,단일로 - 기타,화물,남,50세,상해없음,화물,여,57세,경상
2015102400100226,2015년 10월 24일 10시,토요일,강원도 영월군 영월읍,경상사고,0,0,1,0,차대차 - 정면충돌,교차로운행방법위반,건조,흐림,교차로 - 교차로안,승용,남,54세,상해없음,승용,여,49세,경상
2015102400100264,2015년 10월 24일 11시,토요일,강원도 원주시 흥업면,중상사고,0,1,0,0,차대차 - 측면직각충돌,차로위반,건조,맑음,단일로 - 기타,화물,남,52세,상해없음,승용,여,41세,중상
2015102400100331,2015년 10월 24일 13시,토요일,강원도 춘천시 동산면,경상사고,0,0,3,0,차대차 - 추돌 - 주정차중,안전거리미확보,건조,맑음,교차로 - 교차로부근,승용,여,54세,상해없음,화물,남,49세,경상
2015102400100380,2015년 10월 24일 14시,토요일,강원도 속초시 대포동,경상사고,0,0,2,0,차대차 - 추돌 - 진행중,안전운전불이행,건조,맑음,단일로 - 기타,승용,남,67세,상해없음,승용,여,31세,경상
2015102400100420,2015년 10월 24일 15시,토요일,강원도 속초시 대포동,중상사고,0,1,1,0,차대차 - 추돌 - 주정차중,안전운전불이행,건조,맑음,단일로 - 기타,화물,남,35세,상해없음,화물,남,35세,경상
2015102400100466,2015년 10월 24일 16시,토요일,강원도 춘천시 석사동,경상사고,0,0,1,0,차대차 - 측면직각충돌,교차로운행방법위반,건조,맑음,교차로 - 교차로부근,승합,남,57세,상해없음,승용,여,51세,경상
2015102400100467,2015년 10월 24일 16시,토요일,강원도 춘천시 효자동,경상사고,0,0,4,0,차대차 - 추돌 - 진행중,안전운전불이행,건조,맑음,교차로 - 교차로부근,화물,남,60세,상해없음,승용,남,52세,경상
2015102400100468,2015년 10월 24일 16시,토요일,강원도 춘천시 동내면,경상사고,0,0,2,0,차대차 - 추돌 - 주정차중,안전거리미확보,건조,맑음,단일로 - 기타,승용,남,24세,상해없음,승용,남,56세,경상
2015102400100469,2015년 10월 24일 16시,토요일,강원도 원주시 무실동,경상사고,0,0,3,0,차대차 - 추돌 - 진행중,안전거리미확보,건조,맑음,교차로 - 교차로부근,화물,남,53세,상해없음,승용,여,50세,경상
2015102400100470,2015년 10월 24일 16시,토요일,강원도 속초시 조양동,경상사고,0,0,2,0,차대차 - 측면직각충돌,안전운전불이행,건조,맑음,단일로 - 기타,원동기,남,33세,상해없음,승용,여,44세,경상
2015102400100471,2015년 10월 24일 16시,토요일,강원도 홍천군 홍천읍,중상사고,0,1,0,0,차대사람 - 횡단중,안전운전불이행,건조,맑음,교차로 - 교차로부근,승용,남,69세,상해없음,보행자,여,79세,중상
2015102400100472,2015년 10월 24일 16시,토요일,강원도 철원군 동송읍,중상사고,0,1,2,0,차대차 - 측면직각충돌,안전운전불이행,건조,맑음,단일로 - 교량,승용,남,33세,경상,화물,남,55세,상해없음
2015102400100527,2015년 10월 24일 17시,토요일,강원도 원주시 단구동,중상사고,0,1,0,0,차대차 - 측면직각충돌,안전운전불이행,건조,맑음,단일로 - 기타,승용,여,54세,상해없음,이륜,남,22세,중상
2015102400100528,2015년 10월 24일 17시,토요일,강원도 홍천군 서석면,중상사고,0,1,1,0,차대차 - 정면충돌,안전운전불이행,건조,맑음,교차로 - 교차로부근,승용,남,62세,상해없음,승용,남,47세,중상
2015102400100529,2015년 10월 24일 17시,토요일,강원도 철원군 갈말읍,중상사고,0,1,0,0,차대사람 - 길가장자리구역통행중,안전운전불이행,건조,맑음,단일로 - 기타,승용,남,48세,상해없음,보행자,남,76세,중상
2015102400100576,2015년 10월 24일 18시,토요일,강원도 춘천시 삼천동,경상사고,0,0,1,0,차대차 - 기타,안전운전불이행,건조,맑음,단일로 - 기타,승용,남,37세,상해없음,승용,남,31세,경상
2015102400100577,2015년 10월 24일 18시,토요일,강원도 춘천시 남산면,중상사고,0,1,0,0,차대차 - 측면직각충돌,안전운전불이행,건조,맑음,단일로 - 기타,승용,남,23세,상해없음,자전거,남,74세,중상
2015102400100578,2015년 10월 24일 18시,토요일,강원도 동해시 송정동,중상사고,0,1,0,0,차대사람 - 차도통행중,안전운전불이행,건조,맑음,교차로 - 교차로안,승용,남,53세,상해없음,보행자,여,60세,중상
2015102400100636,2015년 10월 24일 19시,토요일,강원도 춘천시 삼천동,중상사고,0,1,0,0,차대차 - 측면직각충돌,중앙선침범,건조,맑음,단일로 - 기타,승용,남,50세,상해없음,이륜,남,43세,중상
2015102400100637,2015년 10월 24일 19시,토요일,강원도 춘천시 퇴계동,경상사고,0,0,1,0,차대차 - 측면직각충돌,안전운전불이행,건조,맑음,단일로 - 기타,승용,여,32세,상해없음,승용,남,46세,경상
2015102400100675,2015년 10월 24일 20시,토요일,강원도 양양군 강현면,경상사고,0,0,1,0,차대차 - 측면직각충돌,안전운전불이행,건조,맑음,단일로 - 기타,승용,남,23세,상해없음,승용,여,43세,상해없음
2015102400100721,2015년 10월 24일 21시,토요일,강원도 강릉시 주문진읍,경상사고,0,0,2,0,차대차 - 기타,안전운전불이행,건조,맑음,단일로 - 기타,승용,남,48세,상해없음,승용,남,45세,경상
2015102400100749,2015년 10월 24일 22시,토요일,강원도 원주시 봉산동,중상사고,0,1,0,0,차대차 - 측면직각충돌,안전운전불이행,건조,맑음,교차로 - 교차로안,이륜,남,45세,상해없음,이륜,남,26세,중상
2015102500100036,2015년 10월 25일 01시,일요일,강원도 강릉시 교동,경상사고,0,0,1,0,차대차 - 기타,신호위반,건조,맑음,교차로 - 교차로안,승용,남,20세,상해없음,승용,여,53세,경상
2015102500100037,2015년 10월 25일 01시,일요일,강원도 강릉시 교동,경상사고,0,0,1,0,차대차 - 기타,중앙선침범,건조,맑음,단일로 - 기타,승용,남,51세,상해없음,승용,남,48세,경상
2015102500100116,2015년 10월 25일 07시,일요일,강원도 원주시 소초면,사망사고,1,2,1,0,차대사람 - 보도통행중,안전거리미확보,건조,맑음,단일로 - 기타,화물,남,61세,중상,보행자,남,58세,사망
2015102500100117,2015년 10월 25일 07시,일요일,강원도 원주시 단구동,중상사고,0,1,0,0,차대사람 - 보도통행중,안전운전불이행,건조,맑음,단일로 - 기타,자전거,남,44세,상해없음,보행자,여,81세,중상
2015102500100118,2015년 10월 25일 07시,일요일,강원도 영월군 한반도면,부상신고사고,0,0,0,2,차대차 - 측면직각충돌,안전운전불이행,건조,맑음,단일로 - 기타,승합,남,74세,부상신고,건설기계,남,47세,기타불명
2015102500100139,2015년 10월 25일 08시,일요일,강원도 춘천시 근화동,경상사고,0,0,1,0,차대차 - 측면직각충돌,직진우회전진행방해,건조,맑음,교차로 - 교차로안,승용,남,20세,상해없음,승합,남,41세,경상
2015102500100189,2015년 10월 25일 10시,일요일,강원도 춘천시 동면,중상사고,0,1,0,0,차대차 - 측면직각충돌,안전운전불이행,건조,맑음,교차로 - 교차로안,승합,남,54세,상해없음,승용,여,35세,중상
2015102500100190,2015년 10월 25일 10시,일요일,강원도 정선군 사북읍,부상신고사고,0,0,0,1,차대차 - 기타,안전운전불이행,건조,맑음,단일로 - 기타,승용,남,59세,상해없음,승용,남,50세,부상신고
2015102500100212,2015년 10월 25일 11시,일요일,강원도 속초시 교동,경상사고,0,0,1,0,차대차 - 측면직각충돌,안전운전불이행,건조,맑음,단일로 - 기타,화물,남,71세,상해없음,자전거,남,64세,경상
2015102500100213,2015년 10월 25일 11시,일요일,강원도 철원군 철원읍,경상사고,0,0,1,0,차대차 - 측면직각충돌,안전운전불이행,건조,맑음,단일로 - 기타,원동기,여,72세,경상,승합,남,60세,상해없음
2015102500100238,2015년 10월 25일 12시,일요일,강원도 강릉시 내곡동,중상사고,0,1,0,0,차대차 - 기타,안전운전불이행,건조,맑음,단일로 - 기타,승용,남,40세,상해없음,원동기,남,31세,중상
2015102500100239,2015년 10월 25일 12시,일요일,강원도 정선군 고한읍,경상사고,0,0,1,0,차대사람 - 횡단중,안전운전불이행,건조,맑음,단일로 - 기타,승용,남,30세,상해없음,보행자,여,5세,경상
2015102500100261,2015년 10월 25일 13시,일요일,강원도 양양군 현북면,경상사고,0,0,3,0,차대차 - 측면직각충돌,안전운전불이행,건조,맑음,단일로 - 기타,승용,남,64세,상해없음,승용,남,57세,경상
2015102500100262,2015년 10월 25일 13시,일요일,강원도 인제군 북면,경상사고,0,0,1,0,차대차 - 측면직각충돌,차로위반,건조,맑음,단일로 - 기타,화물,남,34세,상해없음,승용,여,53세,경상
2015102500100292,2015년 10월 25일 14시,일요일,강원도 춘천시 효자동,중상사고,0,1,0,0,차대차 - 측면직각충돌,안전운전불이행,건조,맑음,단일로 - 기타,화물,남,49세,상해없음,이륜,남,53세,중상
2015102500100324,2015년 10월 25일 15시,일요일,강원도 춘천시 약사동,중상사고,0,1,1,0,차대차 - 측면직각충돌,직진우회전진행방해,건조,맑음,교차로 - 교차로안,승용,여,64세,상해없음,승용,남,66세,중상
2015102500100372,2015년 10월 25일 16시,일요일,강원도 춘천시 남산면,경상사고,0,0,6,0,차대차 - 측면직각충돌,직진우회전진행방해,건조,맑음,교차로 - 교차로안,승용,남,67세,상해없음,승용,남,42세,경상
2015102500100373,2015년 10월 25일 16시,일요일,강원도 강릉시 홍제동,중상사고,0,1,0,0,차대차 - 기타,안전운전불이행,건조,맑음,단일로 - 횡단보도상,승용,여,47세,상해없음,자전거,남,79세,중상
2015102500100421,2015년 10월 25일 17시,일요일,강원도 횡성군 횡성읍,중상사고,0,1,0,0,차대차 - 추돌 - 주정차중,안전운전불이행,건조,맑음,교차로 - 교차로부근,승용,남,55세,상해없음,승용,여,35세,중상
2015102500100422,2015년 10월 25일 17시,일요일,강원도 동해시 부곡동,경상사고,0,0,2,0,차대사람 - 횡단중,보행자보호의무위반,건조,맑음,단일로 - 기타,승용,남,55세,상해없음,보행자,남,52세,경상
2015102500100459,2015년 10월 25일 18시,일요일,강원도 춘천시 석사동,경상사고,0,0,2,0,차대차 - 측면직각충돌,교차로운행방법위반,건조,맑음,교차로 - 교차로안,승용,남,23세,상해없음,승용,여,61세,경상
2015102500100460,2015년 10월 25일 18시,일요일,강원도 정선군 사북읍,경상사고,0,0,1,3,차대차 - 측면직각충돌,교차로운행방법위반,건조,맑음,교차로 - 교차로안,화물,남,59세,상해없음,화물,남,45세,경상
2015102500100516,2015년 10월 25일 19시,일요일,강원도 춘천시 효자동,중상사고,0,1,0,0,차대사람 - 횡단중,보행자보호의무위반,건조,흐림,단일로 - 횡단보도상,승용,남,33세,상해없음,보행자,여,58세,중상
2015102500100517,2015년 10월 25일 19시,일요일,강원도 홍천군 홍천읍,중상사고,0,1,1,0,차대차 - 측면직각충돌,직진우회전진행방해,건조,맑음,교차로 - 교차로안,승용,여,53세,상해없음,승용,남,51세,중상
2015102500100550,2015년 10월 25일 20시,일요일,강원도 춘천시 퇴계동,경상사고,0,0,1,0,차대차 - 측면직각충돌,안전운전불이행,건조,맑음,교차로 - 교차로부근,승용,남,46세,상해없음,자전거,남,26세,경상
2015102500100551,2015년 10월 25일 20시,일요일,강원도 정선군 고한읍,경상사고,0,0,1,0,차대사람 - 횡단중,안전운전불이행,건조,맑음,단일로 - 기타,승용,남,48세,상해없음,보행자,남,56세,경상
2015102500100577,2015년 10월 25일 21시,일요일,강원도 강릉시 교동,경상사고,0,0,2,1,차대차 - 측면직각충돌,교차로운행방법위반,건조,맑음,교차로 - 교차로부근,승용,여,44세,부상신고,승용,남,23세,경상
2015102500100578,2015년 10월 25일 21시,일요일,강원도 원주시 단구동,경상사고,0,0,6,0,차대차 - 측면직각충돌,신호위반,건조,맑음,교차로 - 교차로안,승용,남,59세,상해없음,승용,여,33세,경상
2015102500100579,2015년 10월 25일 21시,일요일,강원도 속초시 조양동,경상사고,0,0,1,0,차량단독 - 기타,안전운전불이행,건조,맑음,단일로 - 기타,승용,남,63세,상해없음,,,,
2015102600100008,2015년 10월 26일 00시,월요일,강원도 춘천시 동내면,중상사고,0,1,0,0,차대차 - 측면직각충돌,안전운전불이행,건조,맑음,교차로 - 교차로안,승용,여,40세,상해없음,이륜,남,20세,중상
2015102600100026,2015년 10월 26일 03시,월요일,강원도 춘천시 동면,경상사고,0,0,1,0,차대차 - 측면직각충돌,교차로운행방법위반,건조,맑음,교차로 - 교차로안,승용,남,22세,기타불명,승용,여,44세,경상
2015102600100117,2015년 10월 26일 08시,월요일,강원도 삼척시 오분동,경상사고,0,0,1,0,차대차 - 추돌 - 진행중,안전거리미확보,건조,맑음,단일로 - 터널,승용,남,53세,상해없음,승용,여,56세,경상
2015102600100211,2015년 10월 26일 10시,월요일,강원도 원주시 개운동,경상사고,0,0,1,0,차대사람 - 기타,안전운전불이행,건조,맑음,기타 - 기타,승용,남,60세,상해없음,보행자,여,80세,경상
2015102600100212,2015년 10월 26일 10시,월요일,강원도 삼척시 근덕면,경상사고,0,0,2,0,차대차 - 추돌 - 진행중,안전운전불이행,건조,맑음,단일로 - 기타,화물,남,69세,상해없음,승용,남,58세,경상
2015102600100213,2015년 10월 26일 10시,월요일,강원도 화천군 사내면,경상사고,0,0,1,0,차대차 - 기타,기타,건조,맑음,교차로 - 교차로안,승용,남,47세,상해없음,승용,남,44세,경상
2015102600100283,2015년 10월 26일 12시,월요일,강원도 춘천시 석사동,경상사고,0,0,1,0,차대차 - 측면직각충돌,안전거리미확보,건조,맑음,교차로 - 교차로부근,승용,여,60세,상해없음,승용,남,37세,경상
2015102600100284,2015년 10월 26일 12시,월요일,강원도 춘천시 동면,중상사고,0,1,1,0,차대차 - 측면직각충돌,안전운전불이행,건조,맑음,교차로 - 교차로부근,승용,남,50세,경상,승용,여,63세,중상
2015102600100308,2015년 10월 26일 13시,월요일,강원도 강릉시 두산동,경상사고,0,0,2,0,차대차 - 기타,안전운전불이행,건조,맑음,교차로 - 교차로안,화물,남,32세,상해없음,승용,남,54세,경상
2015102600100309,2015년 10월 26일 13시,월요일,강원도 원주시 일산동,경상사고,0,0,1,0,차대사람 - 길가장자리구역통행중,안전운전불이행,건조,맑음,기타 - 기타,승용,여,45세,상해없음,보행자,여,40세,경상
2015102600100310,2015년 10월 26일 13시,월요일,강원도 홍천군 서면,경상사고,0,0,1,0,차대차 - 추돌 - 진행중,안전거리미확보,건조,흐림,단일로 - 터널,승용,여,23세,상해없음,승용,여,41세,경상
2015102600100386,2015년 10월 26일 15시,월요일,강원도 속초시 금호동,경상사고,0,0,1,0,차대차 - 추돌 - 진행중,안전운전불이행,건조,맑음,교차로 - 교차로부근,승합,남,55세,상해없음,원동기,남,37세,경상
2015102600100424,2015년 10월 26일 16시,월요일,강원도 원주시 무실동,부상신고사고,0,0,0,1,차대사람 - 차도통행중,안전운전불이행,건조,흐림,기타 - 기타,승용,여,35세,상해없음,보행자,남,33세,부상신고
2015102600100425,2015년 10월 26일 16시,월요일,강원도 속초시 중앙동,경상사고,0,0,1,0,차대사람 - 길가장자리구역통행중,안전운전불이행,건조,맑음,단일로 - 기타,화물,남,59세,상해없음,보행자,남,77세,경상
2015102600100476,2015년 10월 26일 17시,월요일,강원도 춘천시 소양로3가,경상사고,0,0,1,0,차대차 - 측면직각충돌,안전운전불이행,건조,맑음,단일로 - 기타,승용,남,26세,기타불명,승합,남,45세,상해없음
2015102600100477,2015년 10월 26일 17시,월요일,강원도 속초시 교동,중상사고,0,2,1,0,차대차 - 측면직각충돌,안전운전불이행,건조,맑음,교차로 - 교차로부근,승용,남,32세,상해없음,승합,남,55세,상해없음
2015102600100478,2015년 10월 26일 17시,월요일,강원도 속초시 교동,경상사고,0,0,4,0,차대차 - 추돌 - 주정차중,안전운전불이행,건조,흐림,교차로 - 교차로부근,승용,남,33세,상해없음,승용,여,62세,경상
2015102600100479,2015년 10월 26일 17시,월요일,강원도 철원군 동송읍,경상사고,0,0,1,0,차대사람 - 횡단중,보행자보호의무위반,습기,비,교차로 - 교차로부근,화물,남,57세,상해없음,보행자,남,16세,경상
2015102600100555,2015년 10월 26일 18시,월요일,강원도 춘천시 동면,경상사고,0,0,1,0,차대차 - 측면직각충돌,안전운전불이행,습기,비,단일로 - 기타,화물,남,75세,상해없음,건설기계,남,35세,경상
2015102600100556,2015년 10월 26일 18시,월요일,강원도 원주시 평원동,중상사고,0,1,0,0,차대사람 - 보도통행중,안전운전불이행,건조,흐림,교차로 - 교차로부근,승합,남,35세,상해없음,보행자,여,60세,중상
2015102600100557,2015년 10월 26일 18시,월요일,강원도 삼척시 당저동,경상사고,0,0,2,0,차대차 - 측면직각충돌,안전운전불이행,건조,맑음,교차로 - 교차로안,승용,남,76세,상해없음,승용,남,45세,경상
2015102600100631,2015년 10월 26일 19시,월요일,강원도 춘천시 운교동,중상사고,0,1,0,0,차대사람 - 횡단중,보행자보호의무위반,습기,비,교차로 - 교차로부근,승합,남,54세,상해없음,보행자,남,71세,중상
2015102600100703,2015년 10월 26일 21시,월요일,강원도 평창군 용평면,경상사고,0,0,1,0,차대차 - 정면충돌,중앙선침범,건조,흐림,단일로 - 기타,화물,남,45세,상해없음,승용,여,43세,경상
2015102600100735,2015년 10월 26일 22시,월요일,강원도 원주시 봉산동,경상사고,0,0,2,0,차대차 - 추돌 - 주정차중,안전운전불이행,건조,흐림,단일로 - 기타,승용,남,25세,상해없음,승용,여,51세,경상
2015102600100763,2015년 10월 26일 23시,월요일,강원도 정선군 정선읍,경상사고,0,0,1,0,차대차 - 추돌 - 주정차중,안전운전불이행,건조,맑음,교차로 - 교차로안,승용,여,48세,상해없음,승용,여,51세,상해없음
2015102700100018,2015년 10월 27일 00시,화요일,강원도 속초시 조양동,경상사고,0,0,1,0,차대차 - 측면직각충돌,안전운전불이행,건조,맑음,단일로 - 기타,승용,남,49세,상해없음,원동기,남,33세,경상
2015102700100112,2015년 10월 27일 06시,화요일,강원도 속초시 노학동,경상사고,0,0,1,0,차대차 - 측면직각충돌,신호위반,습기,비,교차로 - 교차로안,승용,남,41세,상해없음,승용,남,56세,경상
2015102700100132,2015년 10월 27일 07시,화요일,강원도 원주시 소초면,중상사고,0,1,0,0,차대차 - 추돌 - 진행중,안전운전불이행,습기,비,단일로 - 기타,특수,남,40세,중상,화물,남,52세,상해없음
2015102700100161,2015년 10월 27일 08시,화요일,강원도 춘천시 서면,경상사고,0,0,1,0,차대차 - 기타,중앙선침범,습기,비,단일로 - 기타,승합,남,58세,상해없음,승합,남,54세,경상
2015102700100219,2015년 10월 27일 09시,화요일,강원도 속초시 조양동,경상사고,0,0,1,0,차대사람 - 보도통행중,기타,습기,비,단일로 - 기타,화물,남,33세,상해없음,보행자,남,28세,경상
2015102700100220,2015년 10월 27일 09시,화요일,강원도 고성군 토성면,경상사고,0,0,2,0,차대차 - 추돌 - 진행중,안전운전불이행,습기,비,단일로 - 기타,화물,남,39세,상해없음,승용,여,49세,경상
2015102700100246,2015년 10월 27일 10시,화요일,강원도 춘천시 우두동,경상사고,0,0,1,0,차대차 - 측면직각충돌,기타,습기,비,단일로 - 기타,승용,여,65세,상해없음,승용,남,60세,경상
2015102700100247,2015년 10월 27일 10시,화요일,강원도 원주시 평원동,중상사고,0,1,1,0,차대차 - 측면직각충돌,신호위반,건조,흐림,교차로 - 교차로안,화물,남,74세,경상,이륜,남,27세,중상
2015102700100281,2015년 10월 27일 11시,화요일,강원도 춘천시 퇴계동,부상신고사고,0,0,0,1,차대차 - 측면직각충돌,안전운전불이행,건조,맑음,단일로 - 기타,승용,남,23세,상해없음,이륜,남,33세,부상신고
2015102700100282,2015년 10월 27일 11시,화요일,강원도 양양군 현북면,경상사고,0,0,1,0,차대차 - 추돌 - 진행중,안전운전불이행,건조,맑음,교차로 - 교차로부근,승용,여,61세,상해없음,승용,남,35세,경상
2015102700100343,2015년 10월 27일 13시,화요일,강원도 횡성군 둔내면,경상사고,0,0,1,0,차대차 - 측면직각충돌,안전운전불이행,건조,맑음,단일로 - 기타,승용,남,59세,상해없음,승용,남,40세,경상
2015102700100373,2015년 10월 27일 14시,화요일,강원도 강릉시 입암동,경상사고,0,0,1,0,차대차 - 추돌 - 진행중,안전운전불이행,건조,맑음,교차로 - 교차로부근,승용,여,43세,상해없음,승용,여,35세,경상
2015102700100374,2015년 10월 27일 14시,화요일,강원도 양구군 양구읍,중상사고,0,1,0,0,차대사람 - 횡단중,신호위반,건조,맑음,단일로 - 횡단보도상,자전거,여,56세,상해없음,보행자,여,9세,중상
2015102700100406,2015년 10월 27일 15시,화요일,강원도 춘천시 온의동,경상사고,0,0,1,0,차량단독 - 공작물충돌,안전운전불이행,건조,맑음,단일로 - 기타,승용,남,49세,상해없음,,,,
2015102700100407,2015년 10월 27일 15시,화요일,강원도 원주시 명륜동,중상사고,0,1,0,0,차대사람 - 기타,안전운전불이행,건조,맑음,단일로 - 기타,승용,여,48세,상해없음,보행자,남,9세,중상
2015102700100539,2015년 10월 27일 18시,화요일,강원도 원주시 관설동,중상사고,0,3,0,0,차대차 - 측면직각충돌,교차로운행방법위반,건조,맑음,교차로 - 교차로안,승용,남,59세,상해없음,승용,남,72세,중상
2015102700100579,2015년 10월 27일 19시,화요일,강원도 원주시 단구동,경상사고,0,0,1,0,차대차 - 추돌 - 진행중,안전거리미확보,건조,맑음,교차로 - 교차로부근,승용,남,47세,상해없음,승합,남,55세,상해없음