사고번호,사고일시,요일,시군구,사고내용,사망자수,중상자수,경상자수,부상신고자수,사고유형,법규위반,노면상태,기상상태,도로형태,가해운전자 차종,가해운전자 성별,가해운전자 연령,가해운전자 상해정도,피해운전자 차종,피해운전자 성별,피해운전자 연령,피해운전자 상해정도
2015102700100650,2015년 10월 27일 21시,화요일,강원도 평창군 용평면,중상사고,0,1,1,0,차대차 - 정면충돌,중앙선침범,기타,맑음,단일로 - 기타,화물,남,43세,상해없음,승용,여,35세,중상
2015102700100690,2015년 10월 27일 22시,화요일,강원도 원주시 지정면,부상신고사고,0,0,0,1,차대사람 - 길가장자리구역통행중,안전운전불이행,건조,맑음,단일로 - 기타,기타불명,기타불명,기타불명,기타불명,보행자,남,32세,부상신고
2015102800100015,2015년 10월 28일 00시,수요일,강원도 춘천시 우두동,중상사고,0,1,2,0,차대차 - 측면직각충돌,교차로운행방법위반,건조,맑음,교차로 - 교차로안,승용,여,70세,상해없음,승용,여,48세,경상
2015102800100094,2015년 10월 28일 07시,수요일,강원도 화천군 상서면,경상사고,0,0,1,0,차대차 - 추돌 - 주정차중,안전운전불이행,건조,맑음,단일로 - 기타,화물,남,36세,상해없음,승용,남,40세,상해없음
2015102800100134,2015년 10월 28일 08시,수요일,강원도 원주시 무실동,경상사고,0,0,1,0,차대차 - 기타,안전운전불이행,건조,맑음,교차로 - 교차로안,승용,여,53세,상해없음,승용,여,38세,경상
2015102800100135,2015년 10월 28일 08시,수요일,강원도 삼척시 원덕읍,중상사고,0,1,0,0,차대차 - 측면직각충돌,안전운전불이행,건조,맑음,교차로 - 교차로부근,화물,남,69세,상해없음,자전거,여,55세,중상
2015102800100136,2015년 10월 28일 08시,수요일,강원도 동해시 나안동,경상사고,0,0,2,0,차대차 - 추돌 - 진행중,안전거리미확보,건조,맑음,단일로 - 기타,승합,남,50세,상해없음,승용,남,48세,경상
2015102800100172,2015년 10월 28일 09시,수요일,강원도 원주시 단계동,경상사고,0,0,1,0,차대차 - 측면직각충돌,교차로운행방법위반,건조,맑음,교차로 - 교차로안,승용,여,29세,상해없음,승용,남,44세,경상
2015102800100239,2015년 10월 28일 11시,수요일,강원도 춘천시 효자동,경상사고,0,0,1,0,차대차 - 측면직각충돌,교차로운행방법위반,건조,맑음,교차로 - 교차로안,승용,남,37세,상해없음,승용,여,56세,경상
2015102800100240,2015년 10월 28일 11시,수요일,강원도 홍천군 화촌면,중상사고,0,2,0,0,차대차 - 측면직각충돌,신호위반,건조,맑음,교차로 - 교차로안,승용,남,73세,상해없음,승용,남,52세,중상
2015102800100278,2015년 10월 28일 12시,수요일,강원도 철원군 동송읍,중상사고,0,3,0,0,차대차 - 측면직각충돌,안전운전불이행,건조,맑음,단일로 - 기타,화물,남,63세,상해없음,승용,남,70세,중상
2015102800100309,2015년 10월 28일 13시,수요일,강원도 강릉시 포남동,중상사고,0,1,0,0,차대사람 - 기타,보행자보호의무위반,건조,맑음,교차로 - 교차로안,승용,남,23세,상해없음,보행자,여,60세,중상
2015102800100310,2015년 10월 28일 13시,수요일,강원도 원주시 우산동,경상사고,0,0,1,0,차대차 - 측면직각충돌,교차로운행방법위반,건조,맑음,교차로 - 교차로안,승용,남,75세,상해없음,승용,남,60세,경상
2015102800100348,2015년 10월 28일 14시,수요일,강원도 춘천시 약사동,중상사고,0,1,0,0,차대사람 - 횡단중,안전운전불이행,건조,맑음,교차로 - 교차로안,승용,남,56세,상해없음,보행자,여,86세,중상
2015102800100349,2015년 10월 28일 14시,수요일,강원도 원주시 단계동,경상사고,0,0,1,0,차대차 - 추돌 - 진행중,기타,건조,맑음,교차로 - 교차로부근,화물,남,59세,기타불명,승용,남,36세,경상
2015102800100350,2015년 10월 28일 14시,수요일,강원도 횡성군 안흥면,중상사고,0,3,0,0,차대차 - 정면충돌,중앙선침범,건조,맑음,단일로 - 기타,승용,여,40세,상해없음,화물,남,35세,중상
2015102800100391,2015년 10월 28일 15시,수요일,강원도 강릉시 포남동,경상사고,0,0,2,0,차대차 - 기타,안전운전불이행,건조,맑음,교차로 - 교차로안,승합,여,37세,상해없음,승용,남,51세,경상
2015102800100476,2015년 10월 28일 17시,수요일,강원도 원주시 평원동,경상사고,0,0,1,0,차대사람 - 차도통행중,안전운전불이행,건조,맑음,단일로 - 기타,승용,남,45세,상해없음,보행자,남,38세,경상
2015102800100477,2015년 10월 28일 17시,수요일,강원도 고성군 간성읍,경상사고,0,0,2,0,차대차 - 추돌 - 진행중,안전운전불이행,건조,맑음,단일로 - 기타,승합,남,57세,상해없음,승용,남,56세,경상
2015102800100531,2015년 10월 28일 18시,수요일,강원도 춘천시 사북면,부상신고사고,0,0,0,1,차대차 - 추돌 - 진행중,안전거리미확보,건조,맑음,단일로 - 기타,화물,남,38세,상해없음,승용,남,54세,부상신고
2015102800100532,2015년 10월 28일 18시,수요일,강원도 춘천시 동면,경상사고,0,0,2,0,차대차 - 정면충돌,안전운전불이행,건조,맑음,단일로 - 기타,승용,여,55세,상해없음,승용,여,57세,경상
2015102800100533,2015년 10월 28일 18시,수요일,강원도 원주시 흥업면,경상사고,0,0,2,0,차대차 - 추돌 - 진행중,안전거리미확보,건조,맑음,단일로 - 기타,화물,남,35세,상해없음,승용,남,56세,경상
2015102800100609,2015년 10월 28일 19시,수요일,강원도 원주시 명륜동,경상사고,0,0,1,0,차대사람 - 보도통행중,안전운전불이행,건조,맑음,단일로 - 기타,승용,남,52세,상해없음,보행자,남,63세,경상
2015102800100647,2015년 10월 28일 20시,수요일,강원도 강릉시 옥계면,경상사고,0,0,3,0,차대차 - 정면충돌,중앙선침범,건조,맑음,단일로 - 기타,승용,남,34세,상해없음,승용,남,43세,경상
2015102800100718,2015년 10월 28일 22시,수요일,강원도 횡성군 우천면,중상사고,0,1,1,0,차량단독 - 전도전복,안전운전불이행,건조,맑음,교차로 - 교차로부근,승용,남,23세,상해없음,,,,
2015102800100757,2015년 10월 28일 23시,수요일,강원도 원주시 지정면,사망사고,1,0,0,0,차량단독 - 공작물충돌,안전운전불이행,건조,맑음,교차로 - 교차로안,승용,남,41세,사망,,,,
2015102900100033,2015년 10월 29일 02시,목요일,강원도 동해시 천곡동,경상사고,0,0,2,0,차대차 - 측면직각충돌,신호위반,건조,맑음,교차로 - 교차로안,승용,여,42세,경상,승용,남,58세,경상
2015102900100075,2015년 10월 29일 07시,목요일,강원도 원주시 판부면,경상사고,0,0,1,0,차대사람 - 기타,안전운전불이행,건조,맑음,단일로 - 기타,기타불명,기타불명,기타불명,기타불명,보행자,여,18세,경상
2015102900100076,2015년 10월 29일 07시,목요일,강원도 횡성군 횡성읍,중상사고,0,1,0,0,차대사람 - 횡단중,보행자보호의무위반,건조,맑음,단일로 - 횡단보도상,화물,남,44세,상해없음,보행자,여,36세,중상
2015102900100109,2015년 10월 29일 08시,목요일,강원도 원주시 중앙동,중상사고,0,1,2,0,차대차 - 측면직각충돌,신호위반,건조,맑음,교차로 - 교차로안,승용,남,77세,상해없음,승용,남,45세,중상
2015102900100110,2015년 10월 29일 08시,목요일,강원도 원주시 봉산동,중상사고,0,1,0,0,차대사람 - 횡단중,안전운전불이행,건조,맑음,단일로 - 횡단보도부근,이륜,남,17세,상해없음,보행자,남,79세,중상
2015102900100144,2015년 10월 29일 09시,목요일,강원도 강릉시 사천면,경상사고,0,0,1,0,차대차 - 측면직각충돌,기타,건조,맑음,교차로 - 교차로안,승용,여,61세,상해없음,이륜,남,76세,경상
2015102900100145,2015년 10월 29일 09시,목요일,강원도 양구군 양구읍,사망사고,1,0,0,0,차대차 - 측면직각충돌,안전운전불이행,건조,맑음,교차로 - 교차로안,화물,남,22세,상해없음,원동기,남,72세,사망
2015102900100187,2015년 10월 29일 10시,목요일,강원도 강릉시 포남동,중상사고,0,1,0,0,차대차 - 추돌 - 진행중,안전운전불이행,건조,맑음,교차로 - 교차로안,화물,남,32세,상해없음,승용,남,36세,중상
2015102900100188,2015년 10월 29일 10시,목요일,강원도 강릉시 교동,경상사고,0,0,1,0,차대사람 - 기타,안전운전불이행,건조,맑음,교차로 - 교차로안,승용,여,23세,상해없음,보행자,남,52세,경상
2015102900100250,2015년 10월 29일 12시,목요일,강원도 춘천시 약사동,부상신고사고,0,0,0,1,차대차 - 측면직각충돌,중앙선침범,건조,맑음,단일로 - 기타,자전거,남,46세,부상신고,승용,남,83세,상해없음
2015102900100251,2015년 10월 29일 12시,목요일,강원도 양양군 현남면,경상사고,0,0,4,0,차대차 - 측면직각충돌,안전운전불이행,건조,맑음,교차로 - 교차로안,승용,여,32세,상해없음,화물,남,47세,경상
2015102900100287,2015년 10월 29일 13시,목요일,강원도 춘천시 후평동,경상사고,0,0,1,0,차대차 - 측면직각충돌,안전운전불이행,건조,맑음,교차로 - 교차로안,승용,남,76세,상해없음,화물,남,42세,경상
2015102900100288,2015년 10월 29일 13시,목요일,강원도 강릉시 홍제동,중상사고,0,1,1,0,차대차 - 추돌 - 진행중,신호위반,건조,맑음,교차로 - 교차로안,승용,남,42세,상해없음,승용,여,53세,경상
2015102900100289,2015년 10월 29일 13시,목요일,강원도 삼척시 근덕면,경상사고,0,0,1,0,차대차 - 기타,안전운전불이행,건조,맑음,단일로 - 기타,자전거,여,66세,경상,승용,남,58세,상해없음
2015102900100290,2015년 10월 29일 13시,목요일,강원도 횡성군 서원면,중상사고,0,1,0,0,차량단독 - 전도전복,안전운전불이행,건조,맑음,단일로 - 기타,승용,여,57세,상해없음,,,,
2015102900100321,2015년 10월 29일 14시,목요일,강원도 원주시 우산동,경상사고,0,0,1,0,차대차 - 기타,안전거리미확보,건조,맑음,단일로 - 기타,화물,남,45세,상해없음,이륜,남,28세,경상
2015102900100353,2015년 10월 29일 15시,목요일,강원도 강릉시 포남동,중상사고,0,1,0,0,차대사람 - 횡단중,보행자보호의무위반,건조,맑음,단일로 - 횡단보도상,승용,남,56세,상해없음,보행자,여,75세,중상
2015102900100354,2015년 10월 29일 15시,목요일,강원도 원주시 중앙동,경상사고,0,0,1,0,차대사람 - 횡단중,안전운전불이행,건조,맑음,기타 - 기타,승합,남,61세,상해없음,보행자,남,46세,경상
2015102900100395,2015년 10월 29일 16시,목요일,강원도 동해시 평릉동,경상사고,0,0,2,0,차대차 - 추돌 - 진행중,안전운전불이행,건조,맑음,교차로 - 교차로부근,승용,남,72세,상해없음,승용,여,58세,경상
2015102900100396,2015년 10월 29일 16시,목요일,강원도 동해시 평릉동,경상사고,0,0,4,0,차대차 - 추돌 - 주정차중,안전운전불이행,건조,맑음,단일로 - 기타,승용,남,74세,상해없음,승용,여,53세,경상
2015102900100438,2015년 10월 29일 17시,목요일,강원도 원주시 단구동,경상사고,0,0,1,0,차대사람 - 횡단중,안전운전불이행,건조,맑음,단일로 - 기타,승합,남,44세,상해없음,보행자,여,11세,경상
2015102900100498,2015년 10월 29일 18시,목요일,강원도 춘천시 칠전동,경상사고,0,0,2,0,차대차 - 추돌 - 주정차중,안전운전불이행,습기,비,교차로 - 교차로부근,승용,남,56세,상해없음,승용,남,45세,경상
2015102900100499,2015년 10월 29일 18시,목요일,강원도 강릉시 입암동,경상사고,0,0,2,0,차대차 - 기타,안전운전불이행,건조,맑음,단일로 - 기타,승용,여,23세,상해없음,승용,여,49세,경상
2015102900100558,2015년 10월 29일 19시,목요일,강원도 원주시 단계동,경상사고,0,0,1,0,차대차 - 추돌 - 진행중,안전운전불이행,건조,맑음,단일로 - 기타,승용,여,45세,상해없음,승합,남,64세,경상
2015102900100559,2015년 10월 29일 19시,목요일,강원도 속초시 노학동,경상사고,0,0,3,0,차대차 - 추돌 - 진행중,안전운전불이행,습기,비,교차로 - 교차로부근,화물,남,54세,상해없음,승용,남,24세,경상
2015102900100605,2015년 10월 29일 20시,목요일,강원도 원주시 봉산동,중상사고,0,1,0,0,차대사람 - 횡단중,보행자보호의무위반,습기,비,교차로 - 교차로안,승용,남,51세,상해없음,보행자,남,64세,중상
2015102900100606,2015년 10월 29일 20시,목요일,강원도 원주시 일산동,경상사고,0,0,1,0,차대사람 - 횡단중,보행자보호의무위반,건조,흐림,교차로 - 교차로안,승용,남,42세,상해없음,보행자,여,20세,경상
2015102900100607,2015년 10월 29일 20시,목요일,강원도 원주시 관설동,경상사고,0,0,1,0,차대차 - 추돌 - 진행중,안전운전불이행,습기,비,교차로 - 교차로부근,승용,남,50세,상해없음,이륜,남,45세,경상
2015102900100608,2015년 10월 29일 20시,목요일,강원도 원주시 단계동,경상사고,0,0,1,0,차대차 - 측면직각충돌,신호위반,습기,비,교차로 - 교차로안,이륜,남,17세,경상,승용,남,35세,상해없음
2015102900100609,2015년 10월 29일 20시,목요일,강원도 원주시 흥업면,중상사고,0,2,5,0,차대차 - 추돌 - 진행중,중앙선침범,습기,비,교차로 - 교차로안,승용,남,53세,상해없음,승용,여,43세,중상
2015102900100610,2015년 10월 29일 20시,목요일,강원도 동해시 쇄운동,중상사고,0,1,0,0,차대사람 - 횡단중,보행자보호의무위반,건조,맑음,단일로 - 기타,승용,여,56세,상해없음,보행자,남,55세,중상
2015102900100687,2015년 10월 29일 22시,목요일,강원도 춘천시 석사동,경상사고,0,0,1,0,차대차 - 측면직각충돌,교차로운행방법위반,건조,흐림,교차로 - 교차로안,승용,남,53세,상해없음,승용,남,55세,경상
2015103000100064,2015년 10월 30일 04시,금요일,강원도 춘천시 퇴계동,경상사고,0,0,2,0,차대차 - 측면직각충돌,신호위반,건조,맑음,교차로 - 교차로안,승용,남,67세,상해없음,승용,남,25세,경상
2015103000100210,2015년 10월 30일 09시,금요일,강원도 화천군 화천읍,중상사고,0,1,0,0,차대차 - 측면직각충돌,직진우회전진행방해,건조,맑음,교차로 - 교차로안,승합,남,25세,상해없음,화물,남,55세,중상
2015103000100241,2015년 10월 30일 10시,금요일,강원도 춘천시 삼천동,경상사고,0,0,1,0,차대차 - 측면직각충돌,안전운전불이행,건조,맑음,교차로 - 교차로안,승용,여,67세,상해없음,승용,여,35세,경상
2015103000100242,2015년 10월 30일 10시,금요일,강원도 삼척시 교동,경상사고,0,0,1,0,차대차 - 추돌 - 진행중,안전운전불이행,건조,맑음,교차로 - 교차로부근,승용,남,47세,상해없음,승용,여,54세,경상
2015103000100277,2015년 10월 30일 11시,금요일,강원도 춘천시 근화동,경상사고,0,0,1,0,차대차 - 측면직각충돌,안전운전불이행,건조,맑음,교차로 - 교차로부근,승용,여,34세,상해없음,승용,남,45세,경상
2015103000100278,2015년 10월 30일 11시,금요일,강원도 영월군 김삿갓면,경상사고,0,0,1,0,차대차 - 추돌 - 주정차중,안전거리미확보,건조,맑음,교차로 - 교차로안,화물,남,54세,기타불명,승용,여,62세,경상
2015103000100279,2015년 10월 30일 11시,금요일,강원도 평창군 용평면,경상사고,0,0,2,0,차대차 - 추돌 - 주정차중,안전거리미확보,건조,맑음,단일로 - 기타,승용,남,31세,상해없음,승용,여,31세,경상
2015103000100319,2015년 10월 30일 12시,금요일,강원도 강릉시 금학동,경상사고,0,0,1,0,차대사람 - 길가장자리구역통행중,안전운전불이행,건조,맑음,교차로 - 교차로부근,승용,여,40세,상해없음,보행자,여,82세,경상
2015103000100320,2015년 10월 30일 12시,금요일,강원도 원주시 중앙동,경상사고,0,0,1,0,차대사람 - 길가장자리구역통행중,안전운전불이행,건조,맑음,기타 - 기타,승용,남,40세,상해없음,보행자,남,54세,경상
2015103000100321,2015년 10월 30일 12시,금요일,강원도 삼척시 정상동,중상사고,0,1,0,0,차대차 - 측면직각충돌,안전운전불이행,건조,맑음,단일로 - 기타,원동기,여,50세,중상,승용,남,73세,상해없음
2015103000100361,2015년 10월 30일 13시,금요일,강원도 원주시 우산동,경상사고,0,0,1,0,차대차 - 추돌 - 진행중,안전거리미확보,건조,맑음,단일로 - 기타,승합,남,56세,상해없음,승용,여,27세,경상
2015103000100362,2015년 10월 30일 13시,금요일,강원도 평창군 용평면,경상사고,0,0,4,0,차대차 - 추돌 - 주정차중,안전거리미확보,건조,맑음,단일로 - 기타,승용,남,54세,경상,승용,여,42세,경상
2015103000100403,2015년 10월 30일 14시,금요일,강원도 삼척시 남양동,중상사고,0,1,0,0,차대차 - 측면직각충돌,안전운전불이행,건조,맑음,단일로 - 횡단보도상,승용,남,37세,상해없음,자전거,남,74세,중상
2015103000100404,2015년 10월 30일 14시,금요일,강원도 홍천군 서면,중상사고,0,1,0,0,차대차 - 정면충돌,안전운전불이행,건조,맑음,단일로 - 기타,화물,남,49세,상해없음,이륜,남,68세,중상
2015103000100488,2015년 10월 30일 16시,금요일,강원도 춘천시 퇴계동,중상사고,0,1,0,0,차대차 - 측면직각충돌,안전운전불이행,건조,맑음,교차로 - 교차로부근,승용,여,48세,상해없음,승용,여,59세,중상
2015103000100489,2015년 10월 30일 16시,금요일,강원도 강릉시 주문진읍,경상사고,0,0,1,0,차대사람 - 기타,안전운전불이행,건조,맑음,단일로 - 기타,승용,남,77세,상해없음,보행자,남,63세,경상
2015103000100600,2015년 10월 30일 18시,금요일,강원도 강릉시 노암동,중상사고,0,1,0,0,차대차 - 기타,안전운전불이행,건조,맑음,교차로 - 교차로부근,승용,남,24세,상해없음,자전거,남,22세,중상
2015103000100675,2015년 10월 30일 19시,금요일,강원도 원주시 태장동,사망사고,1,0,0,0,차대사람 - 횡단중,안전운전불이행,건조,맑음,단일로 - 기타,승용,남,31세,상해없음,보행자,여,46세,사망
2015103000100676,2015년 10월 30일 19시,금요일,강원도 동해시 쇄운동,경상사고,0,0,1,0,차대사람 - 차도통행중,안전운전불이행,건조,맑음,단일로 - 기타,승용,여,54세,상해없음,보행자,여,42세,경상
2015103000100722,2015년 10월 30일 20시,금요일,강원도 강릉시 교동,경상사고,0,0,1,0,차대차 - 기타,안전운전불이행,건조,맑음,교차로 - 교차로안,승용,남,46세,상해없음,승용,남,34세,경상
2015103000100723,2015년 10월 30일 20시,금요일,강원도 원주시 반곡동,경상사고,0,0,2,0,차대차 - 측면직각충돌,안전운전불이행,건조,맑음,교차로 - 교차로안,화물,남,55세,상해없음,승용,남,54세,경상
2015103000100724,2015년 10월 30일 20시,금요일,강원도 원주시 단계동,경상사고,0,0,2,0,차대차 - 추돌 - 진행중,안전운전불이행,건조,맑음,단일로 - 기타,승용,남,49세,상해없음,승용,남,39세,경상
2015103000100754,2015년 10월 30일 21시,금요일,강원도 원주시 문막읍,중상사고,0,1,0,0,차대사람 - 길가장자리구역통행중,안전운전불이행,기타,기타,기타 - 기타,승용,남,59세,상해없음,보행자,남,42세,중상
2015103000100755,2015년 10월 30일 21시,금요일,강원도 인제군 남면,경상사고,0,0,1,0,차대차 - 추돌 - 주정차중,안전거리미확보,건조,맑음,단일로 - 기타,화물,남,49세,상해없음,승용,남,28세,경상
2015103100100074,2015년 10월 31일 03시,토요일,강원도 원주시 단계동,경상사고,0,0,1,0,차대차 - 측면직각충돌,안전운전불이행,건조,맑음,교차로 - 교차로부근,승용,남,22세,상해없음,승용,남,53세,경상
2015103100100137,2015년 10월 31일 07시,토요일,강원도 동해시 망상동,경상사고,0,0,1,0,차대차 - 정면충돌,중앙선침범,건조,맑음,단일로 - 기타,승용,남,70세,상해없음,승용,남,65세,경상
2015103100100189,2015년 10월 31일 09시,토요일,강원도 양양군 양양읍,경상사고,0,0,8,0,차대차 - 추돌 - 주정차중,안전운전불이행,건조,맑음,단일로 - 기타,승용,남,23세,상해없음,승용,남,27세,경상
2015103100100190,2015년 10월 31일 09시,토요일,강원도 삼척시 남양동,중상사고,0,1,0,0,차대사람 - 기타,보행자보호의무위반,건조,맑음,단일로 - 기타,화물,여,58세,상해없음,보행자,여,73세,중상
2015103100100239,2015년 10월 31일 10시,토요일,강원도 원주시 관설동,경상사고,0,0,3,0,차대차 - 측면직각충돌,신호위반,건조,맑음,교차로 - 교차로안,승용,여,48세,경상,승합,남,63세,경상
2015103100100240,2015년 10월 31일 10시,토요일,강원도 철원군 동송읍,경상사고,0,0,3,0,차대차 - 추돌 - 진행중,안전운전불이행,건조,맑음,단일로 - 기타,승용,여,40세,상해없음,승용,남,34세,경상
2015103100100241,2015년 10월 31일 10시,토요일,강원도 원주시 호저면,중상사고,0,1,0,0,차대차 - 측면직각충돌,안전거리미확보,건조,맑음,단일로 - 기타,화물,남,40세,상해없음,승용,남,54세,상해없음
2015103100100242,2015년 10월 31일 10시,토요일,강원도 강릉시 성산면,경상사고,0,0,1,0,차대차 - 추돌 - 진행중,안전거리미확보,건조,맑음,단일로 - 기타,승용,여,39세,상해없음,승합,남,43세,경상
2015103100100269,2015년 10월 31일 11시,토요일,강원도 강릉시 성산면,경상사고,0,0,2,0,차대차 - 측면직각충돌,안전운전불이행,건조,맑음,기타 - 기타,화물,남,42세,상해없음,승용,여,39세,경상
2015103100100325,2015년 10월 31일 12시,토요일,강원도 철원군 철원읍,중상사고,0,2,1,1,차대차 - 측면직각충돌,교차로운행방법위반,건조,맑음,교차로 - 교차로안,승합,남,63세,중상,승용,남,52세,경상
2015103100100376,2015년 10월 31일 13시,토요일,강원도 춘천시 신동면,경상사고,0,0,1,0,차대차 - 측면직각충돌,안전운전불이행,건조,맑음,단일로 - 기타,화물,남,42세,상해없음,승용,남,28세,경상
2015103100100471,2015년 10월 31일 15시,토요일,강원도 원주시 무실동,경상사고,0,0,1,0,차대차 - 기타,안전거리미확보,건조,맑음,교차로 - 교차로안,승용,여,42세,상해없음,승합,남,53세,상해없음
2015103100100472,2015년 10월 31일 15시,토요일,강원도 영월군 중동면,경상사고,0,0,1,2,차대차 - 측면직각충돌,교차로운행방법위반,건조,맑음,교차로 - 교차로안,승용,남,61세,상해없음,승용,남,38세,부상신고
2015103100100473,2015년 10월 31일 15시,토요일,강원도 동해시 삼화동,중상사고,0,1,0,0,차량단독 - 도로외이탈 - 추락,안전운전불이행,건조,맑음,교차로 - 교차로부근,건설기계,남,61세,중상,,,,
2015103100100474,2015년 10월 31일 15시,토요일,강원도 동해시 송정동,경상사고,0,0,1,0,차대차 - 측면직각충돌,안전운전불이행,건조,맑음,단일로 - 기타,승용,남,54세,상해없음,자전거,여,59세,경상
2015103100100519,2015년 10월 31일 16시,토요일,강원도 강릉시 성산면,중상사고,0,1,0,0,차대차 - 측면직각충돌,중앙선침범,건조,맑음,단일로 - 기타,자전거,남,26세,중상,화물,남,52세,상해없음
2015103100100520,2015년 10월 31일 16시,토요일,강원도 정선군 임계면,경상사고,0,0,1,0,차대차 - 추돌 - 진행중,안전운전불이행,건조,맑음,단일로 - 기타,승합,남,61세,상해없음,화물,남,75세,경상
2015103100100556,2015년 10월 31일 17시,토요일,강원도 동해시 대구동,중상사고,0,2,1,0,차대차 - 측면직각충돌,안전운전불이행,건조,맑음,단일로 - 기타,건설기계,남,60세,상해없음,승용,여,32세,중상
2015103100100689,2015년 10월 31일 20시,토요일,강원도 춘천시 후평동,경상사고,0,0,2,0,차대차 - 측면직각충돌,안전운전불이행,건조,맑음,교차로 - 교차로부근,승용,남,42세,상해없음,승용,남,34세,경상
2015103100100690,2015년 10월 31일 20시,토요일,강원도 속초시 조양동,경상사고,0,0,5,0,차대차 - 추돌 - 주정차중,안전운전불이행,건조,흐림,교차로 - 교차로부근,승용,남,52세,상해없음,승용,남,44세,경상
2015103100100691,2015년 10월 31일 20시,토요일,강원도 동해시 천곡동,경상사고,0,0,1,0,차대차 - 측면직각충돌,직진우회전진행방해,건조,맑음,교차로 - 교차로안,승용,여,51세,상해없음,승용,여,48세,상해없음
2015103100100732,2015년 10월 31일 21시,토요일,강원도 춘천시 효자동,중상사고,0,1,0,0,차대차 - 측면직각충돌,교차로운행방법위반,건조,맑음,교차로 - 교차로부근,화물,남,58세,상해없음,이륜,남,18세,중상
2015103100100787,2015년 10월 31일 23시,토요일,강원도 원주시 단계동,중상사고,0,1,0,0,차대차 - 기타,안전운전불이행,건조,맑음,단일로 - 기타,승용,남,52세,상해없음,승용,여,36세,중상
2015110100100019,2015년 11월 1일 00시,일요일,강원도 속초시 교동,경상사고,0,0,3,0,차대차 - 추돌 - 주정차중,안전운전불이행,건조,맑음,단일로 - 기타,승용,여,56세,상해없음,승용,남,48세,경상
2015110100100020,2015년 11월 1일 00시,일요일,강원도 홍천군 홍천읍,경상사고,0,0,1,0,차대사람 - 횡단중,보행자보호의무위반,건조,맑음,교차로 - 교차로부근,승용,남,24세,상해없음,보행자,남,32세,경상
2015110100100122,2015년 11월 1일 06시,일요일,강원도 춘천시 석사동,부상신고사고,0,0,0,1,차대차 - 측면직각충돌,직진우회전진행방해,건조,맑음,교차로 - 교차로안,승용,남,60세,상해없음,승용,남,69세,상해없음
2015110100100161,2015년 11월 1일 09시,일요일,강원도 강릉시 옥천동,경상사고,0,0,1,0,차대사람 - 기타,안전운전불이행,건조,맑음,단일로 - 기타,승용,남,51세,상해없음,보행자,여,75세,경상
2015110100100162,2015년 11월 1일 09시,일요일,강원도 원주시 소초면,경상사고,0,0,2,0,차대차 - 측면직각충돌,차로위반,건조,맑음,교차로 - 교차로부근,이륜,남,75세,경상,승용,남,76세,상해없음
2015110100100190,2015년 11월 1일 10시,일요일,강원도 춘천시 동산면,경상사고,0,0,1,0,차대차 - 추돌 - 주정차중,안전거리미확보,건조,맑음,단일로 - 기타,승용,여,47세,기타불명,승용,여,49세,경상
2015110100100191,2015년 11월 1일 10시,일요일,강원도 영월군 영월읍,경상사고,0,0,2,0,차대차 - 측면직각충돌,중앙선침범,건조,맑음,단일로 - 기타,승용,여,61세,상해없음,원동기,남,51세,경상
2015110100100210,2015년 11월 1일 11시,일요일,강원도 원주시 개운동,경상사고,0,0,2,0,차대차 - 측면직각충돌,신호위반,건조,맑음,교차로 - 교차로안,승용,여,49세,상해없음,화물,남,35세,경상
2015110100100211,2015년 11월 1일 11시,일요일,강원도 원주시 태장동,사망사고,1,0,0,1,차대사람 - 횡단중,보행자보호의무위반,건조,흐림,교차로 - 교차로부근,이륜,남,19세,부상신고,보행자,여,70세,사망
2015110100100212,2015년 11월 1일 11시,일요일,강원도 홍천군 남면,부상신고사고,0,0,0,1,차량단독 - 공작물충돌,안전운전불이행,건조,맑음,단일로 - 기타,이륜,남,44세,부상신고,,,,
2015110100100237,2015년 11월 1일 12시,일요일,강원도 강릉시 포남동,중상사고,0,1,0,0,차대차 - 기타,안전운전불이행,건조,맑음,교차로 - 교차로안,승용,남,71세,상해없음,원동기,남,74세,중상
2015110100100238,2015년 11월 1일 12시,일요일,강원도 홍천군 두촌면,경상사고,0,0,1,0,차대차 - 추돌 - 진행중,안전운전불이행,건조,맑음,교차로 - 교차로부근,승용,남,22세,상해없음,승용,여,25세,경상
2015110100100258,2015년 11월 1일 13시,일요일,강원도 원주시 관설동,중상사고,0,1,0,0,차대차 - 측면직각충돌,안전운전불이행,건조,맑음,교차로 - 교차로안,승용,남,63세,상해없음,승용,여,47세,중상
2015110100100278,2015년 11월 1일 14시,일요일,강원도 강릉시 옥천동,중상사고,0,1,0,0,차대사람 - 기타,안전운전불이행,건조,맑음,단일로 - 기타,승용,남,47세,상해없음,보행자,여,68세,중상
2015110100100279,2015년 11월 1일 14시,일요일,강원도 인제군 인제읍,경상사고,0,0,1,0,차대차 - 측면직각충돌,안전운전불이행,건조,맑음,교차로 - 교차로안,승용,남,37세,상해없음,승용,여,33세,경상
2015110100100308,2015년 11월 1일 15시,일요일,강원도 횡성군 횡성읍,경상사고,0,0,3,0,차대차 - 측면직각충돌,안전운전불이행,건조,맑음,교차로 - 교차로부근,승용,여,51세,상해없음,승용,여,41세,경상