사고번호,사고일시,요일,시군구,사고내용,사망자수,중상자수,경상자수,부상신고자수,사고유형,법규위반,노면상태,기상상태,도로형태,가해운전자 차종,가해운전자 성별,가해운전자 연령,가해운전자 상해정도,피해운전자 차종,피해운전자 성별,피해운전자 연령,피해운전자 상해정도
2015110100100332,2015년 11월 1일 16시,일요일,강원도 홍천군 서면,경상사고,0,0,1,0,차대차 - 측면직각충돌,중앙선침범,건조,맑음,단일로 - 기타,승용,여,46세,상해없음,승용,남,41세,상해없음
2015110100100365,2015년 11월 1일 17시,일요일,강원도 강릉시 임당동,경상사고,0,0,1,0,차대차 - 측면직각충돌,안전운전불이행,건조,맑음,교차로 - 교차로안,승용,여,47세,상해없음,승용,남,58세,경상
2015110100100366,2015년 11월 1일 17시,일요일,강원도 원주시 단계동,경상사고,0,0,1,0,차대차 - 추돌 - 진행중,안전운전불이행,건조,흐림,교차로 - 교차로부근,승용,남,49세,상해없음,이륜,남,71세,경상
2015110100100403,2015년 11월 1일 18시,일요일,강원도 원주시 태장동,중상사고,0,1,5,0,차대차 - 추돌 - 진행중,안전거리미확보,건조,맑음,단일로 - 기타,승용,남,39세,상해없음,승합,여,47세,경상
2015110100100404,2015년 11월 1일 18시,일요일,강원도 원주시 소초면,경상사고,0,0,1,0,차대차 - 추돌 - 진행중,안전운전불이행,건조,맑음,단일로 - 기타,승용,남,27세,상해없음,건설기계,남,50세,경상
2015110100100405,2015년 11월 1일 18시,일요일,강원도 고성군 토성면,중상사고,0,1,2,0,차대차 - 정면충돌,신호위반,건조,맑음,교차로 - 교차로안,승용,남,32세,상해없음,승용,남,48세,경상
2015110100100406,2015년 11월 1일 18시,일요일,강원도 동해시 천곡동,경상사고,0,0,2,0,차대차 - 측면직각충돌,직진우회전진행방해,건조,맑음,교차로 - 교차로안,승용,여,32세,상해없음,승용,남,63세,경상
2015110100100451,2015년 11월 1일 19시,일요일,강원도 원주시 신림면,중상사고,0,1,0,0,차대차 - 측면직각충돌,안전운전불이행,건조,맑음,교차로 - 교차로안,화물,남,50세,상해없음,화물,남,61세,중상
2015110100100475,2015년 11월 1일 20시,일요일,강원도 홍천군 두촌면,경상사고,0,0,4,0,차대차 - 측면직각충돌,안전운전불이행,건조,맑음,단일로 - 기타,승용,여,54세,상해없음,승용,남,59세,경상
2015110100100502,2015년 11월 1일 21시,일요일,강원도 춘천시 퇴계동,경상사고,0,0,5,0,차대차 - 추돌 - 진행중,안전운전불이행,건조,맑음,단일로 - 기타,승용,여,45세,상해없음,승용,여,53세,경상
2015110100100503,2015년 11월 1일 21시,일요일,강원도 원주시 무실동,경상사고,0,0,2,0,차대차 - 추돌 - 진행중,안전거리미확보,건조,맑음,교차로 - 교차로부근,승용,남,41세,상해없음,승용,여,64세,경상
2015110100100532,2015년 11월 1일 22시,일요일,강원도 양구군 남면,경상사고,0,0,2,0,차대차 - 정면충돌,중앙선침범,건조,맑음,단일로 - 기타,화물,남,54세,상해없음,승합,남,48세,상해없음
2015110200100013,2015년 11월 2일 01시,월요일,강원도 원주시 단계동,경상사고,0,0,1,0,차대사람 - 기타,기타,건조,맑음,단일로 - 기타,승용,여,33세,상해없음,보행자,남,23세,경상
2015110200100026,2015년 11월 2일 03시,월요일,강원도 춘천시 후평동,경상사고,0,0,1,0,차대차 - 기타,안전운전불이행,건조,맑음,교차로 - 교차로부근,승용,남,35세,상해없음,승용,여,59세,경상
2015110200100084,2015년 11월 2일 07시,월요일,강원도 원주시 태장동,중상사고,0,1,0,0,차대차 - 측면직각충돌,신호위반,건조,맑음,교차로 - 교차로안,화물,남,60세,상해없음,화물,남,64세,중상
2015110200100085,2015년 11월 2일 07시,월요일,강원도 홍천군 서면,경상사고,0,0,5,0,차대차 - 정면충돌,안전운전불이행,건조,맑음,단일로 - 기타,승용,여,57세,상해없음,승용,남,60세,경상
2015110200100118,2015년 11월 2일 08시,월요일,강원도 춘천시 칠전동,경상사고,0,0,1,0,차대차 - 추돌 - 주정차중,안전운전불이행,건조,맑음,교차로 - 교차로부근,건설기계,남,63세,상해없음,화물,남,54세,경상
2015110200100119,2015년 11월 2일 08시,월요일,강원도 강릉시 회산동,경상사고,0,0,1,0,차대차 - 기타,안전운전불이행,건조,맑음,단일로 - 기타,승용,여,39세,상해없음,화물,남,49세,경상
2015110200100120,2015년 11월 2일 08시,월요일,강원도 원주시 단구동,중상사고,0,1,0,0,차대사람 - 횡단중,신호위반,건조,맑음,교차로 - 교차로안,승합,남,67세,상해없음,보행자,남,13세,중상
2015110200100121,2015년 11월 2일 08시,월요일,강원도 양양군 양양읍,경상사고,0,0,1,0,차대차 - 추돌 - 주정차중,안전운전불이행,건조,맑음,단일로 - 기타,승용,여,28세,상해없음,승용,여,28세,경상
2015110200100152,2015년 11월 2일 09시,월요일,강원도 강릉시 교동,경상사고,0,0,1,0,차대차 - 측면직각충돌,안전운전불이행,건조,맑음,교차로 - 교차로안,승용,여,40세,상해없음,승용,남,65세,경상
2015110200100153,2015년 11월 2일 09시,월요일,강원도 원주시 호저면,경상사고,0,0,1,0,차대차 - 추돌 - 진행중,안전운전불이행,건조,맑음,단일로 - 기타,화물,남,73세,상해없음,승용,여,52세,경상
2015110200100154,2015년 11월 2일 09시,월요일,강원도 정선군 정선읍,중상사고,0,1,0,0,차대사람 - 기타,안전운전불이행,건조,맑음,기타 - 기타,화물,남,58세,상해없음,보행자,남,75세,중상
2015110200100155,2015년 11월 2일 09시,월요일,강원도 횡성군 횡성읍,중상사고,0,1,4,0,차대차 - 측면직각충돌,신호위반,건조,맑음,교차로 - 교차로안,승용,여,66세,상해없음,승합,남,52세,경상
2015110200100191,2015년 11월 2일 10시,월요일,강원도 원주시 단구동,경상사고,0,0,1,0,차대차 - 기타,안전운전불이행,건조,맑음,교차로 - 교차로안,승용,남,48세,상해없음,승용,남,19세,경상
2015110200100192,2015년 11월 2일 10시,월요일,강원도 화천군 화천읍,경상사고,0,0,1,0,차대차 - 측면직각충돌,직진우회전진행방해,건조,맑음,교차로 - 교차로안,승용,남,59세,상해없음,승용,남,23세,경상
2015110200100222,2015년 11월 2일 11시,월요일,강원도 고성군 토성면,중상사고,0,1,1,0,차대차 - 추돌 - 주정차중,안전운전불이행,건조,맑음,교차로 - 교차로부근,승용,남,76세,상해없음,승용,남,30세,중상
2015110200100280,2015년 11월 2일 13시,월요일,강원도 원주시 무실동,경상사고,0,0,1,0,차대차 - 추돌 - 주정차중,안전거리미확보,건조,맑음,단일로 - 기타,승용,남,50세,상해없음,승용,남,50세,경상
2015110200100281,2015년 11월 2일 13시,월요일,강원도 정선군 정선읍,경상사고,0,0,1,0,차대차 - 추돌 - 진행중,안전운전불이행,건조,맑음,단일로 - 기타,승합,남,55세,상해없음,원동기,남,76세,경상
2015110200100349,2015년 11월 2일 15시,월요일,강원도 영월군 주천면,경상사고,0,0,1,0,차대차 - 측면직각충돌,기타,건조,맑음,교차로 - 교차로안,승용,여,39세,상해없음,승용,여,51세,경상
2015110200100380,2015년 11월 2일 16시,월요일,강원도 원주시 일산동,경상사고,0,0,1,0,차대차 - 측면직각충돌,안전운전불이행,건조,흐림,교차로 - 교차로안,승합,남,58세,상해없음,이륜,남,37세,경상
2015110200100422,2015년 11월 2일 17시,월요일,강원도 원주시 평원동,경상사고,0,0,2,0,차대차 - 측면직각충돌,안전운전불이행,건조,맑음,단일로 - 기타,승용,여,43세,상해없음,이륜,남,17세,경상
2015110200100423,2015년 11월 2일 17시,월요일,강원도 평창군 봉평면,중상사고,0,1,0,0,차대사람 - 횡단중,안전운전불이행,건조,맑음,단일로 - 기타,건설기계,남,37세,상해없음,보행자,여,85세,중상
2015110200100424,2015년 11월 2일 17시,월요일,강원도 동해시 효가동,경상사고,0,0,1,0,차대사람 - 길가장자리구역통행중,안전운전불이행,건조,맑음,교차로 - 교차로안,승용,남,49세,상해없음,보행자,남,60세,경상
2015110200100480,2015년 11월 2일 18시,월요일,강원도 춘천시 온의동,경상사고,0,0,3,0,차대차 - 추돌 - 진행중,안전운전불이행,건조,맑음,교차로 - 교차로안,승용,여,53세,상해없음,승용,여,44세,경상
2015110200100481,2015년 11월 2일 18시,월요일,강원도 원주시 소초면,경상사고,0,0,1,0,차대차 - 추돌 - 주정차중,안전운전불이행,건조,맑음,단일로 - 기타,승용,남,48세,상해없음,승용,여,34세,경상
2015110200100482,2015년 11월 2일 18시,월요일,강원도 홍천군 홍천읍,경상사고,0,0,1,0,차대차 - 측면직각충돌,중앙선침범,건조,맑음,단일로 - 기타,승용,여,50세,상해없음,이륜,남,21세,경상
2015110200100553,2015년 11월 2일 19시,월요일,강원도 강릉시 교동,경상사고,0,0,1,0,차대차 - 추돌 - 주정차중,안전운전불이행,건조,맑음,교차로 - 교차로부근,화물,여,54세,상해없음,승용,여,54세,경상
2015110200100587,2015년 11월 2일 20시,월요일,강원도 춘천시 퇴계동,경상사고,0,0,1,0,차대차 - 측면직각충돌,교차로운행방법위반,건조,맑음,교차로 - 교차로안,이륜,남,38세,상해없음,자전거,남,15세,경상
2015110200100624,2015년 11월 2일 21시,월요일,강원도 춘천시 효자동,경상사고,0,0,1,0,차대차 - 측면직각충돌,안전운전불이행,건조,맑음,교차로 - 교차로부근,승용,남,51세,기타불명,이륜,남,43세,경상
2015110200100625,2015년 11월 2일 21시,월요일,강원도 원주시 단구동,경상사고,0,0,2,0,차대차 - 기타,신호위반,건조,맑음,교차로 - 교차로안,화물,남,61세,상해없음,승용,남,57세,경상
2015110200100663,2015년 11월 2일 22시,월요일,강원도 속초시 동명동,경상사고,0,0,1,0,차대사람 - 기타,안전운전불이행,건조,맑음,단일로 - 기타,승합,남,62세,상해없음,보행자,남,45세,경상
2015110300100014,2015년 11월 3일 00시,화요일,강원도 원주시 단구동,경상사고,0,0,1,0,차대차 - 측면직각충돌,교차로운행방법위반,건조,맑음,교차로 - 교차로안,승용,남,18세,상해없음,승용,여,36세,경상
2015110300100091,2015년 11월 3일 07시,화요일,강원도 원주시 학성동,중상사고,0,2,0,0,차대차 - 측면직각충돌,교차로운행방법위반,건조,맑음,기타 - 기타,승용,남,58세,상해없음,승용,여,46세,중상
2015110300100137,2015년 11월 3일 08시,화요일,강원도 춘천시 사북면,경상사고,0,0,2,0,차대차 - 측면직각충돌,안전운전불이행,건조,맑음,단일로 - 기타,승용,여,38세,상해없음,승용,남,62세,경상
2015110300100138,2015년 11월 3일 08시,화요일,강원도 강릉시 지변동,경상사고,0,0,1,0,차대차 - 기타,안전운전불이행,건조,맑음,단일로 - 기타,승용,여,56세,상해없음,승용,여,36세,경상
2015110300100139,2015년 11월 3일 08시,화요일,강원도 원주시 흥업면,중상사고,0,2,5,0,차대차 - 측면직각충돌,신호위반,건조,맑음,교차로 - 교차로안,승합,남,69세,상해없음,승용,남,22세,경상
2015110300100140,2015년 11월 3일 08시,화요일,강원도 철원군 서면,경상사고,0,0,1,0,차대사람 - 횡단중,안전운전불이행,건조,맑음,교차로 - 교차로안,승용,여,57세,상해없음,보행자,여,72세,경상
2015110300100215,2015년 11월 3일 10시,화요일,강원도 강릉시 옥천동,경상사고,0,0,1,0,차대차 - 기타,안전운전불이행,건조,맑음,교차로 - 교차로부근,승용,남,78세,상해없음,자전거,남,60세,경상
2015110300100216,2015년 11월 3일 10시,화요일,강원도 강릉시 초당동,경상사고,0,0,1,0,차대차 - 추돌 - 주정차중,기타,습기,맑음,단일로 - 기타,승용,여,57세,상해없음,승용,남,35세,경상
2015110300100255,2015년 11월 3일 11시,화요일,강원도 원주시 무실동,중상사고,0,1,0,0,차대차 - 추돌 - 주정차중,안전운전불이행,건조,맑음,기타 - 기타,승용,남,51세,상해없음,승용,여,55세,중상
2015110300100256,2015년 11월 3일 11시,화요일,강원도 원주시 개운동,경상사고,0,0,1,0,차대차 - 추돌 - 진행중,안전운전불이행,건조,맑음,교차로 - 교차로부근,승용,남,57세,기타불명,승용,남,62세,상해없음
2015110300100257,2015년 11월 3일 11시,화요일,강원도 삼척시 남양동,중상사고,0,1,0,0,차대차 - 측면직각충돌,신호위반,건조,맑음,교차로 - 교차로안,승용,남,58세,기타불명,화물,남,83세,중상
2015110300100258,2015년 11월 3일 11시,화요일,강원도 홍천군 두촌면,중상사고,0,1,0,0,차대차 - 측면직각충돌,안전운전불이행,건조,맑음,단일로 - 기타,이륜,남,17세,중상,승용,남,69세,상해없음
2015110300100289,2015년 11월 3일 12시,화요일,강원도 춘천시 효자동,경상사고,0,0,2,0,차대차 - 측면직각충돌,안전운전불이행,건조,맑음,교차로 - 교차로안,이륜,여,47세,상해없음,화물,남,36세,경상
2015110300100309,2015년 11월 3일 13시,화요일,강원도 춘천시 퇴계동,중상사고,0,1,0,0,차대차 - 추돌 - 주정차중,안전운전불이행,건조,맑음,교차로 - 교차로부근,승용,여,38세,상해없음,승용,여,40세,중상
2015110300100348,2015년 11월 3일 14시,화요일,강원도 영월군 영월읍,중상사고,0,1,1,0,차대차 - 정면충돌,중앙선침범,건조,맑음,교차로 - 교차로부근,승용,남,36세,상해없음,승용,남,57세,중상
2015110300100377,2015년 11월 3일 15시,화요일,강원도 원주시 중앙동,중상사고,0,1,1,0,차대차 - 추돌 - 진행중,신호위반,습기,맑음,교차로 - 교차로안,특수,남,35세,상해없음,승용,남,48세,중상
2015110300100378,2015년 11월 3일 15시,화요일,강원도 원주시 학성동,중상사고,0,1,0,0,차대차 - 기타,중앙선침범,건조,맑음,단일로 - 기타,기타불명,기타불명,기타불명,기타불명,승용,남,29세,중상
2015110300100379,2015년 11월 3일 15시,화요일,강원도 동해시 이도동,경상사고,0,0,3,0,차대차 - 측면직각충돌,안전운전불이행,건조,맑음,단일로 - 기타,화물,남,68세,상해없음,승용,남,54세,경상
2015110300100409,2015년 11월 3일 16시,화요일,강원도 춘천시 삼천동,중상사고,0,1,0,0,차대사람 - 횡단중,안전운전불이행,건조,맑음,교차로 - 교차로부근,승용,여,36세,상해없음,보행자,여,68세,중상
2015110300100410,2015년 11월 3일 16시,화요일,강원도 홍천군 홍천읍,경상사고,0,0,2,0,차대차 - 측면직각충돌,차로위반,건조,맑음,단일로 - 기타,승용,여,51세,상해없음,승용,남,26세,경상
2015110300100411,2015년 11월 3일 16시,화요일,강원도 정선군 여량면,경상사고,0,0,1,0,차대차 - 정면충돌,중앙선침범,건조,맑음,단일로 - 기타,승용,여,43세,상해없음,화물,남,48세,경상
2015110300100455,2015년 11월 3일 17시,화요일,강원도 강릉시 성남동,경상사고,0,0,1,0,차대차 - 추돌 - 주정차중,안전운전불이행,건조,맑음,단일로 - 기타,승용,남,52세,상해없음,원동기,여,26세,경상
2015110300100456,2015년 11월 3일 17시,화요일,강원도 홍천군 홍천읍,경상사고,0,0,1,0,차대차 - 측면직각충돌,교차로운행방법위반,건조,흐림,교차로 - 교차로안,화물,남,66세,상해없음,화물,남,60세,경상
2015110300100457,2015년 11월 3일 17시,화요일,강원도 태백시 장성동,중상사고,0,1,0,0,차대사람 - 차도통행중,안전운전불이행,건조,맑음,교차로 - 교차로안,승용,남,72세,상해없음,보행자,여,13세,중상
2015110300100458,2015년 11월 3일 17시,화요일,강원도 동해시 구미동,경상사고,0,0,1,0,차대사람 - 횡단중,보행자보호의무위반,건조,맑음,단일로 - 기타,건설기계,남,58세,상해없음,보행자,여,81세,경상
2015110300100514,2015년 11월 3일 18시,화요일,강원도 춘천시 효자동,경상사고,0,0,1,0,차대사람 - 차도통행중,안전운전불이행,건조,맑음,단일로 - 기타,승용,남,44세,상해없음,보행자,남,60세,경상
2015110300100515,2015년 11월 3일 18시,화요일,강원도 원주시 개운동,경상사고,0,0,3,0,차대차 - 추돌 - 진행중,안전운전불이행,건조,기타,기타 - 기타,승용,여,42세,상해없음,승용,남,43세,경상
2015110400100092,2015년 11월 4일 06시,수요일,강원도 춘천시 퇴계동,중상사고,0,2,0,0,차대차 - 측면직각충돌,신호위반,건조,맑음,교차로 - 교차로안,화물,남,40세,상해없음,승용,남,48세,중상
2015110400100093,2015년 11월 4일 06시,수요일,강원도 춘천시 석사동,중상사고,0,1,0,0,차대차 - 측면직각충돌,직진우회전진행방해,건조,맑음,교차로 - 교차로안,승용,남,57세,상해없음,승용,여,54세,중상
2015110400100120,2015년 11월 4일 07시,수요일,강원도 강릉시 유산동,경상사고,0,0,3,0,차대차 - 정면충돌,중앙선침범,건조,맑음,단일로 - 기타,화물,남,69세,상해없음,승합,남,43세,경상
2015110400100121,2015년 11월 4일 07시,수요일,강원도 원주시 무실동,중상사고,0,1,1,0,차대차 - 추돌 - 진행중,안전거리미확보,건조,흐림,단일로 - 기타,승용,여,51세,중상,승용,남,46세,경상
2015110400100122,2015년 11월 4일 07시,수요일,강원도 원주시 신림면,경상사고,0,0,2,0,차대차 - 측면직각충돌,직진우회전진행방해,습기,맑음,교차로 - 교차로안,화물,남,70세,상해없음,화물,남,53세,경상
2015110400100151,2015년 11월 4일 08시,수요일,강원도 강릉시 노암동,경상사고,0,0,1,0,차대차 - 측면직각충돌,안전운전불이행,건조,맑음,교차로 - 교차로안,승합,남,54세,상해없음,승합,남,74세,경상
2015110400100152,2015년 11월 4일 08시,수요일,강원도 태백시 문곡동,경상사고,0,0,1,0,차대차 - 추돌 - 진행중,안전운전불이행,건조,맑음,단일로 - 기타,승용,남,30세,상해없음,승용,남,34세,경상
2015110400100153,2015년 11월 4일 08시,수요일,강원도 동해시 부곡동,중상사고,0,1,0,0,차대차 - 측면직각충돌,안전운전불이행,건조,맑음,단일로 - 기타,승용,남,74세,상해없음,원동기,남,73세,중상
2015110400100195,2015년 11월 4일 09시,수요일,강원도 강릉시 노암동,경상사고,0,0,3,0,차대차 - 측면직각충돌,신호위반,건조,맑음,교차로 - 교차로안,건설기계,남,52세,상해없음,승용,남,31세,경상
2015110400100196,2015년 11월 4일 09시,수요일,강원도 영월군 영월읍,중상사고,0,1,0,0,차대차 - 정면충돌,교차로운행방법위반,습기,안개,교차로 - 교차로안,승용,남,27세,상해없음,이륜,남,74세,중상
2015110400100236,2015년 11월 4일 10시,수요일,강원도 홍천군 화촌면,중상사고,0,1,0,0,차대차 - 측면직각충돌,안전거리미확보,건조,맑음,단일로 - 기타,승용,남,47세,상해없음,이륜,남,40세,중상
2015110400100271,2015년 11월 4일 11시,수요일,강원도 속초시 대포동,중상사고,0,1,2,0,차대차 - 추돌 - 진행중,안전운전불이행,건조,맑음,교차로 - 교차로안,승합,남,52세,상해없음,승용,여,55세,중상
2015110400100272,2015년 11월 4일 11시,수요일,강원도 양양군 양양읍,중상사고,0,1,0,0,차량단독 - 기타,안전운전불이행,건조,맑음,단일로 - 기타,승합,남,43세,상해없음,,,,
2015110400100313,2015년 11월 4일 12시,수요일,강원도 원주시 일산동,경상사고,0,0,3,0,차대차 - 측면직각충돌,직진우회전진행방해,건조,맑음,교차로 - 교차로안,화물,남,82세,기타불명,승용,남,39세,경상
2015110400100337,2015년 11월 4일 13시,수요일,강원도 강릉시 주문진읍,중상사고,0,1,1,0,차대차 - 정면충돌,안전운전불이행,건조,맑음,단일로 - 기타,승용,남,42세,상해없음,농기계,남,59세,경상
2015110400100338,2015년 11월 4일 13시,수요일,강원도 속초시 교동,중상사고,0,1,3,0,차대차 - 측면직각충돌,교차로운행방법위반,건조,맑음,교차로 - 교차로안,승용,남,70세,상해없음,승용,남,31세,중상
2015110400100377,2015년 11월 4일 14시,수요일,강원도 춘천시 퇴계동,중상사고,0,1,0,0,차대사람 - 횡단중,안전운전불이행,건조,맑음,단일로 - 기타,승용,남,57세,상해없음,보행자,여,79세,중상
2015110400100378,2015년 11월 4일 14시,수요일,강원도 원주시 인동,경상사고,0,0,1,0,차대차 - 측면직각충돌,안전거리미확보,건조,맑음,교차로 - 교차로부근,화물,남,54세,상해없음,승용,남,66세,경상
2015110400100409,2015년 11월 4일 15시,수요일,강원도 횡성군 횡성읍,경상사고,0,0,1,0,차대차 - 측면직각충돌,안전운전불이행,건조,맑음,단일로 - 기타,승용,여,50세,상해없음,승용,여,39세,경상
2015110400100445,2015년 11월 4일 16시,수요일,강원도 춘천시 석사동,경상사고,0,0,1,0,차대차 - 측면직각충돌,안전운전불이행,건조,맑음,단일로 - 기타,승용,여,52세,상해없음,승용,남,22세,경상
2015110400100494,2015년 11월 4일 17시,수요일,강원도 평창군 진부면,중상사고,0,1,0,0,차대차 - 정면충돌,중앙선침범,건조,맑음,단일로 - 기타,화물,남,53세,상해없음,승용,남,38세,중상
2015110400100551,2015년 11월 4일 18시,수요일,강원도 춘천시 후평동,중상사고,0,1,0,0,차대사람 - 횡단중,안전운전불이행,건조,맑음,교차로 - 교차로안,승용,여,28세,상해없음,보행자,여,62세,중상
2015110400100552,2015년 11월 4일 18시,수요일,강원도 강릉시 교동,경상사고,0,0,1,0,차대차 - 측면직각충돌,안전운전불이행,건조,맑음,기타 - 기타,승합,여,39세,상해없음,승용,여,28세,경상
2015110400100553,2015년 11월 4일 18시,수요일,강원도 원주시 명륜동,경상사고,0,0,1,0,차대차 - 추돌 - 진행중,안전운전불이행,건조,맑음,단일로 - 기타,승용,여,56세,상해없음,자전거,남,18세,경상
2015110400100554,2015년 11월 4일 18시,수요일,강원도 태백시 황지동,부상신고사고,0,0,0,2,차대차 - 기타,안전운전불이행,건조,맑음,단일로 - 기타,승용,남,61세,상해없음,승용,남,19세,부상신고
2015110400100650,2015년 11월 4일 20시,수요일,강원도 삼척시 남양동,경상사고,0,0,1,0,차대차 - 측면직각충돌,신호위반,건조,맑음,교차로 - 교차로안,승용,남,57세,상해없음,승용,여,43세,경상
2015110400100704,2015년 11월 4일 22시,수요일,강원도 고성군 거진읍,경상사고,0,0,1,0,차대차 - 측면직각충돌,신호위반,건조,맑음,교차로 - 교차로안,승용,남,48세,상해없음,승용,여,54세,경상
2015110500100022,2015년 11월 5일 01시,목요일,강원도 평창군 용평면,중상사고,0,1,1,0,차대차 - 추돌 - 진행중,안전운전불이행,건조,맑음,단일로 - 기타,화물,남,58세,중상,화물,남,52세,경상
2015110500100121,2015년 11월 5일 08시,목요일,강원도 양양군 손양면,중상사고,0,1,0,0,차량단독 - 전도전복,안전운전불이행,건조,흐림,단일로 - 기타,화물,여,58세,중상,,,,
2015110500100122,2015년 11월 5일 08시,목요일,강원도 삼척시 도계읍,경상사고,0,0,2,0,차대차 - 추돌 - 주정차중,안전운전불이행,건조,맑음,단일로 - 기타,승용,여,32세,상해없음,승용,여,47세,경상
2015110500100151,2015년 11월 5일 09시,목요일,강원도 원주시 가현동,경상사고,0,0,1,0,차대사람 - 기타,안전운전불이행,건조,맑음,단일로 - 기타,승용,여,59세,상해없음,보행자,남,58세,경상
2015110500100152,2015년 11월 5일 09시,목요일,강원도 삼척시 정상동,경상사고,0,0,2,0,차대차 - 추돌 - 주정차중,안전거리미확보,건조,맑음,교차로 - 교차로부근,승용,남,55세,상해없음,승용,남,61세,경상
2015110500100184,2015년 11월 5일 10시,목요일,강원도 동해시 발한동,경상사고,0,0,1,0,차대차 - 측면직각충돌,안전운전불이행,건조,맑음,단일로 - 기타,승용,여,47세,상해없음,화물,남,42세,경상
2015110500100186,2015년 11월 5일 10시,목요일,강원도 춘천시 남면,경상사고,0,0,2,0,차대차 - 추돌 - 진행중,안전운전불이행,건조,맑음,단일로 - 터널,승용,남,40세,상해없음,승용,여,29세,경상
2015110500100246,2015년 11월 5일 12시,목요일,강원도 춘천시 운교동,경상사고,0,0,2,0,차대차 - 추돌 - 진행중,차로위반,건조,맑음,단일로 - 기타,승용,남,34세,상해없음,승용,여,30세,경상
2015110500100247,2015년 11월 5일 12시,목요일,강원도 강릉시 성남동,경상사고,0,0,2,0,차대차 - 측면직각충돌,안전운전불이행,건조,맑음,교차로 - 교차로안,화물,여,54세,상해없음,승합,남,28세,경상
2015110500100273,2015년 11월 5일 13시,목요일,강원도 원주시 평원동,경상사고,0,0,1,0,차대차 - 정면충돌,안전운전불이행,건조,맑음,교차로 - 교차로안,승용,남,39세,상해없음,승용,여,40세,경상
2015110500100304,2015년 11월 5일 14시,목요일,강원도 강릉시 안현동,경상사고,0,0,3,0,차대차 - 추돌 - 주정차중,안전운전불이행,건조,맑음,교차로 - 교차로안,승용,남,28세,상해없음,승용,여,35세,경상
2015110500100334,2015년 11월 5일 15시,목요일,강원도 춘천시 퇴계동,경상사고,0,0,1,0,차대차 - 정면충돌,교차로운행방법위반,건조,맑음,교차로 - 교차로부근,승용,남,49세,상해없음,이륜,남,46세,경상
2015110500100335,2015년 11월 5일 15시,목요일,강원도 춘천시 동내면,경상사고,0,0,2,0,차대사람 - 차도통행중,안전운전불이행,건조,맑음,단일로 - 기타,승용,남,58세,상해없음,보행자,여,7세,경상
2015110500100383,2015년 11월 5일 16시,목요일,강원도 강릉시 옥계면,경상사고,0,0,1,0,차량단독 - 공작물충돌,안전운전불이행,건조,맑음,단일로 - 기타,화물,여,57세,상해없음,,,,
2015110500100384,2015년 11월 5일 16시,목요일,강원도 화천군 화천읍,사망사고,1,0,0,0,차량단독 - 공작물충돌,안전운전불이행,건조,맑음,단일로 - 기타,승용,여,55세,사망,,,,
2015110500100472,2015년 11월 5일 18시,목요일,강원도 평창군 진부면,중상사고,0,1,0,0,차대차 - 측면직각충돌,안전운전불이행,건조,맑음,교차로 - 교차로안,화물,남,58세,상해없음,승용,남,43세,중상
2015110500100473,2015년 11월 5일 18시,목요일,강원도 태백시 장성동,경상사고,0,0,2,0,차대차 - 기타,교차로운행방법위반,건조,맑음,교차로 - 교차로부근,승용,남,46세,상해없음,승용,남,61세,경상
2015110500100474,2015년 11월 5일 18시,목요일,강원도 원주시 호저면,경상사고,0,0,1,0,차대차 - 추돌 - 진행중,안전운전불이행,건조,흐림,단일로 - 기타,승용,남,66세,상해없음,승용,남,49세,경상
2015110500100526,2015년 11월 5일 19시,목요일,강원도 원주시 무실동,경상사고,0,0,1,0,차대차 - 측면직각충돌,교차로운행방법위반,건조,맑음,교차로 - 교차로안,승용,여,44세,상해없음,화물,남,58세,경상
2015110500100527,2015년 11월 5일 19시,목요일,강원도 홍천군 북방면,중상사고,0,1,0,0,차대차 - 추돌 - 주정차중,안전운전불이행,건조,맑음,단일로 - 기타,승용,남,56세,중상,화물,남,47세,기타불명
2015110500100558,2015년 11월 5일 20시,목요일,강원도 강릉시 홍제동,경상사고,0,0,1,0,차대차 - 측면직각충돌,신호위반,건조,흐림,교차로 - 교차로안,승용,여,37세,상해없음,승용,남,41세,경상
2015110500100559,2015년 11월 5일 20시,목요일,강원도 홍천군 홍천읍,경상사고,0,0,1,0,차대차 - 측면직각충돌,직진우회전진행방해,건조,맑음,교차로 - 교차로안,승용,남,64세,상해없음,이륜,남,25세,경상
2015110500100639,2015년 11월 5일 22시,목요일,강원도 춘천시 퇴계동,경상사고,0,0,2,0,차대차 - 추돌 - 주정차중,안전운전불이행,건조,맑음,단일로 - 기타,승용,남,32세,상해없음,승용,여,28세,경상
2015110500100640,2015년 11월 5일 22시,목요일,강원도 강릉시 내곡동,경상사고,0,0,1,0,차대차 - 측면직각충돌,안전운전불이행,건조,맑음,교차로 - 교차로안,원동기,남,20세,상해없음,승용,남,22세,상해없음
2015110600100009,2015년 11월 6일 00시,금요일,강원도 강릉시 교동,경상사고,0,0,2,0,차대차 - 기타,안전운전불이행,건조,흐림,교차로 - 교차로부근,원동기,남,40세,상해없음,승용,남,53세,경상
2015110600100010,2015년 11월 6일 00시,금요일,강원도 원주시 우산동,경상사고,0,0,3,0,차대차 - 추돌 - 주정차중,안전운전불이행,건조,맑음,단일로 - 기타,승용,남,48세,상해없음,승용,남,41세,경상