사고번호,사고일시,요일,시군구,사고내용,사망자수,중상자수,경상자수,부상신고자수,사고유형,법규위반,노면상태,기상상태,도로형태,가해운전자 차종,가해운전자 성별,가해운전자 연령,가해운전자 상해정도,피해운전자 차종,피해운전자 성별,피해운전자 연령,피해운전자 상해정도
2015110900100334,2015년 11월 9일 12시,월요일,강원도 홍천군 홍천읍,중상사고,0,1,0,0,차대사람 - 길가장자리구역통행중,안전운전불이행,건조,맑음,단일로 - 기타,화물,남,42세,상해없음,보행자,여,81세,중상
2015110900100378,2015년 11월 9일 14시,월요일,강원도 춘천시 석사동,경상사고,0,0,1,0,차대차 - 기타,교차로운행방법위반,건조,맑음,교차로 - 교차로안,승용,남,45세,상해없음,원동기,남,36세,경상
2015110900100406,2015년 11월 9일 15시,월요일,강원도 삼척시 도계읍,중상사고,0,1,1,0,차대차 - 측면직각충돌,중앙선침범,습기,비,단일로 - 기타,승용,남,34세,경상,승용,남,57세,중상
2015110900100438,2015년 11월 9일 16시,월요일,강원도 원주시 단구동,경상사고,0,0,1,0,차대차 - 기타,차로위반,습기,비,교차로 - 교차로부근,승용,남,55세,상해없음,승용,남,47세,경상
2015110900100439,2015년 11월 9일 16시,월요일,강원도 삼척시 도계읍,경상사고,0,0,1,0,차대차 - 정면충돌,중앙선침범,습기,비,단일로 - 기타,승용,남,46세,상해없음,승용,남,46세,경상
2015110900100484,2015년 11월 9일 17시,월요일,강원도 속초시 조양동,사망사고,1,0,0,0,차대사람 - 기타,안전운전불이행,습기,비,교차로 - 교차로안,화물,남,59세,상해없음,보행자,여,64세,사망
2015110900100485,2015년 11월 9일 17시,월요일,강원도 속초시 교동,중상사고,0,1,0,0,차대차 - 측면직각충돌,신호위반,습기,비,교차로 - 교차로안,승용,남,46세,상해없음,승용,남,60세,상해없음
2015110900100542,2015년 11월 9일 18시,월요일,강원도 원주시 태장동,경상사고,0,0,1,0,차대차 - 측면직각충돌,차로위반,건조,맑음,단일로 - 기타,승용,여,49세,상해없음,승합,남,46세,경상
2015110900100543,2015년 11월 9일 18시,월요일,강원도 원주시 소초면,경상사고,0,0,1,0,차대차 - 추돌 - 주정차중,안전거리미확보,건조,맑음,단일로 - 기타,화물,남,43세,상해없음,승용,여,46세,경상
2015110900100544,2015년 11월 9일 18시,월요일,강원도 동해시 천곡동,중상사고,0,1,0,0,차대사람 - 횡단중,보행자보호의무위반,건조,맑음,단일로 - 횡단보도상,승용,여,42세,상해없음,보행자,남,21세,중상
2015110900100600,2015년 11월 9일 19시,월요일,강원도 춘천시 후평동,경상사고,0,0,1,0,차대차 - 기타,직진우회전진행방해,습기,비,교차로 - 교차로안,승용,여,45세,상해없음,이륜,남,44세,경상
2015110900100601,2015년 11월 9일 19시,월요일,강원도 춘천시 효자동,경상사고,0,0,1,0,차대차 - 추돌 - 진행중,안전운전불이행,습기,비,교차로 - 교차로부근,승용,남,63세,상해없음,승용,남,30세,경상
2015110900100602,2015년 11월 9일 19시,월요일,강원도 원주시 개운동,중상사고,0,1,0,0,차대사람 - 기타,보행자보호의무위반,습기,비,단일로 - 기타,화물,남,54세,상해없음,보행자,남,43세,중상
2015110900100695,2015년 11월 9일 22시,월요일,강원도 춘천시 퇴계동,경상사고,0,0,2,0,차대차 - 추돌 - 주정차중,안전운전불이행,건조,맑음,단일로 - 기타,승용,남,51세,상해없음,승용,남,70세,경상
2015110900100696,2015년 11월 9일 22시,월요일,강원도 원주시 무실동,중상사고,0,1,1,0,차대차 - 정면충돌,신호위반,습기,맑음,교차로 - 교차로안,화물,남,30세,상해없음,승용,남,42세,중상
2015110900100697,2015년 11월 9일 22시,월요일,강원도 원주시 단구동,경상사고,0,0,2,0,차대차 - 기타,신호위반,건조,맑음,교차로 - 교차로안,승용,남,44세,상해없음,승용,남,58세,경상
2015111000100006,2015년 11월 10일 00시,화요일,강원도 강릉시 교동,경상사고,0,0,1,0,차대차 - 추돌 - 진행중,안전운전불이행,건조,맑음,단일로 - 기타,승용,남,39세,상해없음,이륜,남,34세,경상
2015111000100054,2015년 11월 10일 04시,화요일,강원도 원주시 우산동,경상사고,0,0,1,0,차대차 - 측면직각충돌,안전거리미확보,건조,맑음,교차로 - 교차로부근,화물,남,66세,상해없음,승용,남,28세,경상
2015111000100078,2015년 11월 10일 06시,화요일,강원도 원주시 봉산동,중상사고,0,1,0,0,차대차 - 추돌 - 진행중,안전거리미확보,건조,맑음,교차로 - 교차로부근,승합,남,29세,상해없음,이륜,여,55세,중상
2015111000100103,2015년 11월 10일 07시,화요일,강원도 원주시 관설동,경상사고,0,0,2,0,차대차 - 추돌 - 진행중,안전운전불이행,건조,맑음,기타 - 기타,승용,남,55세,경상,승용,여,55세,경상
2015111000100145,2015년 11월 10일 08시,화요일,강원도 원주시 무실동,부상신고사고,0,0,0,1,차대사람 - 횡단중,보행자보호의무위반,건조,맑음,단일로 - 횡단보도상,기타불명,기타불명,기타불명,기타불명,보행자,여,10세,부상신고
2015111000100180,2015년 11월 10일 09시,화요일,강원도 춘천시 효자동,경상사고,0,0,1,0,차대사람 - 횡단중,안전운전불이행,건조,맑음,단일로 - 기타,승용,여,57세,상해없음,보행자,여,56세,경상
2015111000100207,2015년 11월 10일 10시,화요일,강원도 원주시 태장동,경상사고,0,0,2,0,차대차 - 기타,안전운전불이행,건조,맑음,단일로 - 기타,화물,남,28세,상해없음,화물,남,65세,경상
2015111000100208,2015년 11월 10일 10시,화요일,강원도 화천군 화천읍,경상사고,0,0,1,1,차대차 - 측면직각충돌,안전운전불이행,건조,맑음,교차로 - 교차로안,화물,남,60세,경상,화물,남,23세,부상신고
2015111000100244,2015년 11월 10일 11시,화요일,강원도 원주시 단계동,중상사고,0,1,1,0,차대차 - 측면직각충돌,안전운전불이행,건조,맑음,단일로 - 기타,화물,남,39세,상해없음,승용,여,53세,중상
2015111000100264,2015년 11월 10일 12시,화요일,강원도 춘천시 퇴계동,중상사고,0,1,0,0,차대차 - 추돌 - 주정차중,안전운전불이행,건조,맑음,단일로 - 기타,승용,여,50세,상해없음,이륜,남,31세,중상
2015111000100265,2015년 11월 10일 12시,화요일,강원도 강릉시 내곡동,경상사고,0,0,1,0,차대사람 - 횡단중,안전운전불이행,건조,흐림,단일로 - 기타,승용,남,24세,상해없음,보행자,여,22세,경상
2015111000100266,2015년 11월 10일 12시,화요일,강원도 원주시 단계동,중상사고,0,1,0,0,차대차 - 측면직각충돌,안전운전불이행,건조,맑음,단일로 - 기타,화물,남,55세,상해없음,승용,여,42세,중상
2015111000100267,2015년 11월 10일 12시,화요일,강원도 홍천군 홍천읍,중상사고,0,1,0,0,차대사람 - 횡단중,과속,건조,맑음,단일로 - 기타,승합,남,49세,상해없음,보행자,남,84세,중상
2015111000100292,2015년 11월 10일 13시,화요일,강원도 삼척시 갈천동,경상사고,0,0,3,0,차대차 - 추돌 - 진행중,안전거리미확보,건조,맑음,교차로 - 교차로부근,화물,남,34세,상해없음,화물,남,48세,경상
2015111000100322,2015년 11월 10일 14시,화요일,강원도 춘천시 퇴계동,경상사고,0,0,1,0,차대차 - 측면직각충돌,신호위반,건조,맑음,교차로 - 교차로안,승용,남,21세,상해없음,승용,남,58세,경상
2015111000100323,2015년 11월 10일 14시,화요일,강원도 춘천시 사농동,중상사고,0,2,4,0,차대차 - 추돌 - 주정차중,안전운전불이행,건조,맑음,단일로 - 기타,승용,남,23세,상해없음,승용,남,53세,중상
2015111000100324,2015년 11월 10일 14시,화요일,강원도 동해시 대진동,중상사고,0,1,1,0,차대차 - 측면직각충돌,직진우회전진행방해,건조,맑음,교차로 - 교차로안,승용,남,61세,상해없음,승용,남,63세,중상
2015111000100386,2015년 11월 10일 16시,화요일,강원도 강릉시 난곡동,경상사고,0,0,1,0,차대차 - 측면직각충돌,안전운전불이행,건조,맑음,교차로 - 교차로부근,승용,여,55세,상해없음,승용,여,37세,경상
2015111000100387,2015년 11월 10일 16시,화요일,강원도 동해시 용정동,경상사고,0,0,2,0,차대차 - 추돌 - 진행중,안전거리미확보,건조,맑음,교차로 - 교차로부근,승용,남,63세,상해없음,승용,남,28세,경상
2015111000100433,2015년 11월 10일 17시,화요일,강원도 춘천시 남면,중상사고,0,1,0,0,차대차 - 추돌 - 진행중,안전운전불이행,건조,맑음,단일로 - 기타,승합,남,56세,상해없음,농기계,여,71세,중상
2015111000100478,2015년 11월 10일 18시,화요일,강원도 원주시 문막읍,경상사고,0,0,5,0,차대차 - 추돌 - 진행중,안전운전불이행,건조,맑음,기타 - 기타,승용,남,50세,상해없음,승용,남,44세,경상
2015111000100479,2015년 11월 10일 18시,화요일,강원도 원주시 흥업면,경상사고,0,0,1,0,차대차 - 추돌 - 진행중,안전운전불이행,건조,맑음,교차로 - 교차로안,승용,여,29세,상해없음,승용,여,26세,경상
2015111000100480,2015년 11월 10일 18시,화요일,강원도 고성군 죽왕면,경상사고,0,0,1,0,차대차 - 추돌 - 진행중,안전운전불이행,습기,비,단일로 - 기타,화물,남,44세,상해없음,농기계,남,71세,경상
2015111000100481,2015년 11월 10일 18시,화요일,강원도 동해시 이로동,중상사고,0,1,0,0,차대사람 - 횡단중,보행자보호의무위반,건조,흐림,단일로 - 기타,승용,남,61세,상해없음,보행자,남,70세,중상
2015111100100009,2015년 11월 11일 00시,수요일,강원도 평창군 대관령면,중상사고,0,1,1,0,차대차 - 추돌 - 진행중,안전운전불이행,건조,흐림,단일로 - 기타,승용,남,55세,경상,화물,여,42세,중상
2015111100100023,2015년 11월 11일 01시,수요일,강원도 원주시 단계동,경상사고,0,0,1,0,차대차 - 측면직각충돌,교차로운행방법위반,건조,맑음,교차로 - 교차로안,승합,남,52세,상해없음,승용,여,60세,경상
2015111100100057,2015년 11월 11일 04시,수요일,강원도 강릉시 포남동,경상사고,0,0,1,0,차대차 - 측면직각충돌,신호위반,건조,맑음,교차로 - 교차로안,승용,남,62세,상해없음,승용,여,56세,경상
2015111100100065,2015년 11월 11일 05시,수요일,강원도 춘천시 후평동,경상사고,0,0,1,0,차대차 - 측면직각충돌,교차로운행방법위반,건조,맑음,교차로 - 교차로안,승용,남,81세,상해없음,자전거,남,49세,경상
2015111100100066,2015년 11월 11일 05시,수요일,강원도 원주시 단구동,중상사고,0,1,2,0,차대차 - 측면직각충돌,교차로운행방법위반,습기,안개,교차로 - 교차로안,승용,남,73세,경상,승용,남,38세,경상
2015111100100106,2015년 11월 11일 07시,수요일,강원도 춘천시 퇴계동,경상사고,0,0,1,0,차대차 - 측면직각충돌,신호위반,건조,맑음,교차로 - 교차로안,승용,남,53세,상해없음,승용,여,28세,경상
2015111100100150,2015년 11월 11일 08시,수요일,강원도 춘천시 근화동,경상사고,0,0,2,0,차대차 - 기타,안전운전불이행,건조,맑음,교차로 - 교차로안,승합,남,70세,상해없음,승용,여,47세,경상
2015111100100151,2015년 11월 11일 08시,수요일,강원도 삼척시 오분동,경상사고,0,0,1,0,차대차 - 기타,안전거리미확보,건조,흐림,교차로 - 교차로부근,건설기계,남,53세,상해없음,승용,남,36세,경상
2015111100100184,2015년 11월 11일 09시,수요일,강원도 춘천시 동내면,중상사고,0,1,0,0,차대차 - 측면직각충돌,안전운전불이행,건조,맑음,교차로 - 교차로안,승용,남,57세,상해없음,자전거,남,77세,중상
2015111100100185,2015년 11월 11일 09시,수요일,강원도 홍천군 동면,경상사고,0,0,2,0,차대차 - 측면직각충돌,직진우회전진행방해,건조,맑음,교차로 - 교차로안,승용,남,76세,경상,승용,남,59세,상해없음
2015111100100207,2015년 11월 11일 10시,수요일,강원도 춘천시 효자동,중상사고,0,1,0,0,차대차 - 측면직각충돌,안전운전불이행,건조,맑음,교차로 - 교차로안,화물,남,43세,상해없음,자전거,여,53세,중상
2015111100100208,2015년 11월 11일 10시,수요일,강원도 원주시 태장동,경상사고,0,0,1,0,차대차 - 기타,불법유턴,건조,맑음,단일로 - 기타,승용,남,27세,기타불명,승용,여,38세,경상
2015111100100279,2015년 11월 11일 12시,수요일,강원도 춘천시 석사동,중상사고,0,1,0,0,차대차 - 측면직각충돌,안전운전불이행,건조,맑음,교차로 - 교차로부근,승용,여,52세,상해없음,자전거,남,66세,중상
2015111100100301,2015년 11월 11일 13시,수요일,강원도 원주시 인동,경상사고,0,0,2,0,차대차 - 추돌 - 진행중,안전거리미확보,건조,맑음,단일로 - 기타,승용,남,32세,경상,승합,남,54세,상해없음
2015111100100331,2015년 11월 11일 14시,수요일,강원도 춘천시 우두동,중상사고,0,1,0,0,차대사람 - 길가장자리구역통행중,안전운전불이행,건조,맑음,단일로 - 기타,승용,남,46세,상해없음,보행자,여,74세,중상
2015111100100332,2015년 11월 11일 14시,수요일,강원도 원주시 문막읍,경상사고,0,0,1,0,차대차 - 측면직각충돌,신호위반,건조,맑음,교차로 - 교차로안,승용,남,25세,상해없음,승용,여,54세,경상
2015111100100373,2015년 11월 11일 15시,수요일,강원도 강릉시 옥천동,중상사고,0,1,8,2,차량단독 - 공작물충돌,안전운전불이행,습기,비,단일로 - 기타,승합,남,45세,상해없음,,,,
2015111100100374,2015년 11월 11일 15시,수요일,강원도 삼척시 남양동,경상사고,0,0,1,0,차대차 - 측면직각충돌,안전운전불이행,건조,흐림,교차로 - 교차로부근,화물,남,58세,상해없음,자전거,남,13세,경상
2015111100100375,2015년 11월 11일 15시,수요일,강원도 영월군 영월읍,중상사고,0,1,0,0,차대차 - 측면직각충돌,교차로운행방법위반,건조,맑음,교차로 - 교차로안,원동기,남,58세,중상,화물,남,52세,상해없음
2015111100100376,2015년 11월 11일 15시,수요일,강원도 홍천군 홍천읍,중상사고,0,1,0,0,차대사람 - 횡단중,안전운전불이행,건조,맑음,교차로 - 교차로부근,화물,남,59세,상해없음,보행자,남,63세,중상
2015111100100403,2015년 11월 11일 16시,수요일,강원도 춘천시 근화동,경상사고,0,0,1,0,차대차 - 측면직각충돌,신호위반,건조,맑음,교차로 - 교차로안,자전거,남,15세,경상,승용,여,50세,상해없음
2015111100100404,2015년 11월 11일 16시,수요일,강원도 동해시 북평동,경상사고,0,0,2,0,차대차 - 측면직각충돌,안전운전불이행,습기,비,교차로 - 교차로안,농기계,남,78세,경상,승용,남,52세,상해없음
2015111100100428,2015년 11월 11일 17시,수요일,강원도 춘천시 동면,중상사고,0,1,0,0,차대차 - 정면충돌,신호위반,건조,맑음,교차로 - 교차로안,승용,남,49세,상해없음,이륜,남,71세,중상
2015111100100429,2015년 11월 11일 17시,수요일,강원도 동해시 평릉동,중상사고,0,1,1,0,차대사람 - 횡단중,보행자보호의무위반,습기,비,교차로 - 교차로부근,승용,남,72세,상해없음,보행자,남,58세,경상
2015111100100486,2015년 11월 11일 18시,수요일,강원도 춘천시 신북읍,경상사고,0,0,1,0,차대차 - 측면직각충돌,안전운전불이행,건조,맑음,단일로 - 기타,기타불명,기타불명,기타불명,기타불명,승용,남,37세,경상
2015111100100487,2015년 11월 11일 18시,수요일,강원도 춘천시 석사동,경상사고,0,0,3,0,차대차 - 추돌 - 진행중,안전운전불이행,건조,맑음,단일로 - 기타,승용,남,31세,상해없음,승용,여,43세,경상
2015111100100488,2015년 11월 11일 18시,수요일,강원도 강릉시 노암동,중상사고,0,1,0,0,차대사람 - 횡단중,보행자보호의무위반,건조,맑음,단일로 - 기타,승용,남,59세,상해없음,보행자,여,39세,중상
2015111100100489,2015년 11월 11일 18시,수요일,강원도 원주시 학성동,경상사고,0,0,1,0,차대차 - 기타,안전운전불이행,건조,맑음,단일로 - 기타,화물,남,31세,상해없음,자전거,남,20세,경상
2015111100100490,2015년 11월 11일 18시,수요일,강원도 원주시 귀래면,경상사고,0,0,2,0,차대차 - 추돌 - 진행중,안전거리미확보,건조,맑음,단일로 - 터널,승용,남,60세,상해없음,화물,남,59세,경상
2015111100100491,2015년 11월 11일 18시,수요일,강원도 삼척시 남양동,중상사고,0,1,0,0,차대차 - 측면직각충돌,중앙선침범,습기,비,단일로 - 기타,승용,남,19세,상해없음,이륜,남,19세,중상
2015111100100492,2015년 11월 11일 18시,수요일,강원도 고성군 거진읍,중상사고,0,1,0,0,차대사람 - 횡단중,안전운전불이행,습기,비,단일로 - 기타,승용,남,47세,상해없음,보행자,남,51세,중상
2015111100100493,2015년 11월 11일 18시,수요일,강원도 고성군 간성읍,경상사고,0,0,2,0,차대차 - 추돌 - 주정차중,안전운전불이행,습기,비,교차로 - 교차로부근,승용,남,71세,상해없음,승용,남,23세,경상
2015111100100559,2015년 11월 11일 19시,수요일,강원도 원주시 개운동,경상사고,0,0,1,0,차대차 - 추돌 - 진행중,안전운전불이행,건조,맑음,단일로 - 기타,승용,남,32세,상해없음,승용,여,63세,경상
2015111100100598,2015년 11월 11일 20시,수요일,강원도 강릉시 교동,중상사고,0,1,0,0,차대사람 - 차도통행중,중앙선침범,습기,비,단일로 - 기타,화물,남,24세,상해없음,보행자,여,53세,중상
2015111100100599,2015년 11월 11일 20시,수요일,강원도 원주시 개운동,경상사고,0,0,2,0,차대차 - 측면직각충돌,교차로운행방법위반,건조,맑음,교차로 - 교차로부근,승용,남,25세,상해없음,승용,남,22세,경상
2015111100100647,2015년 11월 11일 21시,수요일,강원도 춘천시 남산면,경상사고,0,0,1,0,차대차 - 측면직각충돌,중앙선침범,건조,맑음,단일로 - 기타,승용,여,32세,상해없음,승용,여,58세,경상
2015111100100648,2015년 11월 11일 21시,수요일,강원도 춘천시 석사동,경상사고,0,0,1,0,차대차 - 추돌 - 진행중,안전운전불이행,건조,맑음,단일로 - 기타,승용,여,39세,상해없음,화물,남,44세,경상
2015111100100649,2015년 11월 11일 21시,수요일,강원도 횡성군 둔내면,경상사고,0,0,1,0,차대차 - 기타,안전운전불이행,건조,맑음,단일로 - 기타,화물,남,55세,상해없음,승용,여,27세,경상
2015111100100705,2015년 11월 11일 23시,수요일,강원도 강릉시 포남동,경상사고,0,0,1,0,차대차 - 측면직각충돌,안전운전불이행,습기,비,교차로 - 교차로안,화물,남,51세,기타불명,승용,여,53세,경상
2015111100100706,2015년 11월 11일 23시,수요일,강원도 삼척시 갈천동,경상사고,0,0,1,0,차량단독 - 공작물충돌,안전운전불이행,습기,비,단일로 - 기타,승용,남,34세,상해없음,,,,
2015111100100707,2015년 11월 11일 23시,수요일,강원도 태백시 황지동,중상사고,0,1,0,0,차대차 - 기타,교차로운행방법위반,습기,비,교차로 - 교차로안,승용,여,38세,상해없음,원동기,남,55세,중상
2015111200100052,2015년 11월 12일 03시,목요일,강원도 삼척시 남양동,경상사고,0,0,2,0,차대차 - 측면직각충돌,안전운전불이행,습기,비,교차로 - 교차로안,승용,여,59세,경상,승용,남,62세,경상
2015111200100069,2015년 11월 12일 05시,목요일,강원도 속초시 대포동,경상사고,0,0,1,0,차대차 - 측면직각충돌,중앙선침범,습기,비,단일로 - 기타,승용,남,44세,상해없음,화물,남,32세,경상
2015111200100084,2015년 11월 12일 06시,목요일,강원도 원주시 개운동,중상사고,0,1,0,0,차대차 - 측면직각충돌,중앙선침범,건조,맑음,기타 - 기타,승용,남,50세,기타불명,승용,남,56세,중상
2015111200100085,2015년 11월 12일 06시,목요일,강원도 속초시 교동,경상사고,0,0,3,0,차대차 - 기타,안전운전불이행,습기,비,단일로 - 기타,승합,남,59세,상해없음,화물,남,42세,경상
2015111200100139,2015년 11월 12일 08시,목요일,강원도 원주시 문막읍,경상사고,0,0,1,0,차대차 - 측면직각충돌,직진우회전진행방해,건조,맑음,교차로 - 교차로안,승용,남,44세,상해없음,승용,여,37세,경상
2015111200100140,2015년 11월 12일 08시,목요일,강원도 영월군 영월읍,중상사고,0,1,0,0,차대사람 - 횡단중,보행자보호의무위반,건조,맑음,단일로 - 횡단보도상,승용,남,50세,상해없음,보행자,남,64세,중상
2015111200100185,2015년 11월 12일 09시,목요일,강원도 원주시 태장동,경상사고,0,0,1,0,차대사람 - 보도통행중,안전운전불이행,건조,맑음,기타 - 기타,승용,남,54세,상해없음,보행자,남,25세,경상
2015111200100229,2015년 11월 12일 10시,목요일,강원도 철원군 동송읍,중상사고,0,2,3,0,차대차 - 측면직각충돌,직진우회전진행방해,건조,맑음,교차로 - 교차로안,승용,남,77세,상해없음,승용,남,22세,경상
2015111200100261,2015년 11월 12일 11시,목요일,강원도 춘천시 운교동,경상사고,0,0,1,0,차량단독 - 공작물충돌,안전운전불이행,건조,맑음,단일로 - 기타,승용,여,55세,상해없음,,,,
2015111200100262,2015년 11월 12일 11시,목요일,강원도 춘천시 석사동,경상사고,0,0,1,0,차대차 - 측면직각충돌,안전거리미확보,건조,맑음,교차로 - 교차로부근,승용,남,24세,상해없음,승용,여,29세,경상
2015111200100314,2015년 11월 12일 13시,목요일,강원도 춘천시 후평동,경상사고,0,0,1,0,차대차 - 측면직각충돌,신호위반,건조,맑음,교차로 - 교차로안,승용,여,41세,상해없음,이륜,남,47세,경상
2015111200100315,2015년 11월 12일 13시,목요일,강원도 횡성군 공근면,사망사고,1,0,0,0,차대차 - 측면직각충돌,신호위반,건조,맑음,교차로 - 교차로안,원동기,남,72세,사망,화물,남,53세,상해없음
2015111200100316,2015년 11월 12일 13시,목요일,강원도 인제군 인제읍,중상사고,0,1,0,0,차대차 - 측면직각충돌,안전운전불이행,건조,맑음,교차로 - 교차로안,승용,여,25세,상해없음,승합,남,49세,중상
2015111200100317,2015년 11월 12일 13시,목요일,강원도 동해시 동회동,경상사고,0,0,1,0,차대차 - 측면직각충돌,안전운전불이행,건조,흐림,교차로 - 교차로안,승용,남,32세,상해없음,승용,남,51세,경상
2015111200100318,2015년 11월 12일 13시,목요일,강원도 동해시 이로동,경상사고,0,0,1,0,차대차 - 측면직각충돌,안전운전불이행,건조,맑음,교차로 - 교차로안,화물,남,32세,상해없음,자전거,남,78세,경상
2015111200100383,2015년 11월 12일 15시,목요일,강원도 원주시 일산동,경상사고,0,0,1,0,차대차 - 기타,안전운전불이행,건조,맑음,단일로 - 기타,승용,남,33세,상해없음,승합,남,49세,상해없음
2015111200100384,2015년 11월 12일 15시,목요일,강원도 홍천군 남면,중상사고,0,1,0,0,차대사람 - 길가장자리구역통행중,안전운전불이행,건조,맑음,단일로 - 기타,승용,여,63세,상해없음,보행자,여,80세,중상
2015111200100407,2015년 11월 12일 16시,목요일,강원도 춘천시 사농동,경상사고,0,0,1,0,차대차 - 측면직각충돌,안전운전불이행,건조,맑음,단일로 - 기타,승용,남,52세,상해없음,승용,남,66세,경상
2015111200100408,2015년 11월 12일 16시,목요일,강원도 춘천시 후평동,중상사고,0,1,0,0,차대차 - 측면직각충돌,직진우회전진행방해,건조,맑음,교차로 - 교차로안,이륜,남,49세,중상,화물,남,24세,상해없음
2015111200100409,2015년 11월 12일 16시,목요일,강원도 강릉시 노암동,경상사고,0,0,1,0,차대차 - 추돌 - 진행중,안전운전불이행,건조,맑음,단일로 - 기타,승용,남,52세,상해없음,승용,여,42세,경상
2015111200100410,2015년 11월 12일 16시,목요일,강원도 동해시 천곡동,경상사고,0,0,1,0,차대차 - 측면직각충돌,직진우회전진행방해,건조,맑음,교차로 - 교차로안,승용,남,52세,상해없음,승용,남,33세,상해없음
2015111200100460,2015년 11월 12일 17시,목요일,강원도 춘천시 온의동,경상사고,0,0,2,0,차대차 - 측면직각충돌,교차로운행방법위반,습기,비,교차로 - 교차로안,승용,남,74세,상해없음,승용,남,39세,경상
2015111200100517,2015년 11월 12일 18시,목요일,강원도 춘천시 퇴계동,경상사고,0,0,1,0,차대차 - 추돌 - 주정차중,안전운전불이행,습기,비,교차로 - 교차로부근,승용,여,48세,상해없음,승용,남,38세,경상
2015111200100518,2015년 11월 12일 18시,목요일,강원도 영월군 김삿갓면,중상사고,0,1,0,0,차대차 - 기타,신호위반,건조,맑음,교차로 - 교차로안,승용,남,38세,상해없음,이륜,남,57세,중상
2015111200100565,2015년 11월 12일 19시,목요일,강원도 춘천시 석사동,경상사고,0,0,4,0,차대차 - 추돌 - 진행중,안전운전불이행,건조,맑음,교차로 - 교차로안,승용,남,44세,상해없음,승용,여,39세,경상
2015111200100614,2015년 11월 12일 20시,목요일,강원도 춘천시 석사동,경상사고,0,0,2,0,차대차 - 정면충돌,교차로운행방법위반,건조,맑음,교차로 - 교차로부근,승용,여,54세,상해없음,승용,남,33세,경상
2015111200100645,2015년 11월 12일 21시,목요일,강원도 원주시 관설동,경상사고,0,0,2,0,차대차 - 정면충돌,안전거리미확보,건조,흐림,교차로 - 교차로부근,화물,남,46세,상해없음,승용,남,23세,경상
2015111200100646,2015년 11월 12일 21시,목요일,강원도 정선군 정선읍,중상사고,0,1,0,0,차대사람 - 길가장자리구역통행중,안전운전불이행,건조,맑음,단일로 - 기타,승합,남,55세,상해없음,보행자,여,55세,중상
2015111200100673,2015년 11월 12일 22시,목요일,강원도 삼척시 당저동,경상사고,0,0,1,0,차대차 - 추돌 - 주정차중,안전운전불이행,습기,비,교차로 - 교차로안,승용,남,61세,상해없음,화물,남,50세,경상
2015111200100706,2015년 11월 12일 23시,목요일,강원도 춘천시 소양로3가,경상사고,0,0,1,0,차대차 - 추돌 - 주정차중,안전거리미확보,건조,맑음,단일로 - 기타,승용,남,77세,상해없음,승용,여,48세,경상
2015111300100006,2015년 11월 13일 00시,금요일,강원도 춘천시 효자동,경상사고,0,0,1,0,차대차 - 측면직각충돌,신호위반,건조,맑음,교차로 - 교차로안,승용,남,33세,상해없음,승용,남,54세,경상
2015111300100007,2015년 11월 13일 00시,금요일,강원도 정선군 고한읍,중상사고,0,1,0,0,차대사람 - 길가장자리구역통행중,안전운전불이행,습기,비,단일로 - 기타,승용,남,38세,상해없음,보행자,남,53세,중상
2015111300100099,2015년 11월 13일 06시,금요일,강원도 철원군 근남면,경상사고,0,0,2,0,차대차 - 정면충돌,중앙선침범,건조,맑음,단일로 - 기타,승용,남,45세,상해없음,화물,남,65세,경상
2015111300100121,2015년 11월 13일 07시,금요일,강원도 원주시 문막읍,중상사고,0,1,1,0,차대차 - 측면직각충돌,안전운전불이행,건조,맑음,교차로 - 교차로안,승용,남,48세,상해없음,승용,여,47세,중상
2015111300100161,2015년 11월 13일 08시,금요일,강원도 강릉시 포남동,경상사고,0,0,1,0,차대차 - 측면직각충돌,안전운전불이행,건조,맑음,단일로 - 기타,승합,남,52세,상해없음,승용,여,52세,경상
2015111300100162,2015년 11월 13일 08시,금요일,강원도 원주시 단구동,중상사고,0,1,2,0,차대차 - 추돌 - 진행중,안전거리미확보,건조,맑음,단일로 - 기타,화물,남,42세,상해없음,승합,여,44세,중상
2015111300100203,2015년 11월 13일 09시,금요일,강원도 원주시 무실동,중상사고,0,3,0,0,차대차 - 측면직각충돌,신호위반,습기,비,교차로 - 교차로안,승용,남,88세,중상,승용,남,40세,중상
2015111300100204,2015년 11월 13일 09시,금요일,강원도 삼척시 도계읍,경상사고,0,0,1,0,차대사람 - 횡단중,안전운전불이행,습기,비,단일로 - 기타,건설기계,남,60세,상해없음,보행자,여,21세,경상
2015111300100238,2015년 11월 13일 10시,금요일,강원도 원주시 중앙동,경상사고,0,0,1,0,차대사람 - 횡단중,안전운전불이행,습기,비,교차로 - 교차로부근,승용,남,39세,상해없음,보행자,여,74세,경상
2015111300100239,2015년 11월 13일 10시,금요일,강원도 정선군 임계면,경상사고,0,0,1,0,차대차 - 추돌 - 주정차중,안전운전불이행,습기,비,단일로 - 기타,승용,여,51세,상해없음,화물,남,71세,경상