사고번호,사고일시,요일,시군구,사고내용,사망자수,중상자수,경상자수,부상신고자수,사고유형,법규위반,노면상태,기상상태,도로형태,가해운전자 차종,가해운전자 성별,가해운전자 연령,가해운전자 상해정도,피해운전자 차종,피해운전자 성별,피해운전자 연령,피해운전자 상해정도
2015111300100240,2015년 11월 13일 10시,금요일,강원도 동해시 발한동,중상사고,0,1,0,0,차대사람 - 기타,안전운전불이행,건조,맑음,단일로 - 기타,화물,남,55세,상해없음,보행자,여,74세,중상
2015111300100295,2015년 11월 13일 12시,금요일,강원도 춘천시 약사동,경상사고,0,0,3,0,차대차 - 측면직각충돌,신호위반,습기,비,교차로 - 교차로안,승용,여,56세,상해없음,승용,남,50세,경상
2015111300100296,2015년 11월 13일 12시,금요일,강원도 태백시 화전동,중상사고,0,1,1,0,차대차 - 측면직각충돌,중앙선침범,습기,비,단일로 - 기타,승용,남,60세,상해없음,승용,남,46세,경상
2015111300100330,2015년 11월 13일 13시,금요일,강원도 평창군 진부면,중상사고,0,1,0,0,차대차 - 추돌 - 주정차중,안전운전불이행,습기,비,단일로 - 기타,화물,남,44세,중상,건설기계,남,56세,상해없음
2015111300100367,2015년 11월 13일 14시,금요일,강원도 원주시 우산동,경상사고,0,0,2,0,차대차 - 측면직각충돌,안전운전불이행,습기,비,교차로 - 교차로안,승용,남,48세,상해없음,승용,여,43세,경상
2015111300100403,2015년 11월 13일 15시,금요일,강원도 강릉시 내곡동,중상사고,0,1,0,0,차대사람 - 길가장자리구역통행중,안전운전불이행,습기,비,단일로 - 기타,승용,여,72세,상해없음,보행자,여,21세,중상
2015111300100404,2015년 11월 13일 15시,금요일,강원도 정선군 사북읍,경상사고,0,0,1,0,차대사람 - 보도통행중,안전운전불이행,습기,비,기타 - 기타,승용,남,68세,상해없음,보행자,여,14세,경상
2015111300100431,2015년 11월 13일 16시,금요일,강원도 속초시 교동,경상사고,0,0,1,0,차대차 - 측면직각충돌,안전운전불이행,습기,비,교차로 - 교차로안,승용,남,47세,상해없음,이륜,남,74세,경상
2015111300100432,2015년 11월 13일 16시,금요일,강원도 영월군 영월읍,경상사고,0,0,2,0,차대차 - 추돌 - 주정차중,안전운전불이행,습기,흐림,교차로 - 교차로부근,승용,남,62세,상해없음,승용,여,28세,경상
2015111300100489,2015년 11월 13일 17시,금요일,강원도 춘천시 동내면,경상사고,0,0,1,0,차대차 - 측면직각충돌,교차로운행방법위반,습기,비,교차로 - 교차로안,승합,여,50세,기타불명,승용,남,69세,경상
2015111300100490,2015년 11월 13일 17시,금요일,강원도 춘천시 서면,경상사고,0,0,3,0,차대차 - 추돌 - 진행중,안전거리미확보,습기,비,단일로 - 기타,승합,남,54세,기타불명,승합,남,65세,경상
2015111300100491,2015년 11월 13일 17시,금요일,강원도 강릉시 주문진읍,경상사고,0,0,1,0,차대사람 - 횡단중,안전운전불이행,습기,비,단일로 - 기타,승용,남,72세,상해없음,보행자,여,63세,경상
2015111300100492,2015년 11월 13일 17시,금요일,강원도 강릉시 교동,경상사고,0,0,1,0,차대차 - 정면충돌,중앙선침범,습기,비,단일로 - 기타,승용,남,57세,상해없음,승용,남,49세,경상
2015111300100493,2015년 11월 13일 17시,금요일,강원도 홍천군 홍천읍,경상사고,0,0,1,0,차대사람 - 차도통행중,안전운전불이행,습기,비,교차로 - 교차로부근,승용,여,28세,상해없음,보행자,여,35세,경상
2015111300100494,2015년 11월 13일 17시,금요일,강원도 평창군 대화면,중상사고,0,1,2,1,차대차 - 측면직각충돌,중앙선침범,습기,비,단일로 - 기타,승용,남,48세,부상신고,승합,남,57세,상해없음
2015111300100495,2015년 11월 13일 17시,금요일,강원도 동해시 평릉동,중상사고,0,1,0,0,차대차 - 측면직각충돌,신호위반,습기,비,교차로 - 교차로안,승용,여,56세,상해없음,자전거,남,68세,중상
2015111300100588,2015년 11월 13일 18시,금요일,강원도 춘천시 석사동,경상사고,0,0,1,0,차대차 - 측면직각충돌,신호위반,건조,맑음,교차로 - 교차로안,승용,여,24세,상해없음,승용,여,56세,경상
2015111300100590,2015년 11월 13일 18시,금요일,강원도 춘천시 동면,경상사고,0,0,1,0,차대차 - 측면직각충돌,교차로운행방법위반,습기,비,교차로 - 교차로안,승용,남,47세,상해없음,승용,남,38세,경상
2015111300100591,2015년 11월 13일 18시,금요일,강원도 강릉시 죽헌동,경상사고,0,0,4,0,차대차 - 추돌 - 주정차중,안전운전불이행,습기,비,교차로 - 교차로부근,승용,남,66세,상해없음,승용,남,43세,경상
2015111300100592,2015년 11월 13일 18시,금요일,강원도 강릉시 성산면,경상사고,0,0,1,0,차대차 - 측면직각충돌,중앙선침범,습기,비,단일로 - 기타,승용,여,55세,상해없음,승용,남,52세,상해없음
2015111300100593,2015년 11월 13일 18시,금요일,강원도 원주시 단계동,경상사고,0,0,1,0,차대차 - 기타,안전운전불이행,건조,맑음,교차로 - 교차로부근,승용,남,44세,상해없음,승용,남,47세,경상
2015111300100594,2015년 11월 13일 18시,금요일,강원도 태백시 황지동,경상사고,0,0,1,0,차대차 - 측면직각충돌,교차로운행방법위반,습기,비,교차로 - 교차로안,승용,남,40세,상해없음,화물,남,47세,경상
2015111300100687,2015년 11월 13일 19시,금요일,강원도 춘천시 온의동,경상사고,0,0,1,0,차대차 - 측면직각충돌,안전운전불이행,습기,비,단일로 - 기타,승용,여,40세,상해없음,승용,여,31세,경상
2015111300100757,2015년 11월 13일 20시,금요일,강원도 춘천시 퇴계동,경상사고,0,0,3,0,차대차 - 추돌 - 진행중,안전운전불이행,습기,비,단일로 - 기타,승용,남,52세,상해없음,승용,남,50세,경상
2015111300100758,2015년 11월 13일 20시,금요일,강원도 강릉시 교동,경상사고,0,0,1,0,차대차 - 측면직각충돌,안전운전불이행,습기,비,교차로 - 교차로안,승용,남,44세,상해없음,이륜,남,18세,경상
2015111300100826,2015년 11월 13일 21시,금요일,강원도 원주시 중앙동,경상사고,0,0,1,0,차대차 - 기타,신호위반,습기,비,교차로 - 교차로안,승용,여,50세,상해없음,승합,남,43세,상해없음
2015111300100878,2015년 11월 13일 22시,금요일,강원도 원주시 무실동,경상사고,0,0,2,0,차대차 - 추돌 - 진행중,중앙선침범,습기,비,교차로 - 교차로안,승용,남,31세,상해없음,승용,여,39세,경상
2015111300100940,2015년 11월 13일 23시,금요일,강원도 강릉시 연곡면,경상사고,0,0,1,0,차대사람 - 횡단중,안전운전불이행,건조,맑음,단일로 - 기타,이륜,남,18세,상해없음,보행자,여,60세,경상
2015111300100941,2015년 11월 13일 23시,금요일,강원도 원주시 흥업면,경상사고,0,0,2,0,차대차 - 측면직각충돌,신호위반,습기,비,교차로 - 교차로안,승합,남,46세,상해없음,승용,남,53세,경상
2015111300100942,2015년 11월 13일 23시,금요일,강원도 평창군 대관령면,중상사고,0,1,1,0,차대사람 - 길가장자리구역통행중,안전운전불이행,습기,비,단일로 - 기타,승용,여,33세,상해없음,보행자,남,51세,중상
2015111400100060,2015년 11월 14일 01시,토요일,강원도 원주시 단계동,경상사고,0,0,1,0,차대사람 - 횡단중,보행자보호의무위반,습기,비,교차로 - 교차로부근,이륜,남,16세,상해없음,보행자,남,31세,경상
2015111400100100,2015년 11월 14일 02시,토요일,강원도 원주시 우산동,중상사고,0,2,0,0,차대차 - 추돌 - 진행중,중앙선침범,습기,비,단일로 - 기타,승합,남,48세,상해없음,승용,남,58세,중상
2015111400100130,2015년 11월 14일 03시,토요일,강원도 춘천시 동면,경상사고,0,0,1,0,차대차 - 측면직각충돌,안전운전불이행,습기,비,교차로 - 교차로안,승용,남,36세,상해없음,승용,여,56세,경상
2015111400100172,2015년 11월 14일 05시,토요일,강원도 원주시 무실동,경상사고,0,0,2,0,차대차 - 추돌 - 진행중,교차로운행방법위반,습기,비,교차로 - 교차로안,승용,여,54세,상해없음,화물,남,50세,경상
2015111400100196,2015년 11월 14일 06시,토요일,강원도 원주시 단계동,중상사고,0,1,0,0,차대차 - 측면직각충돌,중앙선침범,건조,맑음,교차로 - 교차로부근,승합,남,28세,상해없음,승용,남,58세,중상
2015111400100197,2015년 11월 14일 06시,토요일,강원도 홍천군 홍천읍,경상사고,0,0,1,0,차대차 - 기타,중앙선침범,습기,흐림,단일로 - 기타,승용,여,59세,상해없음,화물,남,56세,경상
2015111400100216,2015년 11월 14일 07시,토요일,강원도 동해시 천곡동,중상사고,0,1,0,0,차대차 - 정면충돌,중앙선침범,습기,흐림,교차로 - 교차로부근,승용,여,56세,상해없음,이륜,남,73세,중상
2015111400100241,2015년 11월 14일 08시,토요일,강원도 원주시 호저면,중상사고,0,1,0,0,차대사람 - 보도통행중,안전운전불이행,습기,비,단일로 - 기타,승용,남,32세,상해없음,보행자,여,76세,중상
2015111400100242,2015년 11월 14일 08시,토요일,강원도 횡성군 안흥면,경상사고,0,0,2,0,차대차 - 추돌 - 진행중,안전거리미확보,습기,비,단일로 - 터널,승합,남,52세,상해없음,승용,남,61세,경상
2015111400100304,2015년 11월 14일 10시,토요일,강원도 춘천시 근화동,경상사고,0,0,2,0,차대차 - 추돌 - 진행중,안전거리미확보,습기,비,단일로 - 기타,승용,남,62세,상해없음,승용,남,56세,경상
2015111400100334,2015년 11월 14일 11시,토요일,강원도 원주시 학성동,경상사고,0,0,1,0,차대차 - 측면직각충돌,신호위반,습기,비,교차로 - 교차로안,승용,여,57세,상해없음,승용,남,57세,상해없음
2015111400100335,2015년 11월 14일 11시,토요일,강원도 원주시 단계동,중상사고,0,1,0,0,차대차 - 측면직각충돌,신호위반,습기,흐림,교차로 - 교차로안,화물,남,67세,상해없음,특수,남,37세,중상
2015111400100336,2015년 11월 14일 11시,토요일,강원도 영월군 영월읍,중상사고,0,1,0,0,차대차 - 측면직각충돌,안전운전불이행,습기,흐림,단일로 - 기타,승용,남,48세,상해없음,이륜,남,74세,중상
2015111400100337,2015년 11월 14일 11시,토요일,강원도 평창군 진부면,중상사고,0,1,0,0,차대차 - 추돌 - 진행중,안전거리미확보,건조,흐림,단일로 - 기타,승용,남,38세,상해없음,승용,남,25세,상해없음
2015111400100367,2015년 11월 14일 12시,토요일,강원도 춘천시 퇴계동,경상사고,0,0,1,0,차대사람 - 기타,안전운전불이행,건조,맑음,단일로 - 기타,승용,여,43세,상해없음,보행자,남,16세,경상
2015111400100368,2015년 11월 14일 12시,토요일,강원도 춘천시 신북읍,중상사고,0,1,3,0,차대차 - 측면직각충돌,중앙선침범,습기,비,단일로 - 기타,승용,남,39세,상해없음,승용,여,47세,경상
2015111400100466,2015년 11월 14일 15시,토요일,강원도 동해시 평릉동,경상사고,0,0,1,0,차대차 - 추돌 - 진행중,안전운전불이행,건조,흐림,단일로 - 기타,승용,남,48세,상해없음,원동기,남,18세,경상
2015111400100467,2015년 11월 14일 15시,토요일,강원도 원주시 호저면,중상사고,0,1,0,0,차대차 - 추돌 - 진행중,안전운전불이행,습기,비,단일로 - 기타,승용,여,56세,상해없음,승용,남,50세,상해없음
2015111400100500,2015년 11월 14일 16시,토요일,강원도 속초시 동명동,중상사고,0,1,3,0,차대차 - 측면직각충돌,안전운전불이행,습기,비,단일로 - 기타,승용,여,52세,상해없음,승용,남,54세,경상
2015111400100544,2015년 11월 14일 17시,토요일,강원도 춘천시 소양로2가,중상사고,0,1,0,0,차량단독 - 기타,기타,건조,맑음,단일로 - 기타,승합,남,42세,상해없음,,,,
2015111400100545,2015년 11월 14일 17시,토요일,강원도 강릉시 노암동,중상사고,0,1,0,0,차대사람 - 보도통행중,안전운전불이행,습기,비,교차로 - 교차로안,승합,남,56세,상해없음,보행자,여,11세,중상
2015111400100546,2015년 11월 14일 17시,토요일,강원도 원주시 단구동,경상사고,0,0,1,0,차대차 - 추돌 - 주정차중,안전운전불이행,건조,맑음,단일로 - 기타,승용,남,57세,상해없음,승용,남,57세,경상
2015111400100547,2015년 11월 14일 17시,토요일,강원도 태백시 황지동,경상사고,0,0,3,0,차대차 - 측면직각충돌,안전운전불이행,습기,비,단일로 - 기타,화물,남,58세,상해없음,승용,여,34세,경상
2015111400100612,2015년 11월 14일 18시,토요일,강원도 춘천시 신동,경상사고,0,0,2,1,차대차 - 측면직각충돌,안전운전불이행,건조,흐림,교차로 - 교차로안,승용,여,54세,상해없음,화물,남,54세,경상
2015111400100613,2015년 11월 14일 18시,토요일,강원도 원주시 관설동,중상사고,0,1,0,0,차대차 - 측면직각충돌,교차로운행방법위반,건조,맑음,교차로 - 교차로안,승용,남,31세,상해없음,이륜,남,17세,중상
2015111400100614,2015년 11월 14일 18시,토요일,강원도 속초시 조양동,중상사고,0,1,0,0,차대사람 - 기타,안전운전불이행,습기,비,교차로 - 교차로안,승용,남,45세,상해없음,보행자,여,13세,중상
2015111400100615,2015년 11월 14일 18시,토요일,강원도 홍천군 두촌면,경상사고,0,0,2,0,차대차 - 정면충돌,안전거리미확보,건조,맑음,단일로 - 기타,승용,남,44세,상해없음,승용,여,27세,경상
2015111400100616,2015년 11월 14일 18시,토요일,강원도 철원군 서면,중상사고,0,1,0,0,차대사람 - 횡단중,보행자보호의무위반,건조,맑음,단일로 - 기타,이륜,남,16세,상해없음,보행자,남,21세,중상
2015111400100658,2015년 11월 14일 19시,토요일,강원도 춘천시 사북면,경상사고,0,0,1,0,차대사람 - 길가장자리구역통행중,안전운전불이행,건조,맑음,단일로 - 기타,승용,남,44세,상해없음,보행자,남,47세,경상
2015111400100659,2015년 11월 14일 19시,토요일,강원도 원주시 개운동,경상사고,0,0,1,0,차대차 - 정면충돌,안전운전불이행,습기,비,단일로 - 기타,기타불명,기타불명,기타불명,기타불명,승용,남,54세,경상
2015111400100660,2015년 11월 14일 19시,토요일,강원도 횡성군 공근면,중상사고,0,2,1,0,차대차 - 정면충돌,안전운전불이행,습기,비,단일로 - 기타,승용,남,57세,상해없음,승용,여,45세,경상
2015111400100704,2015년 11월 14일 20시,토요일,강원도 원주시 가현동,경상사고,0,0,4,0,차대차 - 추돌 - 주정차중,안전운전불이행,습기,비,교차로 - 교차로부근,승용,남,45세,상해없음,승용,남,69세,경상
2015111400100705,2015년 11월 14일 20시,토요일,강원도 동해시 쇄운동,경상사고,0,0,1,0,차대차 - 측면직각충돌,안전운전불이행,건조,맑음,단일로 - 기타,승용,남,62세,상해없음,승용,여,37세,경상
2015111400100738,2015년 11월 14일 21시,토요일,강원도 춘천시 교동,경상사고,0,0,1,0,차대차 - 추돌 - 진행중,안전거리미확보,습기,비,단일로 - 기타,승용,여,59세,상해없음,승용,남,48세,경상
2015111400100739,2015년 11월 14일 21시,토요일,강원도 원주시 명륜동,경상사고,0,0,1,0,차대사람 - 보도통행중,안전운전불이행,습기,비,단일로 - 기타,승용,남,35세,상해없음,보행자,남,51세,경상
2015111400100765,2015년 11월 14일 22시,토요일,강원도 원주시 원동,경상사고,0,0,1,0,차대차 - 추돌 - 진행중,불법유턴,습기,비,단일로 - 기타,승용,여,48세,상해없음,원동기,남,19세,경상
2015111400100766,2015년 11월 14일 22시,토요일,강원도 동해시 동회동,경상사고,0,0,1,0,차대사람 - 차도통행중,안전운전불이행,건조,흐림,단일로 - 기타,승용,남,60세,상해없음,보행자,남,33세,경상
2015111400100767,2015년 11월 14일 22시,토요일,강원도 동해시 용정동,중상사고,0,3,9,0,차대차 - 측면직각충돌,교차로운행방법위반,건조,맑음,교차로 - 교차로안,승용,남,43세,상해없음,승합,남,42세,중상
2015111400100794,2015년 11월 14일 23시,토요일,강원도 춘천시 온의동,중상사고,0,1,0,0,차대사람 - 횡단중,보행자보호의무위반,건조,맑음,단일로 - 횡단보도상,승용,남,60세,상해없음,보행자,여,63세,중상
2015111500100009,2015년 11월 15일 00시,일요일,강원도 원주시 명륜동,경상사고,0,0,1,0,차대사람 - 차도통행중,안전운전불이행,습기,비,교차로 - 교차로부근,승용,남,49세,상해없음,보행자,남,30세,경상
2015111500100129,2015년 11월 15일 09시,일요일,강원도 강릉시 주문진읍,경상사고,0,0,1,0,차대차 - 기타,안전운전불이행,건조,맑음,교차로 - 교차로안,승용,여,36세,상해없음,이륜,남,55세,경상
2015111500100130,2015년 11월 15일 09시,일요일,강원도 강릉시 입암동,경상사고,0,0,1,0,차대차 - 정면충돌,중앙선침범,습기,맑음,교차로 - 교차로안,화물,남,42세,상해없음,승용,남,52세,경상
2015111500100131,2015년 11월 15일 09시,일요일,강원도 원주시 개운동,경상사고,0,0,1,0,차대사람 - 보도통행중,기타,기타,기타,기타 - 기타,승용,남,44세,상해없음,보행자,남,25세,경상
2015111500100132,2015년 11월 15일 09시,일요일,강원도 화천군 사내면,경상사고,0,0,1,0,차대차 - 추돌 - 진행중,안전운전불이행,건조,맑음,단일로 - 기타,승용,남,28세,상해없음,이륜,남,71세,경상
2015111500100173,2015년 11월 15일 11시,일요일,강원도 춘천시 퇴계동,경상사고,0,0,2,0,차대차 - 측면직각충돌,중앙선침범,건조,맑음,단일로 - 기타,승용,남,54세,상해없음,승용,남,46세,경상
2015111500100174,2015년 11월 15일 11시,일요일,강원도 춘천시 온의동,경상사고,0,0,1,0,차대차 - 측면직각충돌,직진우회전진행방해,건조,맑음,교차로 - 교차로안,승용,여,53세,상해없음,승용,남,42세,상해없음
2015111500100175,2015년 11월 15일 11시,일요일,강원도 강릉시 성남동,경상사고,0,0,1,0,차대차 - 기타,안전운전불이행,건조,맑음,단일로 - 기타,승용,남,50세,상해없음,자전거,남,35세,경상
2015111500100176,2015년 11월 15일 11시,일요일,강원도 고성군 간성읍,경상사고,0,0,1,0,차대사람 - 차도통행중,안전운전불이행,건조,맑음,단일로 - 기타,승용,남,73세,상해없음,보행자,여,38세,경상
2015111500100208,2015년 11월 15일 12시,일요일,강원도 고성군 토성면,경상사고,0,0,1,0,차대사람 - 기타,기타,건조,맑음,단일로 - 기타,승용,남,47세,상해없음,보행자,여,56세,경상
2015111500100209,2015년 11월 15일 12시,일요일,강원도 동해시 천곡동,경상사고,0,0,1,0,차대차 - 추돌 - 진행중,안전운전불이행,건조,맑음,단일로 - 기타,승용,여,67세,상해없음,승용,남,54세,경상
2015111500100234,2015년 11월 15일 13시,일요일,강원도 원주시 태장동,경상사고,0,0,2,0,차대차 - 추돌 - 주정차중,안전거리미확보,건조,맑음,단일로 - 기타,승용,여,59세,상해없음,승용,남,45세,경상
2015111500100235,2015년 11월 15일 13시,일요일,강원도 삼척시 교동,경상사고,0,0,2,0,차대차 - 측면직각충돌,안전거리미확보,건조,맑음,단일로 - 기타,화물,남,70세,상해없음,승용,여,48세,경상
2015111500100270,2015년 11월 15일 14시,일요일,강원도 원주시 단계동,경상사고,0,0,1,0,차대차 - 기타,신호위반,건조,맑음,교차로 - 교차로안,승용,남,58세,상해없음,승용,남,76세,경상
2015111500100271,2015년 11월 15일 14시,일요일,강원도 양양군 양양읍,경상사고,0,0,5,0,차대차 - 측면직각충돌,안전운전불이행,건조,맑음,교차로 - 교차로부근,승용,남,27세,경상,승용,여,28세,경상
2015111500100272,2015년 11월 15일 14시,일요일,강원도 영월군 한반도면,중상사고,0,1,0,0,차대사람 - 기타,안전운전불이행,건조,맑음,단일로 - 기타,화물,남,56세,상해없음,보행자,여,70세,중상
2015111500100326,2015년 11월 15일 16시,일요일,강원도 속초시 조양동,경상사고,0,0,3,0,차대차 - 추돌 - 주정차중,안전운전불이행,건조,흐림,교차로 - 교차로부근,승용,남,22세,상해없음,승용,남,61세,경상
2015111500100361,2015년 11월 15일 17시,일요일,강원도 원주시 문막읍,경상사고,0,0,1,0,차대사람 - 횡단중,안전운전불이행,건조,맑음,교차로 - 교차로안,화물,남,50세,상해없음,보행자,여,20세,경상
2015111500100362,2015년 11월 15일 17시,일요일,강원도 동해시 부곡동,중상사고,0,1,0,0,차대차 - 측면직각충돌,안전운전불이행,습기,흐림,단일로 - 기타,화물,남,34세,상해없음,승용,남,30세,중상
2015111500100410,2015년 11월 15일 18시,일요일,강원도 강릉시 병산동,경상사고,0,0,1,0,차대차 - 측면직각충돌,신호위반,건조,맑음,교차로 - 교차로안,승용,남,47세,상해없음,승용,여,37세,경상
2015111500100411,2015년 11월 15일 18시,일요일,강원도 영월군 영월읍,경상사고,0,0,1,0,차대사람 - 기타,안전운전불이행,건조,흐림,교차로 - 교차로안,승용,여,40세,상해없음,보행자,남,69세,경상
2015111500100412,2015년 11월 15일 18시,일요일,강원도 홍천군 내면,중상사고,0,1,0,0,차대차 - 측면직각충돌,중앙선침범,건조,맑음,단일로 - 기타,승용,남,41세,상해없음,승용,남,56세,상해없음
2015111500100413,2015년 11월 15일 18시,일요일,강원도 철원군 동송읍,경상사고,0,0,5,0,차대차 - 정면충돌,중앙선침범,건조,흐림,단일로 - 기타,승용,여,25세,상해없음,승용,여,30세,경상
2015111500100414,2015년 11월 15일 18시,일요일,강원도 동해시 천곡동,중상사고,0,1,1,0,차대차 - 측면직각충돌,신호위반,건조,맑음,교차로 - 교차로안,승용,여,53세,상해없음,승용,남,52세,중상
2015111500100456,2015년 11월 15일 19시,일요일,강원도 춘천시 온의동,경상사고,0,0,2,0,차대차 - 측면직각충돌,신호위반,건조,맑음,교차로 - 교차로안,승용,여,47세,상해없음,승용,여,60세,경상
2015111500100457,2015년 11월 15일 19시,일요일,강원도 원주시 태장동,중상사고,0,1,2,0,차대사람 - 기타,안전운전불이행,건조,기타,기타 - 기타,특수,남,51세,상해없음,보행자,남,61세,중상
2015111500100458,2015년 11월 15일 19시,일요일,강원도 삼척시 성내동,경상사고,0,0,1,0,차대차 - 추돌 - 주정차중,안전운전불이행,건조,맑음,교차로 - 교차로부근,화물,남,41세,상해없음,승용,남,34세,경상
2015111500100459,2015년 11월 15일 19시,일요일,강원도 영월군 영월읍,부상신고사고,0,0,0,3,차대차 - 추돌 - 주정차중,안전운전불이행,건조,맑음,단일로 - 기타,승용,남,56세,상해없음,승용,여,34세,기타불명
2015111500100460,2015년 11월 15일 19시,일요일,강원도 태백시 황지동,중상사고,0,1,2,0,차대차 - 측면직각충돌,안전운전불이행,건조,맑음,교차로 - 교차로안,화물,남,60세,상해없음,승용,남,62세,경상
2015111500100461,2015년 11월 15일 19시,일요일,강원도 고성군 간성읍,중상사고,0,1,0,0,차대사람 - 기타,안전운전불이행,건조,맑음,단일로 - 기타,승용,남,55세,상해없음,보행자,남,53세,중상
2015111500100462,2015년 11월 15일 19시,일요일,강원도 원주시 부론면,경상사고,0,0,2,0,차대차 - 추돌 - 진행중,안전거리미확보,건조,흐림,단일로 - 기타,승용,남,24세,기타불명,승합,남,44세,상해없음
2015111500100540,2015년 11월 15일 22시,일요일,강원도 강릉시 교동,경상사고,0,0,1,0,차대차 - 추돌 - 주정차중,안전운전불이행,습기,비,교차로 - 교차로부근,승용,남,41세,상해없음,승용,남,31세,경상
2015111500100561,2015년 11월 15일 23시,일요일,강원도 원주시 흥업면,경상사고,0,0,1,0,차대차 - 측면직각충돌,신호위반,건조,맑음,교차로 - 교차로안,승용,남,48세,상해없음,승용,남,34세,경상
2015111600100036,2015년 11월 16일 04시,월요일,강원도 속초시 교동,경상사고,0,0,1,0,차대차 - 추돌 - 주정차중,안전운전불이행,건조,맑음,단일로 - 기타,승용,남,58세,기타불명,승합,남,41세,경상
2015111600100055,2015년 11월 16일 06시,월요일,강원도 춘천시 후평동,중상사고,0,1,1,0,차대차 - 측면직각충돌,직진우회전진행방해,건조,맑음,교차로 - 교차로안,승용,남,65세,상해없음,승합,남,53세,경상
2015111600100113,2015년 11월 16일 08시,월요일,강원도 춘천시 동면,경상사고,0,0,1,0,차량단독 - 전도전복,안전운전불이행,건조,맑음,단일로 - 기타,화물,남,22세,경상,,,,
2015111600100114,2015년 11월 16일 08시,월요일,강원도 강릉시 입암동,경상사고,0,0,2,0,차대차 - 추돌 - 진행중,안전운전불이행,건조,맑음,단일로 - 기타,건설기계,남,53세,상해없음,승용,여,39세,경상
2015111600100115,2015년 11월 16일 08시,월요일,강원도 정선군 고한읍,경상사고,0,0,2,0,차대차 - 측면직각충돌,안전운전불이행,건조,흐림,교차로 - 교차로부근,승용,남,51세,상해없음,승용,여,65세,경상
2015111600100157,2015년 11월 16일 09시,월요일,강원도 원주시 원동,경상사고,0,0,1,0,차대차 - 측면직각충돌,신호위반,건조,맑음,교차로 - 교차로안,화물,남,84세,상해없음,승용,남,55세,경상
2015111600100189,2015년 11월 16일 10시,월요일,강원도 영월군 영월읍,중상사고,0,1,0,0,차대사람 - 기타,안전운전불이행,건조,맑음,교차로 - 교차로안,승용,여,37세,상해없음,보행자,여,75세,중상
2015111600100219,2015년 11월 16일 11시,월요일,강원도 원주시 단계동,경상사고,0,0,1,0,차대차 - 측면직각충돌,차로위반,건조,맑음,단일로 - 기타,화물,남,72세,상해없음,승용,여,35세,경상
2015111600100220,2015년 11월 16일 11시,월요일,강원도 원주시 개운동,경상사고,0,0,1,0,차대사람 - 기타,안전운전불이행,건조,맑음,단일로 - 기타,승용,남,50세,상해없음,보행자,남,62세,경상
2015111600100221,2015년 11월 16일 11시,월요일,강원도 홍천군 서면,경상사고,0,0,4,0,차대차 - 추돌 - 진행중,안전거리미확보,건조,맑음,단일로 - 기타,화물,남,57세,상해없음,승용,여,55세,경상
2015111600100222,2015년 11월 16일 11시,월요일,강원도 평창군 봉평면,중상사고,0,2,0,0,차대차 - 측면직각충돌,안전운전불이행,건조,흐림,교차로 - 교차로안,승용,남,25세,상해없음,건설기계,남,48세,중상
2015111600100223,2015년 11월 16일 11시,월요일,강원도 동해시 평릉동,경상사고,0,0,1,0,차대차 - 측면직각충돌,안전운전불이행,건조,맑음,단일로 - 기타,승용,남,65세,상해없음,원동기,남,60세,경상
2015111600100252,2015년 11월 16일 12시,월요일,강원도 인제군 기린면,사망사고,1,2,0,0,차대차 - 정면충돌,안전운전불이행,건조,맑음,교차로 - 교차로안,화물,남,74세,사망,승용,남,63세,중상
2015111600100253,2015년 11월 16일 12시,월요일,강원도 인제군 인제읍,중상사고,0,1,1,0,차대차 - 정면충돌,중앙선침범,건조,맑음,단일로 - 기타,승용,남,32세,상해없음,승용,남,44세,경상
2015111600100254,2015년 11월 16일 12시,월요일,강원도 인제군 인제읍,중상사고,0,1,0,0,차대차 - 정면충돌,안전운전불이행,건조,맑음,교차로 - 교차로안,승용,여,45세,상해없음,화물,여,63세,중상
2015111600100282,2015년 11월 16일 13시,월요일,강원도 춘천시 효자동,경상사고,0,0,1,0,차대사람 - 횡단중,보행자보호의무위반,건조,흐림,교차로 - 교차로안,승용,남,38세,상해없음,보행자,여,74세,경상
2015111600100315,2015년 11월 16일 14시,월요일,강원도 원주시 단구동,경상사고,0,0,1,0,차대차 - 기타,안전운전불이행,건조,맑음,단일로 - 기타,기타불명,기타불명,기타불명,기타불명,이륜,남,74세,경상
2015111600100356,2015년 11월 16일 15시,월요일,강원도 삼척시 정상동,경상사고,0,0,1,0,차대차 - 측면직각충돌,안전운전불이행,건조,맑음,교차로 - 교차로부근,승용,여,55세,상해없음,자전거,남,11세,경상
2015111600100357,2015년 11월 16일 15시,월요일,강원도 삼척시 오분동,중상사고,0,1,3,0,차대차 - 추돌 - 진행중,안전운전불이행,습기,비,교차로 - 교차로부근,승용,남,71세,경상,화물,남,58세,경상