사고번호,사고일시,요일,시군구,사고내용,사망자수,중상자수,경상자수,부상신고자수,사고유형,법규위반,노면상태,기상상태,도로형태,가해운전자 차종,가해운전자 성별,가해운전자 연령,가해운전자 상해정도,피해운전자 차종,피해운전자 성별,피해운전자 연령,피해운전자 상해정도
2015112100100481,2015년 11월 21일 17시,토요일,강원도 춘천시 효자동,경상사고,0,0,1,0,차대사람 - 횡단중,안전운전불이행,건조,맑음,교차로 - 교차로안,승용,남,22세,상해없음,보행자,남,57세,경상
2015112100100482,2015년 11월 21일 17시,토요일,강원도 삼척시 도계읍,경상사고,0,0,1,0,차대차 - 추돌 - 진행중,안전거리미확보,습기,비,단일로 - 기타,승합,남,42세,상해없음,승합,남,56세,경상
2015112100100483,2015년 11월 21일 17시,토요일,강원도 태백시 황지동,경상사고,0,0,1,0,차대차 - 정면충돌,안전운전불이행,습기,비,기타 - 기타,승합,남,69세,상해없음,승용,남,54세,경상
2015112100100484,2015년 11월 21일 17시,토요일,강원도 정선군 정선읍,중상사고,0,1,0,0,차대차 - 정면충돌,안전운전불이행,건조,맑음,교차로 - 교차로부근,승용,여,54세,상해없음,자전거,남,70세,중상
2015112100100546,2015년 11월 21일 18시,토요일,강원도 강릉시 성남동,부상신고사고,0,0,0,2,차대사람 - 횡단중,안전운전불이행,습기,비,단일로 - 기타,기타불명,기타불명,50세,기타불명,보행자,여,19세,부상신고
2015112100100547,2015년 11월 21일 18시,토요일,강원도 원주시 판부면,중상사고,0,1,0,0,차대차 - 정면충돌,안전운전불이행,건조,맑음,단일로 - 기타,화물,남,40세,상해없음,승용,남,69세,중상
2015112100100548,2015년 11월 21일 18시,토요일,강원도 평창군 대관령면,중상사고,0,1,0,0,차대차 - 추돌 - 진행중,안전운전불이행,건조,맑음,교차로 - 교차로안,농기계,남,70세,중상,승용,남,29세,상해없음
2015112100100595,2015년 11월 21일 19시,토요일,강원도 속초시 장사동,중상사고,0,2,2,0,차대차 - 정면충돌,안전운전불이행,건조,맑음,단일로 - 기타,화물,남,42세,상해없음,승용,남,72세,중상
2015112100100596,2015년 11월 21일 19시,토요일,강원도 영월군 영월읍,사망사고,1,0,0,0,차대사람 - 횡단중,안전운전불이행,습기,비,단일로 - 횡단보도상,승용,남,69세,상해없음,보행자,여,81세,사망
2015112100100597,2015년 11월 21일 19시,토요일,강원도 동해시 부곡동,경상사고,0,0,1,0,차대차 - 정면충돌,신호위반,습기,비,교차로 - 교차로안,승용,여,59세,상해없음,승용,여,42세,경상
2015112100100634,2015년 11월 21일 20시,토요일,강원도 강릉시 성남동,경상사고,0,0,1,0,차대사람 - 횡단중,안전운전불이행,습기,흐림,교차로 - 교차로부근,승용,남,57세,상해없음,보행자,여,24세,경상
2015112100100635,2015년 11월 21일 20시,토요일,강원도 동해시 쇄운동,경상사고,0,0,1,0,차대차 - 측면직각충돌,안전운전불이행,건조,맑음,단일로 - 기타,승용,남,50세,상해없음,승용,남,26세,경상
2015112100100660,2015년 11월 21일 21시,토요일,강원도 원주시 학성동,경상사고,0,0,2,0,차대차 - 측면직각충돌,안전운전불이행,건조,흐림,단일로 - 기타,승용,남,56세,상해없음,승용,여,58세,경상
2015112100100710,2015년 11월 21일 23시,토요일,강원도 강릉시 강문동,경상사고,0,0,2,0,차대차 - 정면충돌,신호위반,건조,흐림,교차로 - 교차로안,승용,여,47세,상해없음,승용,남,40세,경상
2015112200100015,2015년 11월 22일 00시,일요일,강원도 춘천시 동면,경상사고,0,0,1,0,차대사람 - 횡단중,보행자보호의무위반,건조,맑음,교차로 - 교차로부근,승용,여,70세,상해없음,보행자,남,60세,경상
2015112200100031,2015년 11월 22일 01시,일요일,강원도 원주시 단구동,경상사고,0,0,1,0,차대차 - 정면충돌,안전거리미확보,건조,맑음,교차로 - 교차로부근,승용,남,34세,상해없음,승용,남,57세,경상
2015112200100046,2015년 11월 22일 02시,일요일,강원도 원주시 태장동,사망사고,1,1,0,0,차량단독 - 공작물충돌,안전운전불이행,건조,맑음,교차로 - 교차로안,승용,남,25세,사망,,,,
2015112200100070,2015년 11월 22일 03시,일요일,강원도 속초시 교동,경상사고,0,0,1,0,차대차 - 추돌 - 주정차중,안전운전불이행,건조,맑음,단일로 - 기타,승용,남,18세,상해없음,승용,여,57세,경상
2015112200100071,2015년 11월 22일 03시,일요일,강원도 동해시 망상동,중상사고,0,1,0,0,차량단독 - 전도전복,안전운전불이행,습기,흐림,단일로 - 기타,승용,남,25세,중상,,,,
2015112200100084,2015년 11월 22일 04시,일요일,강원도 속초시 대포동,경상사고,0,0,1,0,차대차 - 측면직각충돌,안전운전불이행,습기,비,교차로 - 교차로안,승용,남,23세,상해없음,승용,여,48세,경상
2015112200100104,2015년 11월 22일 06시,일요일,강원도 양양군 양양읍,사망사고,1,0,0,0,차대사람 - 횡단중,안전운전불이행,건조,흐림,교차로 - 교차로안,화물,남,53세,상해없음,보행자,여,78세,사망
2015112200100105,2015년 11월 22일 06시,일요일,강원도 양양군 강현면,사망사고,1,0,0,0,차대사람 - 횡단중,신호위반,습기,흐림,단일로 - 횡단보도상,승용,남,46세,상해없음,보행자,여,48세,사망
2015112200100144,2015년 11월 22일 09시,일요일,강원도 강릉시 송정동,경상사고,0,0,1,0,차대차 - 측면직각충돌,신호위반,습기,비,교차로 - 교차로안,승용,여,42세,상해없음,승용,남,58세,경상
2015112200100162,2015년 11월 22일 10시,일요일,강원도 강릉시 용강동,중상사고,0,1,0,0,차대사람 - 횡단중,안전운전불이행,습기,비,단일로 - 기타,승용,남,34세,상해없음,보행자,남,54세,중상
2015112200100185,2015년 11월 22일 11시,일요일,강원도 강릉시 교동,경상사고,0,0,2,0,차대차 - 정면충돌,안전운전불이행,습기,비,단일로 - 기타,승용,남,46세,상해없음,승용,남,63세,경상
2015112200100186,2015년 11월 22일 11시,일요일,강원도 속초시 교동,중상사고,0,1,0,0,차대차 - 정면충돌,신호위반,습기,비,교차로 - 교차로안,승용,여,26세,상해없음,승용,남,56세,중상
2015112200100236,2015년 11월 22일 13시,일요일,강원도 원주시 부론면,중상사고,0,1,0,0,차량단독 - 공작물충돌,안전운전불이행,건조,맑음,단일로 - 기타,승용,남,40세,중상,,,,
2015112200100237,2015년 11월 22일 13시,일요일,강원도 영월군 영월읍,중상사고,0,1,0,3,차대차 - 추돌 - 주정차중,안전거리미확보,건조,맑음,단일로 - 교량,승용,남,73세,상해없음,승용,남,63세,중상
2015112200100288,2015년 11월 22일 15시,일요일,강원도 양양군 손양면,중상사고,0,1,0,0,차량단독 - 전도전복,안전운전불이행,습기,비,단일로 - 기타,승용,여,25세,상해없음,,,,
2015112200100319,2015년 11월 22일 16시,일요일,강원도 원주시 소초면,경상사고,0,0,1,0,차대차 - 정면충돌,안전운전불이행,건조,맑음,기타 - 기타,승용,여,51세,기타불명,승용,남,65세,경상
2015112200100361,2015년 11월 22일 17시,일요일,강원도 원주시 문막읍,경상사고,0,0,5,0,차대차 - 정면충돌,신호위반,건조,맑음,교차로 - 교차로안,승용,남,38세,경상,승용,남,44세,경상
2015112200100362,2015년 11월 22일 17시,일요일,강원도 원주시 단계동,중상사고,0,1,0,0,차대차 - 정면충돌,중앙선침범,건조,맑음,교차로 - 교차로부근,승용,남,51세,상해없음,원동기,남,22세,중상
2015112200100363,2015년 11월 22일 17시,일요일,강원도 속초시 조양동,경상사고,0,0,1,0,차대차 - 기타,안전운전불이행,습기,비,교차로 - 교차로안,승용,남,60세,상해없음,승용,남,58세,경상
2015112200100364,2015년 11월 22일 17시,일요일,강원도 삼척시 원덕읍,중상사고,0,1,0,0,차대사람 - 횡단중,안전운전불이행,습기,비,단일로 - 기타,승합,남,29세,상해없음,보행자,남,53세,중상
2015112200100414,2015년 11월 22일 18시,일요일,강원도 강릉시 교동,경상사고,0,0,2,0,차대차 - 추돌 - 진행중,안전운전불이행,습기,비,교차로 - 교차로안,승용,남,24세,상해없음,승용,여,47세,경상
2015112200100451,2015년 11월 22일 19시,일요일,강원도 강릉시 견소동,경상사고,0,0,2,0,차대차 - 기타,중앙선침범,습기,비,단일로 - 기타,승용,남,58세,기타불명,승용,남,42세,경상
2015112200100452,2015년 11월 22일 19시,일요일,강원도 강릉시 교동,경상사고,0,0,1,0,차대차 - 기타,안전운전불이행,습기,비,단일로 - 기타,승용,남,45세,상해없음,이륜,남,19세,경상
2015112200100502,2015년 11월 22일 20시,일요일,강원도 춘천시 동면,경상사고,0,0,1,0,차대사람 - 횡단중,안전운전불이행,습기,비,단일로 - 기타,승용,여,46세,상해없음,보행자,남,8세,경상
2015112200100544,2015년 11월 22일 21시,일요일,강원도 원주시 단계동,경상사고,0,0,1,0,차대차 - 정면충돌,신호위반,습기,비,교차로 - 교차로안,승용,여,55세,상해없음,승용,남,27세,경상
2015112200100545,2015년 11월 22일 21시,일요일,강원도 원주시 태장동,경상사고,0,0,1,0,차대사람 - 횡단중,안전운전불이행,습기,비,단일로 - 횡단보도상,기타불명,기타불명,기타불명,기타불명,보행자,여,77세,경상
2015112200100546,2015년 11월 22일 21시,일요일,강원도 횡성군 우천면,중상사고,0,2,5,0,차대차 - 추돌 - 진행중,안전운전불이행,습기,비,단일로 - 기타,승용,남,61세,경상,승용,남,57세,중상
2015112200100582,2015년 11월 22일 22시,일요일,강원도 춘천시 효자동,경상사고,0,0,1,0,차대차 - 측면직각충돌,안전운전불이행,습기,비,교차로 - 교차로부근,승용,남,52세,상해없음,승용,남,24세,경상
2015112200100621,2015년 11월 22일 23시,일요일,강원도 원주시 단계동,중상사고,0,1,0,0,차대차 - 정면충돌,신호위반,건조,맑음,교차로 - 교차로안,승용,남,22세,상해없음,자전거,남,30세,중상
2015112200100622,2015년 11월 22일 23시,일요일,강원도 삼척시 도계읍,중상사고,0,1,1,0,차대사람 - 기타,안전운전불이행,습기,비,교차로 - 교차로안,승용,남,43세,상해없음,보행자,남,22세,경상
2015112300100042,2015년 11월 23일 03시,월요일,강원도 태백시 황지동,중상사고,0,1,0,0,차대사람 - 횡단중,안전운전불이행,습기,비,단일로 - 기타,화물,남,55세,상해없음,보행자,여,52세,중상
2015112300100043,2015년 11월 23일 03시,월요일,강원도 원주시 문막읍,중상사고,0,4,0,0,차량단독 - 공작물충돌,안전운전불이행,습기,비,단일로 - 기타,승용,남,20세,중상,,,,
2015112300100084,2015년 11월 23일 06시,월요일,강원도 원주시 단구동,경상사고,0,0,1,0,차대차 - 측면직각충돌,교차로운행방법위반,습기,비,교차로 - 교차로안,승용,여,56세,상해없음,승용,남,56세,경상
2015112300100085,2015년 11월 23일 06시,월요일,강원도 원주시 우산동,중상사고,0,1,0,0,차대차 - 정면충돌,중앙선침범,습기,비,교차로 - 교차로안,승용,여,51세,상해없음,원동기,남,70세,중상
2015112300100121,2015년 11월 23일 07시,월요일,강원도 강릉시 교동,경상사고,0,0,2,0,차대차 - 정면충돌,안전운전불이행,습기,비,단일로 - 기타,승용,여,35세,상해없음,승용,여,34세,경상
2015112300100165,2015년 11월 23일 08시,월요일,강원도 춘천시 중앙로2가,경상사고,0,0,1,0,차대차 - 측면직각충돌,교차로운행방법위반,습기,비,교차로 - 교차로안,승용,남,48세,상해없음,승용,여,47세,경상
2015112300100166,2015년 11월 23일 08시,월요일,강원도 원주시 문막읍,중상사고,0,1,0,0,차대차 - 추돌 - 진행중,신호위반,습기,비,교차로 - 교차로안,화물,남,55세,상해없음,승용,여,34세,중상
2015112300100198,2015년 11월 23일 09시,월요일,강원도 원주시 태장동,경상사고,0,0,1,0,차대차 - 추돌 - 주정차중,안전거리미확보,건조,맑음,교차로 - 교차로부근,화물,남,45세,상해없음,승용,여,55세,경상
2015112300100222,2015년 11월 23일 10시,월요일,강원도 춘천시 후평동,경상사고,0,0,3,0,차대차 - 추돌 - 진행중,신호위반,건조,맑음,교차로 - 교차로안,승용,여,54세,상해없음,승용,여,62세,경상
2015112300100223,2015년 11월 23일 10시,월요일,강원도 강릉시 옥천동,경상사고,0,0,1,0,차대차 - 정면충돌,안전운전불이행,건조,맑음,교차로 - 교차로부근,승용,남,44세,상해없음,승용,여,42세,경상
2015112300100224,2015년 11월 23일 10시,월요일,강원도 홍천군 내면,경상사고,0,0,1,0,차대차 - 추돌 - 진행중,안전운전불이행,습기,흐림,단일로 - 기타,화물,남,65세,상해없음,승합,남,58세,경상
2015112300100275,2015년 11월 23일 12시,월요일,강원도 원주시 단계동,경상사고,0,0,2,0,차대차 - 측면직각충돌,안전운전불이행,건조,맑음,단일로 - 기타,승용,남,49세,상해없음,승용,여,29세,경상
2015112300100276,2015년 11월 23일 12시,월요일,강원도 홍천군 홍천읍,경상사고,0,0,1,0,차대차 - 추돌 - 주정차중,안전운전불이행,건조,맑음,단일로 - 기타,화물,남,63세,상해없음,승용,남,36세,경상
2015112300100277,2015년 11월 23일 12시,월요일,강원도 홍천군 홍천읍,경상사고,0,0,1,0,차대차 - 정면충돌,직진우회전진행방해,습기,비,교차로 - 교차로안,승용,여,55세,상해없음,승용,여,24세,경상
2015112300100355,2015년 11월 23일 15시,월요일,강원도 춘천시 석사동,경상사고,0,0,1,0,차대차 - 측면직각충돌,안전운전불이행,건조,맑음,단일로 - 기타,승용,여,50세,상해없음,승용,여,37세,경상
2015112300100356,2015년 11월 23일 15시,월요일,강원도 원주시 학성동,중상사고,0,2,0,0,차대차 - 정면충돌,안전운전불이행,습기,기타,기타 - 기타,승용,남,24세,상해없음,승용,남,37세,중상
2015112300100357,2015년 11월 23일 15시,월요일,강원도 태백시 화전동,중상사고,0,1,1,0,차대사람 - 횡단중,안전운전불이행,건조,맑음,교차로 - 교차로부근,승용,남,51세,상해없음,보행자,여,67세,중상
2015112300100392,2015년 11월 23일 16시,월요일,강원도 평창군 진부면,중상사고,0,1,0,0,차대사람 - 횡단중,안전운전불이행,습기,비,단일로 - 기타,승용,남,38세,상해없음,보행자,여,63세,중상
2015112300100424,2015년 11월 23일 17시,월요일,강원도 고성군 거진읍,중상사고,0,2,0,0,차대사람 - 횡단중,안전운전불이행,습기,비,교차로 - 교차로안,승용,남,41세,상해없음,보행자,여,69세,중상
2015112300100425,2015년 11월 23일 17시,월요일,강원도 양구군 양구읍,중상사고,0,2,2,0,차대차 - 측면직각충돌,안전운전불이행,건조,맑음,교차로 - 교차로안,화물,남,21세,경상,화물,남,42세,중상
2015112300100472,2015년 11월 23일 18시,월요일,강원도 강릉시 노암동,경상사고,0,0,1,0,차대사람 - 횡단중,안전운전불이행,습기,비,교차로 - 교차로안,기타불명,기타불명,기타불명,기타불명,보행자,여,12세,경상
2015112300100473,2015년 11월 23일 18시,월요일,강원도 속초시 조양동,경상사고,0,0,2,0,차대차 - 정면충돌,교차로운행방법위반,습기,비,교차로 - 교차로안,승용,여,52세,상해없음,승용,남,52세,경상
2015112300100474,2015년 11월 23일 18시,월요일,강원도 홍천군 화촌면,경상사고,0,0,2,0,차대차 - 정면충돌,중앙선침범,건조,맑음,단일로 - 기타,승용,남,64세,상해없음,승용,여,41세,경상
2015112300100532,2015년 11월 23일 19시,월요일,강원도 춘천시 석사동,경상사고,0,0,2,0,차대차 - 추돌 - 진행중,안전운전불이행,건조,맑음,단일로 - 기타,승용,여,51세,상해없음,승용,남,68세,경상
2015112300100571,2015년 11월 23일 20시,월요일,강원도 원주시 흥업면,경상사고,0,0,1,0,차대차 - 정면충돌,안전운전불이행,습기,비,단일로 - 기타,화물,남,54세,기타불명,승용,남,32세,경상
2015112300100572,2015년 11월 23일 20시,월요일,강원도 동해시 천곡동,중상사고,0,1,2,0,차대차 - 측면직각충돌,안전운전불이행,건조,흐림,교차로 - 교차로안,이륜,남,17세,중상,승용,남,52세,경상
2015112400100005,2015년 11월 24일 00시,화요일,강원도 강릉시 강동면,경상사고,0,0,1,0,차대차 - 기타,중앙선침범,습기,비,단일로 - 기타,승용,남,36세,상해없음,승용,남,59세,경상
2015112400100019,2015년 11월 24일 01시,화요일,강원도 원주시 명륜동,중상사고,0,1,0,0,차대차 - 추돌 - 진행중,신호위반,건조,기타,교차로 - 교차로안,승용,남,51세,상해없음,승용,남,30세,중상
2015112400100053,2015년 11월 24일 05시,화요일,강원도 양구군 남면,경상사고,0,0,1,1,차대차 - 측면직각충돌,안전운전불이행,건조,맑음,교차로 - 교차로안,화물,남,41세,부상신고,화물,남,47세,경상
2015112400100067,2015년 11월 24일 06시,화요일,강원도 동해시 발한동,사망사고,1,0,0,0,차대사람 - 횡단중,보행자보호의무위반,습기,비,단일로 - 기타,화물,남,38세,상해없음,보행자,남,73세,사망
2015112400100086,2015년 11월 24일 07시,화요일,강원도 삼척시 근덕면,중상사고,0,2,0,0,차량단독 - 전도전복,안전운전불이행,습기,비,단일로 - 기타,화물,남,66세,상해없음,,,,
2015112400100126,2015년 11월 24일 08시,화요일,강원도 홍천군 북방면,경상사고,0,0,1,0,차대차 - 측면직각충돌,직진우회전진행방해,건조,맑음,교차로 - 교차로안,승용,남,41세,상해없음,이륜,남,18세,경상
2015112400100158,2015년 11월 24일 09시,화요일,강원도 정선군 고한읍,중상사고,0,2,3,0,차대차 - 정면충돌,안전운전불이행,습기,비,단일로 - 기타,화물,남,67세,상해없음,승용,남,37세,중상
2015112400100186,2015년 11월 24일 10시,화요일,강원도 홍천군 홍천읍,경상사고,0,0,1,0,차대차 - 측면직각충돌,안전운전불이행,건조,맑음,단일로 - 기타,화물,남,67세,상해없음,승용,여,46세,경상
2015112400100222,2015년 11월 24일 11시,화요일,강원도 원주시 부론면,중상사고,0,1,0,0,차대차 - 정면충돌,안전운전불이행,건조,맑음,단일로 - 기타,화물,남,63세,상해없음,이륜,남,61세,중상
2015112400100243,2015년 11월 24일 12시,화요일,강원도 삼척시 교동,중상사고,0,1,2,0,차대차 - 정면충돌,안전운전불이행,습기,비,단일로 - 기타,승용,여,67세,중상,승합,남,57세,경상
2015112400100334,2015년 11월 24일 15시,화요일,강원도 강릉시 교동,경상사고,0,0,1,0,차대차 - 정면충돌,교차로운행방법위반,습기,비,교차로 - 교차로부근,승용,남,59세,상해없음,승용,여,42세,상해없음
2015112400100369,2015년 11월 24일 16시,화요일,강원도 강릉시 포남동,경상사고,0,0,1,0,차대사람 - 횡단중,안전운전불이행,건조,흐림,단일로 - 기타,승용,남,65세,상해없음,보행자,여,17세,경상
2015112400100404,2015년 11월 24일 17시,화요일,강원도 춘천시 동면,경상사고,0,0,2,0,차대차 - 측면직각충돌,직진우회전진행방해,건조,맑음,교차로 - 교차로안,승용,여,52세,상해없음,승용,남,62세,경상
2015112400100406,2015년 11월 24일 17시,화요일,강원도 동해시 천곡동,경상사고,0,0,1,0,차대차 - 측면직각충돌,직진우회전진행방해,건조,맑음,교차로 - 교차로안,승용,남,41세,상해없음,승용,남,60세,상해없음
2015112400100458,2015년 11월 24일 18시,화요일,강원도 춘천시 석사동,경상사고,0,0,5,0,차대차 - 추돌 - 진행중,안전운전불이행,건조,맑음,교차로 - 교차로부근,승용,남,35세,상해없음,승용,남,46세,경상
2015112400100459,2015년 11월 24일 18시,화요일,강원도 원주시 단계동,중상사고,0,1,0,0,차대차 - 정면충돌,신호위반,건조,맑음,교차로 - 교차로안,승용,여,29세,상해없음,승용,여,44세,중상
2015112400100460,2015년 11월 24일 18시,화요일,강원도 원주시 단구동,부상신고사고,0,0,0,1,차대사람 - 횡단중,보행자보호의무위반,건조,맑음,교차로 - 교차로안,기타불명,기타불명,기타불명,기타불명,보행자,여,10세,부상신고
2015112400100553,2015년 11월 24일 20시,화요일,강원도 원주시 개운동,경상사고,0,0,1,0,차대사람 - 기타,안전운전불이행,건조,맑음,단일로 - 기타,승용,여,54세,상해없음,보행자,여,57세,경상
2015112400100588,2015년 11월 24일 21시,화요일,강원도 원주시 단계동,부상신고사고,0,0,0,1,차대차 - 정면충돌,안전운전불이행,건조,맑음,단일로 - 기타,기타불명,기타불명,기타불명,기타불명,이륜,남,18세,부상신고
2015112400100589,2015년 11월 24일 21시,화요일,강원도 원주시 문막읍,중상사고,0,1,0,0,차대차 - 측면직각충돌,안전운전불이행,건조,맑음,단일로 - 기타,승용,남,47세,상해없음,승용,남,43세,중상
2015112500100020,2015년 11월 25일 00시,수요일,강원도 삼척시 남양동,경상사고,0,0,1,0,차대차 - 측면직각충돌,안전운전불이행,습기,비,교차로 - 교차로안,승용,남,44세,상해없음,승용,남,27세,경상
2015112500100048,2015년 11월 25일 01시,수요일,강원도 원주시 개운동,경상사고,0,0,1,0,차대차 - 측면직각충돌,중앙선침범,건조,맑음,단일로 - 기타,승용,남,58세,상해없음,승용,남,56세,경상
2015112500100106,2015년 11월 25일 04시,수요일,강원도 원주시 단계동,경상사고,0,0,2,0,차대차 - 정면충돌,안전운전불이행,습기,비,단일로 - 기타,승용,남,23세,상해없음,승용,남,48세,경상
2015112500100107,2015년 11월 25일 04시,수요일,강원도 동해시 효가동,경상사고,0,0,1,0,차대차 - 측면직각충돌,신호위반,습기,비,교차로 - 교차로안,승용,남,27세,상해없음,승용,남,33세,경상
2015112500100120,2015년 11월 25일 05시,수요일,강원도 인제군 북면,중상사고,0,1,0,0,차량단독 - 공작물충돌,안전운전불이행,결빙,눈,단일로 - 터널,승용,남,56세,상해없음,,,,
2015112500100138,2015년 11월 25일 06시,수요일,강원도 속초시 교동,경상사고,0,0,2,0,차대차 - 측면직각충돌,신호위반,습기,비,교차로 - 교차로안,승용,남,46세,상해없음,화물,남,41세,경상
2015112500100301,2015년 11월 25일 12시,수요일,강원도 춘천시 사농동,경상사고,0,0,1,0,차대차 - 측면직각충돌,안전운전불이행,습기,비,단일로 - 기타,승용,남,45세,상해없음,승용,여,59세,경상
2015112500100327,2015년 11월 25일 13시,수요일,강원도 원주시 개운동,경상사고,0,0,1,0,차대사람 - 횡단중,보행자보호의무위반,습기,비,교차로 - 교차로부근,승용,여,54세,상해없음,보행자,남,76세,경상
2015112500100328,2015년 11월 25일 13시,수요일,강원도 속초시 조양동,경상사고,0,0,1,0,차대차 - 정면충돌,교차로운행방법위반,습기,비,교차로 - 교차로안,승용,여,51세,상해없음,화물,남,66세,상해없음
2015112500100357,2015년 11월 25일 14시,수요일,강원도 강릉시 연곡면,경상사고,0,0,1,0,차대차 - 정면충돌,중앙선침범,습기,비,단일로 - 기타,승용,남,65세,상해없음,이륜,남,27세,경상
2015112500100358,2015년 11월 25일 14시,수요일,강원도 원주시 태장동,경상사고,0,0,2,0,차대차 - 측면직각충돌,차로위반,습기,비,단일로 - 기타,승용,남,68세,상해없음,승용,남,58세,경상
2015112500100359,2015년 11월 25일 14시,수요일,강원도 정선군 고한읍,경상사고,0,0,1,0,차대차 - 정면충돌,안전거리미확보,습기,흐림,교차로 - 교차로부근,승용,남,55세,상해없음,건설기계,남,34세,상해없음
2015112500100360,2015년 11월 25일 14시,수요일,강원도 동해시 발한동,중상사고,0,1,0,0,차대사람 - 횡단중,보행자보호의무위반,건조,흐림,교차로 - 교차로부근,승합,남,58세,상해없음,보행자,남,75세,중상
2015112500100391,2015년 11월 25일 15시,수요일,강원도 춘천시 후평동,경상사고,0,0,3,0,차대차 - 측면직각충돌,신호위반,습기,눈,교차로 - 교차로안,승용,남,59세,경상,승용,남,38세,경상
2015112500100392,2015년 11월 25일 15시,수요일,강원도 홍천군 홍천읍,경상사고,0,0,1,0,차대차 - 측면직각충돌,신호위반,건조,맑음,교차로 - 교차로안,승용,여,55세,상해없음,승용,여,38세,경상
2015112500100418,2015년 11월 25일 16시,수요일,강원도 원주시 단계동,경상사고,0,0,1,0,차대차 - 추돌 - 진행중,안전거리미확보,습기,비,교차로 - 교차로부근,승용,여,48세,기타불명,승용,남,54세,경상
2015112500100467,2015년 11월 25일 17시,수요일,강원도 춘천시 후평동,경상사고,0,0,2,0,차대차 - 측면직각충돌,교차로운행방법위반,습기,흐림,교차로 - 교차로안,승용,여,69세,상해없음,화물,남,57세,경상
2015112500100468,2015년 11월 25일 17시,수요일,강원도 속초시 동명동,경상사고,0,0,1,0,차대차 - 측면직각충돌,안전운전불이행,습기,맑음,단일로 - 횡단보도부근,승용,여,39세,상해없음,승합,남,38세,경상
2015112500100533,2015년 11월 25일 18시,수요일,강원도 원주시 흥업면,경상사고,0,0,2,0,차대차 - 추돌 - 진행중,안전거리미확보,습기,비,교차로 - 교차로부근,승용,남,32세,상해없음,승합,남,60세,경상
2015112500100534,2015년 11월 25일 18시,수요일,강원도 원주시 태장동,경상사고,0,0,1,0,차대차 - 정면충돌,안전운전불이행,습기,비,단일로 - 기타,승용,여,36세,상해없음,이륜,남,52세,경상
2015112500100535,2015년 11월 25일 18시,수요일,강원도 원주시 지정면,경상사고,0,0,1,0,차대차 - 추돌 - 진행중,안전운전불이행,습기,비,교차로 - 교차로부근,승용,남,70세,상해없음,승용,여,39세,경상
2015112500100536,2015년 11월 25일 18시,수요일,강원도 원주시 단계동,중상사고,0,1,2,0,차대차 - 정면충돌,안전운전불이행,습기,비,교차로 - 교차로부근,승용,남,70세,상해없음,승용,남,50세,경상
2015112500100537,2015년 11월 25일 18시,수요일,강원도 속초시 조양동,경상사고,0,0,1,0,차대차 - 추돌 - 주정차중,안전운전불이행,습기,비,교차로 - 교차로안,승용,남,42세,상해없음,승합,남,61세,경상
2015112500100538,2015년 11월 25일 18시,수요일,강원도 태백시 황지동,중상사고,0,1,0,0,차대사람 - 횡단중,보행자보호의무위반,습기,흐림,교차로 - 교차로부근,승용,남,36세,상해없음,보행자,남,18세,중상
2015112500100579,2015년 11월 25일 19시,수요일,강원도 삼척시 도계읍,경상사고,0,0,1,0,차대차 - 측면직각충돌,안전운전불이행,건조,맑음,교차로 - 교차로안,승용,남,45세,상해없음,승용,남,49세,경상
2015112500100580,2015년 11월 25일 19시,수요일,강원도 횡성군 둔내면,경상사고,0,0,1,0,차대차 - 추돌 - 주정차중,안전운전불이행,습기,눈,단일로 - 기타,승용,남,40세,상해없음,화물,남,62세,경상
2015112500100610,2015년 11월 25일 20시,수요일,강원도 원주시 단계동,경상사고,0,0,2,0,차대차 - 측면직각충돌,안전거리미확보,습기,비,단일로 - 기타,승용,여,46세,경상,화물,남,57세,상해없음
2015112500100611,2015년 11월 25일 20시,수요일,강원도 동해시 나안동,경상사고,0,0,1,0,차대차 - 추돌 - 진행중,안전운전불이행,건조,맑음,교차로 - 교차로부근,승용,여,55세,상해없음,승용,남,56세,경상
2015112500100652,2015년 11월 25일 21시,수요일,강원도 춘천시 후평동,경상사고,0,0,1,0,차대차 - 정면충돌,신호위반,건조,맑음,교차로 - 교차로안,승용,남,53세,상해없음,승용,여,46세,경상
2015112500100653,2015년 11월 25일 21시,수요일,강원도 동해시 구호동,경상사고,0,0,1,0,차대차 - 추돌 - 주정차중,안전운전불이행,습기,비,교차로 - 교차로부근,승용,남,46세,상해없음,승합,남,52세,경상
2015112500100688,2015년 11월 25일 22시,수요일,강원도 철원군 동송읍,경상사고,0,0,1,0,차대차 - 추돌 - 주정차중,안전운전불이행,건조,맑음,단일로 - 기타,화물,남,37세,상해없음,승용,여,41세,경상
2015112600100013,2015년 11월 26일 00시,목요일,강원도 강릉시 임당동,경상사고,0,0,4,0,차대차 - 정면충돌,안전운전불이행,건조,맑음,단일로 - 기타,승용,남,28세,상해없음,승용,남,48세,경상