사고번호,사고일시,요일,시군구,사고내용,사망자수,중상자수,경상자수,부상신고자수,사고유형,법규위반,노면상태,기상상태,도로형태,가해운전자 차종,가해운전자 성별,가해운전자 연령,가해운전자 상해정도,피해운전자 차종,피해운전자 성별,피해운전자 연령,피해운전자 상해정도
2015112600100051,2015년 11월 26일 03시,목요일,강원도 원주시 단계동,경상사고,0,0,1,0,차대차 - 정면충돌,안전운전불이행,습기,흐림,단일로 - 기타,승용,남,39세,상해없음,승용,남,48세,상해없음
2015112600100060,2015년 11월 26일 05시,목요일,강원도 원주시 개운동,경상사고,0,0,2,0,차대차 - 측면직각충돌,안전운전불이행,건조,맑음,교차로 - 교차로안,승용,남,36세,상해없음,승용,남,75세,경상
2015112600100076,2015년 11월 26일 06시,목요일,강원도 강릉시 강동면,경상사고,0,0,1,0,차대차 - 정면충돌,중앙선침범,건조,맑음,단일로 - 기타,승용,여,44세,상해없음,화물,남,67세,경상
2015112600100134,2015년 11월 26일 08시,목요일,강원도 고성군 간성읍,중상사고,0,1,1,0,차대차 - 추돌 - 진행중,안전운전불이행,결빙,기타,단일로 - 기타,승용,남,40세,상해없음,승용,여,42세,경상
2015112600100201,2015년 11월 26일 10시,목요일,강원도 원주시 개운동,중상사고,0,1,0,0,차대차 - 정면충돌,신호위반,건조,맑음,교차로 - 교차로안,화물,남,73세,기타불명,화물,남,43세,중상
2015112600100235,2015년 11월 26일 11시,목요일,강원도 춘천시 온의동,경상사고,0,0,1,0,차대차 - 측면직각충돌,신호위반,건조,맑음,교차로 - 교차로안,승용,여,52세,상해없음,승용,여,51세,경상
2015112600100263,2015년 11월 26일 12시,목요일,강원도 춘천시 후평동,경상사고,0,0,1,0,차대차 - 추돌 - 주정차중,교차로운행방법위반,건조,맑음,교차로 - 교차로부근,화물,남,61세,상해없음,승용,남,57세,경상
2015112600100264,2015년 11월 26일 12시,목요일,강원도 원주시 관설동,경상사고,0,0,1,0,차대차 - 기타,교차로운행방법위반,건조,맑음,교차로 - 교차로안,이륜,남,52세,경상,승용,여,48세,상해없음
2015112600100289,2015년 11월 26일 13시,목요일,강원도 원주시 부론면,중상사고,0,1,0,0,차량단독 - 전도전복,안전운전불이행,건조,맑음,단일로 - 기타,이륜,여,68세,중상,,,,
2015112600100318,2015년 11월 26일 14시,목요일,강원도 원주시 우산동,중상사고,0,1,0,0,차대사람 - 횡단중,안전운전불이행,건조,맑음,단일로 - 기타,승용,남,58세,상해없음,보행자,여,75세,중상
2015112600100319,2015년 11월 26일 14시,목요일,강원도 동해시 대진동,중상사고,0,3,0,0,차대차 - 측면직각충돌,직진우회전진행방해,건조,맑음,교차로 - 교차로안,승용,남,52세,상해없음,승용,여,45세,중상
2015112600100386,2015년 11월 26일 16시,목요일,강원도 평창군 봉평면,경상사고,0,0,1,0,차대사람 - 횡단중,안전운전불이행,건조,맑음,단일로 - 기타,승용,여,51세,상해없음,보행자,여,28세,경상
2015112600100431,2015년 11월 26일 17시,목요일,강원도 평창군 대화면,경상사고,0,0,2,0,차대차 - 추돌 - 진행중,안전운전불이행,습기,눈,단일로 - 기타,승용,여,55세,상해없음,승용,여,39세,경상
2015112600100432,2015년 11월 26일 17시,목요일,강원도 동해시 용정동,사망사고,1,0,0,0,차대사람 - 길가장자리구역통행중,보행자보호의무위반,건조,맑음,단일로 - 횡단보도상,화물,남,44세,상해없음,보행자,남,68세,사망
2015112600100433,2015년 11월 26일 17시,목요일,강원도 동해시 동회동,중상사고,0,1,0,0,차대차 - 측면직각충돌,기타,건조,맑음,단일로 - 기타,이륜,남,17세,중상,화물,남,48세,상해없음
2015112600100483,2015년 11월 26일 18시,목요일,강원도 춘천시 후평동,경상사고,0,0,1,0,차대사람 - 횡단중,보행자보호의무위반,건조,맑음,단일로 - 횡단보도상,승용,남,31세,상해없음,보행자,남,8세,경상
2015112600100484,2015년 11월 26일 18시,목요일,강원도 원주시 문막읍,경상사고,0,0,1,0,차대차 - 정면충돌,안전거리미확보,건조,맑음,단일로 - 기타,화물,남,44세,상해없음,승합,남,35세,경상
2015112600100485,2015년 11월 26일 18시,목요일,강원도 원주시 관설동,중상사고,0,1,0,0,차대차 - 추돌 - 진행중,중앙선침범,건조,맑음,교차로 - 교차로안,승용,여,54세,상해없음,승용,여,20세,중상
2015112600100486,2015년 11월 26일 18시,목요일,강원도 원주시 관설동,중상사고,0,1,0,0,차대차 - 정면충돌,안전운전불이행,건조,맑음,단일로 - 기타,기타불명,기타불명,기타불명,기타불명,승합,남,51세,상해없음
2015112600100487,2015년 11월 26일 18시,목요일,강원도 양구군 양구읍,사망사고,1,0,0,0,차대차 - 추돌 - 진행중,안전거리미확보,건조,흐림,단일로 - 기타,승용,여,23세,상해없음,농기계,남,67세,사망
2015112600100543,2015년 11월 26일 19시,목요일,강원도 원주시 일산동,경상사고,0,0,2,0,차대차 - 추돌 - 진행중,안전운전불이행,건조,맑음,교차로 - 교차로부근,승용,남,60세,상해없음,승용,여,45세,경상
2015112600100544,2015년 11월 26일 19시,목요일,강원도 동해시 천곡동,경상사고,0,0,2,0,차대차 - 정면충돌,안전운전불이행,건조,맑음,단일로 - 기타,승용,남,42세,상해없음,이륜,남,20세,경상
2015112600100606,2015년 11월 26일 21시,목요일,강원도 원주시 무실동,경상사고,0,0,1,0,차대차 - 정면충돌,교차로운행방법위반,건조,맑음,교차로 - 교차로안,승용,여,45세,상해없음,승용,여,43세,경상
2015112600100643,2015년 11월 26일 22시,목요일,강원도 원주시 단구동,경상사고,0,0,1,0,차대차 - 측면직각충돌,안전운전불이행,건조,맑음,단일로 - 기타,승용,남,50세,상해없음,승용,남,66세,상해없음
2015112600100683,2015년 11월 26일 23시,목요일,강원도 춘천시 동내면,경상사고,0,0,1,0,차대차 - 측면직각충돌,안전운전불이행,건조,맑음,교차로 - 교차로부근,승용,여,54세,상해없음,원동기,남,45세,경상
2015112700100030,2015년 11월 27일 01시,금요일,강원도 삼척시 원덕읍,경상사고,0,0,2,0,차량단독 - 공작물충돌,안전운전불이행,건조,맑음,단일로 - 기타,승용,남,17세,상해없음,,,,
2015112700100068,2015년 11월 27일 04시,금요일,강원도 횡성군 횡성읍,사망사고,1,0,0,0,차량단독 - 전도전복,기타,건조,맑음,단일로 - 기타,화물,남,60세,사망,,,,
2015112700100082,2015년 11월 27일 06시,금요일,강원도 춘천시 중앙로1가,경상사고,0,0,1,0,차대차 - 정면충돌,안전운전불이행,건조,흐림,교차로 - 교차로안,승용,남,22세,상해없음,자전거,남,68세,경상
2015112700100105,2015년 11월 27일 07시,금요일,강원도 평창군 용평면,중상사고,0,1,3,0,차대차 - 정면충돌,중앙선침범,적설,눈,단일로 - 기타,화물,여,62세,경상,화물,남,35세,경상
2015112700100148,2015년 11월 27일 08시,금요일,강원도 춘천시 운교동,중상사고,0,1,0,0,차대차 - 측면직각충돌,교차로운행방법위반,건조,맑음,교차로 - 교차로안,승용,남,61세,상해없음,자전거,여,58세,중상
2015112700100201,2015년 11월 27일 09시,금요일,강원도 춘천시 사북면,경상사고,0,0,3,0,차대차 - 측면직각충돌,직진우회전진행방해,건조,맑음,교차로 - 교차로안,화물,남,76세,상해없음,승용,남,51세,경상
2015112700100305,2015년 11월 27일 13시,금요일,강원도 춘천시 동내면,경상사고,0,0,1,0,차대차 - 측면직각충돌,신호위반,건조,맑음,교차로 - 교차로안,승용,여,56세,상해없음,승용,남,45세,경상
2015112700100306,2015년 11월 27일 13시,금요일,강원도 원주시 흥업면,경상사고,0,0,1,0,차대차 - 추돌 - 진행중,안전거리미확보,건조,맑음,단일로 - 기타,화물,남,41세,상해없음,승용,남,32세,경상
2015112700100307,2015년 11월 27일 13시,금요일,강원도 속초시 교동,경상사고,0,0,1,0,차대차 - 추돌 - 주정차중,안전운전불이행,건조,맑음,교차로 - 교차로부근,승용,여,65세,상해없음,승용,여,53세,경상
2015112700100344,2015년 11월 27일 14시,금요일,강원도 삼척시 정상동,경상사고,0,0,1,0,차대차 - 추돌 - 주정차중,안전거리미확보,건조,맑음,단일로 - 기타,건설기계,남,48세,상해없음,승용,남,69세,경상
2015112700100382,2015년 11월 27일 15시,금요일,강원도 강릉시 노암동,경상사고,0,0,1,0,차대차 - 정면충돌,안전운전불이행,건조,맑음,교차로 - 교차로부근,승용,남,52세,상해없음,승용,남,40세,경상
2015112700100383,2015년 11월 27일 15시,금요일,강원도 원주시 무실동,중상사고,0,2,0,0,차대차 - 측면직각충돌,신호위반,건조,맑음,교차로 - 교차로안,승용,여,40세,중상,승용,여,38세,중상
2015112700100384,2015년 11월 27일 15시,금요일,강원도 삼척시 마달동,경상사고,0,0,1,1,차대차 - 측면직각충돌,교차로운행방법위반,건조,맑음,교차로 - 교차로안,승용,여,57세,부상신고,승용,여,33세,경상
2015112700100426,2015년 11월 27일 16시,금요일,강원도 정선군 정선읍,경상사고,0,0,1,0,차대사람 - 횡단중,안전운전불이행,건조,맑음,교차로 - 교차로안,승용,남,37세,상해없음,보행자,남,41세,경상
2015112700100427,2015년 11월 27일 16시,금요일,강원도 원주시 판부면,경상사고,0,0,1,0,차량단독 - 공작물충돌,안전운전불이행,건조,흐림,단일로 - 터널,승용,남,18세,상해없음,,,,
2015112700100465,2015년 11월 27일 17시,금요일,강원도 춘천시 온의동,경상사고,0,0,5,0,차대차 - 추돌 - 주정차중,안전운전불이행,건조,맑음,교차로 - 교차로부근,승용,남,73세,상해없음,승용,여,56세,경상
2015112700100466,2015년 11월 27일 17시,금요일,강원도 원주시 소초면,중상사고,0,1,0,0,차대차 - 추돌 - 진행중,교차로운행방법위반,건조,맑음,교차로 - 교차로안,승용,남,51세,상해없음,승용,남,55세,중상
2015112700100467,2015년 11월 27일 17시,금요일,강원도 속초시 교동,중상사고,0,1,0,0,차대차 - 측면직각충돌,중앙선침범,건조,맑음,단일로 - 기타,승용,남,69세,상해없음,원동기,남,52세,중상
2015112700100468,2015년 11월 27일 17시,금요일,강원도 동해시 이도동,경상사고,0,0,1,0,차대차 - 측면직각충돌,직진우회전진행방해,건조,맑음,교차로 - 교차로안,승용,여,57세,상해없음,승용,여,50세,경상
2015112700100514,2015년 11월 27일 18시,금요일,강원도 원주시 명륜동,경상사고,0,0,1,0,차대차 - 추돌 - 진행중,교차로운행방법위반,건조,맑음,교차로 - 교차로부근,승용,남,71세,상해없음,승용,여,53세,경상
2015112700100515,2015년 11월 27일 18시,금요일,강원도 원주시 무실동,경상사고,0,0,1,0,차대차 - 측면직각충돌,교차로운행방법위반,건조,맑음,교차로 - 교차로안,승용,여,50세,상해없음,승용,남,33세,경상
2015112700100516,2015년 11월 27일 18시,금요일,강원도 양구군 양구읍,경상사고,0,0,1,0,차대차 - 정면충돌,안전운전불이행,건조,흐림,단일로 - 기타,화물,남,61세,상해없음,승용,남,33세,경상
2015112700100575,2015년 11월 27일 19시,금요일,강원도 강릉시 포남동,경상사고,0,0,1,0,차대차 - 추돌 - 진행중,안전운전불이행,건조,맑음,단일로 - 기타,화물,남,58세,상해없음,화물,남,29세,경상
2015112700100576,2015년 11월 27일 19시,금요일,강원도 원주시 흥업면,경상사고,0,0,2,0,차대차 - 추돌 - 진행중,안전운전불이행,건조,맑음,단일로 - 기타,승용,남,49세,상해없음,승용,남,46세,경상
2015112700100626,2015년 11월 27일 20시,금요일,강원도 춘천시 사농동,경상사고,0,0,1,0,차대사람 - 횡단중,안전운전불이행,건조,맑음,단일로 - 기타,승용,여,51세,상해없음,보행자,남,32세,경상
2015112700100747,2015년 11월 27일 23시,금요일,강원도 원주시 가현동,경상사고,0,0,1,0,차대차 - 추돌 - 진행중,불법유턴,건조,맑음,기타 - 기타,이륜,남,51세,상해없음,승용,남,41세,경상
2015112800100048,2015년 11월 28일 01시,토요일,강원도 춘천시 석사동,경상사고,0,0,1,0,차대사람 - 횡단중,교차로운행방법위반,건조,맑음,단일로 - 기타,승용,여,50세,상해없음,보행자,남,23세,경상
2015112800100097,2015년 11월 28일 04시,토요일,강원도 홍천군 남면,사망사고,1,0,1,0,차대차 - 정면충돌,중앙선침범,건조,맑음,단일로 - 기타,승용,남,31세,사망,화물,남,49세,경상
2015112800100114,2015년 11월 28일 05시,토요일,강원도 영월군 남면,사망사고,1,0,0,0,차대차 - 추돌 - 진행중,안전운전불이행,건조,맑음,단일로 - 기타,승용,남,50세,사망,화물,남,44세,상해없음
2015112800100179,2015년 11월 28일 09시,토요일,강원도 원주시 개운동,경상사고,0,0,1,0,차대차 - 정면충돌,신호위반,건조,맑음,교차로 - 교차로안,승용,여,57세,상해없음,승용,남,70세,경상
2015112800100230,2015년 11월 28일 11시,토요일,강원도 춘천시 사농동,중상사고,0,1,0,0,차대차 - 측면직각충돌,안전운전불이행,건조,맑음,단일로 - 기타,승용,남,52세,상해없음,화물,남,35세,중상
2015112800100231,2015년 11월 28일 11시,토요일,강원도 춘천시 약사동,경상사고,0,0,1,0,차대차 - 정면충돌,안전운전불이행,건조,맑음,단일로 - 기타,승합,여,59세,상해없음,승용,여,47세,경상
2015112800100232,2015년 11월 28일 11시,토요일,강원도 속초시 금호동,경상사고,0,0,1,0,차대차 - 측면직각충돌,안전운전불이행,건조,맑음,단일로 - 횡단보도상,승용,남,71세,상해없음,이륜,남,22세,경상
2015112800100270,2015년 11월 28일 12시,토요일,강원도 춘천시 사북면,경상사고,0,0,2,0,차대차 - 정면충돌,중앙선침범,습기,맑음,단일로 - 기타,화물,남,70세,상해없음,승용,여,59세,경상
2015112800100296,2015년 11월 28일 13시,토요일,강원도 원주시 평원동,경상사고,0,0,1,0,차대차 - 측면직각충돌,안전운전불이행,건조,맑음,교차로 - 교차로부근,승용,남,37세,상해없음,승용,여,67세,경상
2015112800100333,2015년 11월 28일 14시,토요일,강원도 양구군 남면,경상사고,0,0,1,0,차대차 - 정면충돌,중앙선침범,건조,맑음,단일로 - 기타,화물,남,59세,상해없음,승용,여,60세,경상
2015112800100365,2015년 11월 28일 15시,토요일,강원도 동해시 송정동,경상사고,0,0,1,0,차대차 - 측면직각충돌,신호위반,건조,맑음,교차로 - 교차로안,승용,남,46세,상해없음,화물,남,39세,경상
2015112800100464,2015년 11월 28일 18시,토요일,강원도 춘천시 석사동,중상사고,0,1,1,0,차대차 - 측면직각충돌,중앙선침범,건조,맑음,단일로 - 기타,이륜,남,49세,상해없음,이륜,남,17세,경상
2015112800100465,2015년 11월 28일 18시,토요일,강원도 평창군 대관령면,중상사고,0,1,0,0,차대사람 - 횡단중,안전운전불이행,건조,맑음,단일로 - 기타,승용,남,52세,상해없음,보행자,여,62세,중상
2015112800100466,2015년 11월 28일 18시,토요일,강원도 정선군 정선읍,경상사고,0,0,2,0,차대차 - 정면충돌,중앙선침범,건조,맑음,단일로 - 기타,승용,남,46세,상해없음,승용,남,71세,경상
2015112800100467,2015년 11월 28일 18시,토요일,강원도 동해시 송정동,경상사고,0,0,3,0,차대차 - 추돌 - 주정차중,안전운전불이행,건조,흐림,교차로 - 교차로부근,승용,여,53세,상해없음,승용,여,58세,경상
2015112800100468,2015년 11월 28일 18시,토요일,강원도 홍천군 동면,중상사고,0,1,1,0,차대차 - 추돌 - 주정차중,안전거리미확보,건조,흐림,단일로 - 기타,승용,남,49세,경상,승용,남,44세,중상
2015112800100521,2015년 11월 28일 19시,토요일,강원도 강릉시 포남동,중상사고,0,1,0,0,차량단독 - 기타,기타,건조,맑음,단일로 - 기타,승합,남,56세,상해없음,,,,
2015112800100522,2015년 11월 28일 19시,토요일,강원도 홍천군 홍천읍,중상사고,0,1,2,0,차대차 - 정면충돌,안전운전불이행,건조,흐림,단일로 - 기타,승용,남,70세,경상,승용,남,43세,중상
2015112800100578,2015년 11월 28일 21시,토요일,강원도 강릉시 주문진읍,경상사고,0,0,3,0,차대차 - 추돌 - 주정차중,안전운전불이행,건조,맑음,단일로 - 기타,승용,남,37세,상해없음,승용,남,46세,경상
2015112800100605,2015년 11월 28일 22시,토요일,강원도 원주시 단구동,중상사고,0,1,0,0,차대차 - 정면충돌,안전운전불이행,건조,맑음,단일로 - 기타,승용,남,22세,상해없음,승용,남,60세,중상
2015112900100011,2015년 11월 29일 00시,일요일,강원도 원주시 단계동,중상사고,0,1,0,0,차대사람 - 횡단중,안전운전불이행,건조,맑음,단일로 - 기타,승용,여,36세,상해없음,보행자,남,32세,중상
2015112900100032,2015년 11월 29일 01시,일요일,강원도 원주시 단계동,경상사고,0,0,1,0,차대사람 - 횡단중,안전운전불이행,건조,맑음,단일로 - 기타,기타불명,기타불명,기타불명,기타불명,보행자,여,39세,경상
2015112900100121,2015년 11월 29일 08시,일요일,강원도 원주시 명륜동,경상사고,0,0,3,0,차대차 - 기타,안전운전불이행,건조,맑음,교차로 - 교차로안,승용,남,30세,상해없음,승용,남,45세,경상
2015112900100122,2015년 11월 29일 08시,일요일,강원도 원주시 단계동,중상사고,0,1,0,0,차대차 - 정면충돌,차로위반,건조,맑음,단일로 - 기타,승합,남,51세,상해없음,승용,여,43세,중상
2015112900100123,2015년 11월 29일 08시,일요일,강원도 평창군 대관령면,경상사고,0,0,2,0,차대차 - 정면충돌,안전운전불이행,습기,맑음,단일로 - 기타,승용,남,29세,상해없음,승용,남,69세,경상
2015112900100124,2015년 11월 29일 08시,일요일,강원도 동해시 나안동,중상사고,0,2,0,0,차량단독 - 전도전복,안전운전불이행,건조,흐림,교차로 - 교차로부근,승용,남,21세,중상,,,,
2015112900100135,2015년 11월 29일 09시,일요일,강원도 춘천시 사농동,경상사고,0,0,2,0,차대차 - 정면충돌,신호위반,습기,눈,교차로 - 교차로안,승용,여,54세,상해없음,승용,남,72세,경상
2015112900100151,2015년 11월 29일 10시,일요일,강원도 원주시 명륜동,경상사고,0,0,2,0,차대차 - 정면충돌,직진우회전진행방해,건조,흐림,교차로 - 교차로안,승용,남,47세,상해없음,승용,여,51세,경상
2015112900100180,2015년 11월 29일 12시,일요일,강원도 횡성군 둔내면,중상사고,0,2,14,0,차대차 - 추돌 - 주정차중,안전거리미확보,건조,흐림,단일로 - 터널,승용,남,20세,경상,화물,남,63세,상해없음
2015112900100222,2015년 11월 29일 14시,일요일,강원도 춘천시 효자동,경상사고,0,0,5,0,차대차 - 측면직각충돌,교차로운행방법위반,습기,비,교차로 - 교차로안,승용,남,52세,상해없음,승용,남,33세,경상
2015112900100254,2015년 11월 29일 15시,일요일,강원도 춘천시 후평동,경상사고,0,0,1,0,차대차 - 측면직각충돌,신호위반,습기,비,교차로 - 교차로안,승용,남,24세,상해없음,승용,여,31세,경상
2015112900100255,2015년 11월 29일 15시,일요일,강원도 원주시 반곡동,경상사고,0,0,3,0,차대차 - 정면충돌,신호위반,습기,비,교차로 - 교차로안,승합,남,57세,경상,승용,남,49세,경상
2015112900100375,2015년 11월 29일 18시,일요일,강원도 춘천시 후평동,사망사고,1,0,0,0,차대사람 - 횡단중,안전운전불이행,습기,비,단일로 - 기타,승합,남,56세,상해없음,보행자,남,76세,사망
2015112900100421,2015년 11월 29일 19시,일요일,강원도 강릉시 포남동,경상사고,0,0,1,0,차대차 - 정면충돌,안전운전불이행,건조,맑음,단일로 - 기타,승용,여,64세,상해없음,이륜,남,17세,경상
2015112900100422,2015년 11월 29일 19시,일요일,강원도 평창군 봉평면,중상사고,0,1,0,0,차대차 - 측면직각충돌,안전운전불이행,적설,눈,단일로 - 기타,승용,여,23세,상해없음,승용,남,37세,중상
2015112900100452,2015년 11월 29일 20시,일요일,강원도 강릉시 노암동,경상사고,0,0,1,0,차대차 - 정면충돌,안전운전불이행,건조,맑음,교차로 - 교차로안,승용,여,62세,상해없음,화물,남,47세,상해없음
2015113000100004,2015년 11월 30일 00시,월요일,강원도 원주시 단계동,경상사고,0,0,2,0,차대차 - 정면충돌,안전운전불이행,습기,비,교차로 - 교차로부근,승용,남,56세,상해없음,승용,남,34세,경상
2015113000100030,2015년 11월 30일 03시,월요일,강원도 속초시 조양동,경상사고,0,0,2,0,차대차 - 추돌 - 진행중,안전운전불이행,건조,맑음,교차로 - 교차로안,승용,남,21세,상해없음,승용,남,46세,경상
2015113000100056,2015년 11월 30일 06시,월요일,강원도 정선군 고한읍,경상사고,0,0,1,0,차대차 - 정면충돌,직진우회전진행방해,건조,맑음,교차로 - 교차로안,승용,여,53세,상해없음,승용,남,47세,경상
2015113000100122,2015년 11월 30일 08시,월요일,강원도 강릉시 강동면,경상사고,0,0,1,0,차대차 - 정면충돌,신호위반,건조,맑음,교차로 - 교차로안,승용,여,40세,상해없음,화물,남,40세,경상
2015113000100123,2015년 11월 30일 08시,월요일,강원도 홍천군 홍천읍,경상사고,0,0,1,0,차대차 - 측면직각충돌,안전운전불이행,습기,안개,교차로 - 교차로안,승용,남,22세,상해없음,승용,여,38세,경상
2015113000100154,2015년 11월 30일 09시,월요일,강원도 삼척시 교동,중상사고,0,1,0,0,차대차 - 측면직각충돌,신호위반,건조,맑음,교차로 - 교차로안,건설기계,남,29세,상해없음,건설기계,남,49세,중상
2015113000100188,2015년 11월 30일 10시,월요일,강원도 원주시 단구동,경상사고,0,0,1,0,차대차 - 정면충돌,교차로운행방법위반,건조,맑음,교차로 - 교차로안,승용,남,35세,상해없음,승용,여,27세,경상
2015113000100225,2015년 11월 30일 11시,월요일,강원도 삼척시 정상동,경상사고,0,0,1,0,차대차 - 정면충돌,안전운전불이행,건조,맑음,단일로 - 기타,승용,남,33세,상해없음,승용,여,46세,경상
2015113000100226,2015년 11월 30일 11시,월요일,강원도 평창군 봉평면,경상사고,0,0,1,0,차대차 - 정면충돌,중앙선침범,건조,맑음,단일로 - 기타,승용,남,51세,상해없음,건설기계,남,36세,경상
2015113000100255,2015년 11월 30일 12시,월요일,강원도 강릉시 입암동,중상사고,0,1,2,0,차대차 - 정면충돌,신호위반,건조,맑음,교차로 - 교차로안,승용,남,79세,상해없음,화물,남,36세,경상
2015113000100256,2015년 11월 30일 12시,월요일,강원도 원주시 단계동,경상사고,0,0,2,0,차대차 - 추돌 - 진행중,안전운전불이행,건조,맑음,단일로 - 기타,승용,남,64세,상해없음,승용,남,28세,경상
2015113000100285,2015년 11월 30일 13시,월요일,강원도 춘천시 동산면,경상사고,0,0,3,0,차대차 - 추돌 - 주정차중,안전거리미확보,건조,맑음,단일로 - 기타,화물,남,63세,상해없음,화물,남,50세,경상
2015113000100286,2015년 11월 30일 13시,월요일,강원도 원주시 봉산동,중상사고,0,1,0,0,차대차 - 추돌 - 진행중,교차로운행방법위반,건조,맑음,교차로 - 교차로부근,승용,남,56세,상해없음,승용,남,49세,중상
2015113000100287,2015년 11월 30일 13시,월요일,강원도 고성군 현내면,중상사고,0,1,1,0,차대차 - 정면충돌,중앙선침범,건조,맑음,교차로 - 교차로부근,화물,남,27세,상해없음,건설기계,남,45세,중상
2015113000100364,2015년 11월 30일 15시,월요일,강원도 춘천시 칠전동,경상사고,0,0,1,0,차대차 - 정면충돌,안전운전불이행,건조,맑음,교차로 - 교차로안,승용,남,29세,상해없음,승용,남,70세,경상
2015113000100365,2015년 11월 30일 15시,월요일,강원도 원주시 중앙동,경상사고,0,0,1,0,차대차 - 추돌 - 진행중,안전거리미확보,건조,맑음,교차로 - 교차로안,승용,남,52세,상해없음,승용,여,42세,경상
2015113000100366,2015년 11월 30일 15시,월요일,강원도 정선군 고한읍,경상사고,0,0,1,0,차대차 - 정면충돌,안전운전불이행,건조,맑음,교차로 - 교차로안,승용,여,33세,상해없음,승용,남,33세,경상
2015113000100367,2015년 11월 30일 15시,월요일,강원도 동해시 천곡동,경상사고,0,0,2,0,차대차 - 정면충돌,안전거리미확보,건조,맑음,단일로 - 기타,화물,남,46세,상해없음,승용,남,56세,경상
2015113000100406,2015년 11월 30일 16시,월요일,강원도 철원군 동송읍,경상사고,0,0,1,0,차대사람 - 횡단중,안전운전불이행,건조,맑음,기타 - 기타,승용,남,27세,상해없음,보행자,여,67세,경상
2015113000100440,2015년 11월 30일 17시,월요일,강원도 춘천시 조양동,경상사고,0,0,1,0,차대차 - 측면직각충돌,직진우회전진행방해,건조,맑음,교차로 - 교차로안,승용,남,83세,상해없음,승용,여,57세,경상
2015113000100441,2015년 11월 30일 17시,월요일,강원도 태백시 황지동,경상사고,0,0,1,0,차대차 - 정면충돌,교차로운행방법위반,건조,맑음,교차로 - 교차로부근,승용,남,67세,상해없음,승용,남,68세,경상
2015113000100498,2015년 11월 30일 18시,월요일,강원도 춘천시 교동,경상사고,0,0,4,0,차대차 - 정면충돌,안전운전불이행,건조,흐림,단일로 - 기타,승용,남,62세,상해없음,승용,남,42세,경상
2015113000100499,2015년 11월 30일 18시,월요일,강원도 원주시 신림면,중상사고,0,1,0,0,차대사람 - 횡단중,안전운전불이행,건조,맑음,단일로 - 기타,승용,남,67세,상해없음,보행자,남,44세,중상
2015113000100500,2015년 11월 30일 18시,월요일,강원도 원주시 단계동,경상사고,0,0,1,0,차대차 - 정면충돌,안전운전불이행,건조,맑음,단일로 - 기타,승용,남,58세,상해없음,화물,남,60세,경상
2015113000100501,2015년 11월 30일 18시,월요일,강원도 동해시 천곡동,경상사고,0,0,1,0,차대차 - 정면충돌,안전거리미확보,건조,맑음,단일로 - 기타,승용,남,74세,상해없음,승용,남,58세,경상
2015113000100588,2015년 11월 30일 20시,월요일,강원도 강릉시 내곡동,경상사고,0,0,1,0,차대차 - 정면충돌,안전운전불이행,건조,맑음,교차로 - 교차로안,승합,남,18세,상해없음,승용,남,62세,경상
2015113000100660,2015년 11월 30일 22시,월요일,강원도 강릉시 홍제동,경상사고,0,0,1,0,차대차 - 기타,안전운전불이행,건조,맑음,교차로 - 교차로부근,화물,남,59세,상해없음,화물,남,37세,경상
2015120100100048,2015년 12월 1일 03시,화요일,강원도 철원군 동송읍,경상사고,0,0,2,0,차량단독 - 전도전복,안전운전불이행,건조,맑음,단일로 - 기타,승용,남,20세,경상,,,,
2015120100100079,2015년 12월 1일 06시,화요일,강원도 춘천시 석사동,중상사고,0,1,1,0,차대차 - 측면직각충돌,안전운전불이행,건조,맑음,단일로 - 기타,자전거,남,73세,중상,원동기,남,57세,경상
2015120100100247,2015년 12월 1일 12시,화요일,강원도 춘천시 효자동,경상사고,0,0,2,0,차대차 - 정면충돌,안전운전불이행,건조,맑음,단일로 - 기타,승용,남,77세,상해없음,화물,남,46세,경상
2015120100100248,2015년 12월 1일 12시,화요일,강원도 춘천시 교동,중상사고,0,1,0,0,차대차 - 정면충돌,교차로운행방법위반,건조,맑음,교차로 - 교차로안,승용,여,50세,상해없음,이륜,남,31세,중상
2015120100100271,2015년 12월 1일 13시,화요일,강원도 태백시 화전동,경상사고,0,0,1,0,차대차 - 정면충돌,교차로운행방법위반,건조,맑음,교차로 - 교차로안,승용,남,58세,상해없음,승용,남,69세,경상
2015120100100272,2015년 12월 1일 13시,화요일,강원도 횡성군 횡성읍,경상사고,0,0,1,0,차대사람 - 횡단중,안전운전불이행,건조,맑음,단일로 - 기타,승용,남,52세,상해없음,보행자,여,55세,경상
2015120100100273,2015년 12월 1일 13시,화요일,강원도 동해시 천곡동,경상사고,0,0,4,0,차대차 - 추돌 - 진행중,안전거리미확보,건조,맑음,단일로 - 기타,화물,남,60세,상해없음,승용,남,37세,경상
2015120100100305,2015년 12월 1일 14시,화요일,강원도 춘천시 후평동,경상사고,0,0,2,0,차대차 - 측면직각충돌,직진우회전진행방해,건조,맑음,교차로 - 교차로안,승용,여,43세,경상,화물,남,41세,경상