사고번호,사고일시,요일,시군구,사고내용,사망자수,중상자수,경상자수,부상신고자수,사고유형,법규위반,노면상태,기상상태,도로형태,가해운전자 차종,가해운전자 성별,가해운전자 연령,가해운전자 상해정도,피해운전자 차종,피해운전자 성별,피해운전자 연령,피해운전자 상해정도
2015120100100306,2015년 12월 1일 14시,화요일,강원도 태백시 화전동,경상사고,0,0,1,0,차량단독 - 전도전복,안전운전불이행,건조,맑음,단일로 - 기타,승용,남,46세,상해없음,,,,
2015120100100342,2015년 12월 1일 15시,화요일,강원도 춘천시 후평동,부상신고사고,0,0,0,2,차대차 - 측면직각충돌,안전운전불이행,건조,맑음,교차로 - 교차로안,원동기,남,21세,부상신고,승용,여,56세,부상신고
2015120100100385,2015년 12월 1일 16시,화요일,강원도 춘천시 효자동,경상사고,0,0,1,0,차대사람 - 횡단중,안전운전불이행,건조,맑음,단일로 - 기타,승용,남,23세,상해없음,보행자,여,23세,경상
2015120100100386,2015년 12월 1일 16시,화요일,강원도 영월군 한반도면,경상사고,0,0,1,8,차대차 - 정면충돌,기타,건조,맑음,단일로 - 기타,승용,여,56세,경상,승합,남,54세,부상신고
2015120100100426,2015년 12월 1일 17시,화요일,강원도 삼척시 적노동,사망사고,1,0,0,0,차량단독 - 도로외이탈 - 추락,안전운전불이행,건조,맑음,단일로 - 기타,이륜,남,53세,사망,,,,
2015120100100472,2015년 12월 1일 18시,화요일,강원도 강릉시 교동,경상사고,0,0,1,0,차대사람 - 횡단중,안전운전불이행,건조,맑음,단일로 - 기타,승용,남,40세,상해없음,보행자,남,69세,경상
2015120100100473,2015년 12월 1일 18시,화요일,강원도 홍천군 북방면,중상사고,0,1,1,0,차대차 - 정면충돌,안전운전불이행,건조,맑음,단일로 - 기타,승용,여,45세,상해없음,농기계,남,67세,중상
2015120100100530,2015년 12월 1일 19시,화요일,강원도 춘천시 신동면,경상사고,0,0,1,0,차대차 - 측면직각충돌,신호위반,건조,맑음,교차로 - 교차로안,승용,남,56세,상해없음,승합,남,58세,경상
2015120100100531,2015년 12월 1일 19시,화요일,강원도 원주시 학성동,경상사고,0,0,1,0,차대차 - 정면충돌,안전운전불이행,건조,맑음,단일로 - 기타,승용,여,54세,상해없음,승용,여,34세,경상
2015120100100585,2015년 12월 1일 21시,화요일,강원도 횡성군 우천면,중상사고,0,1,2,0,차대차 - 측면직각충돌,안전운전불이행,건조,맑음,단일로 - 기타,승용,남,65세,경상,승용,남,45세,중상
2015120200100009,2015년 12월 2일 00시,수요일,강원도 속초시 조양동,중상사고,0,2,0,0,차대사람 - 횡단중,안전운전불이행,건조,맑음,단일로 - 기타,승용,남,54세,상해없음,보행자,남,38세,중상
2015120200100138,2015년 12월 2일 08시,수요일,강원도 원주시 단계동,경상사고,0,0,1,0,차대차 - 정면충돌,안전운전불이행,건조,맑음,단일로 - 기타,승용,남,74세,상해없음,승용,남,51세,상해없음
2015120200100139,2015년 12월 2일 08시,수요일,강원도 원주시 무실동,중상사고,0,1,0,0,차대사람 - 횡단중,보행자보호의무위반,건조,맑음,단일로 - 횡단보도상,승용,남,30세,상해없음,보행자,여,40세,중상
2015120200100140,2015년 12월 2일 08시,수요일,강원도 속초시 조양동,경상사고,0,0,1,0,차대차 - 추돌 - 진행중,안전거리미확보,건조,맑음,단일로 - 기타,승합,남,59세,상해없음,승용,남,34세,경상
2015120200100141,2015년 12월 2일 08시,수요일,강원도 정선군 정선읍,사망사고,1,0,1,0,차대차 - 정면충돌,중앙선침범,습기,흐림,단일로 - 기타,승용,남,55세,사망,건설기계,남,60세,경상
2015120200100177,2015년 12월 2일 09시,수요일,강원도 원주시 문막읍,중상사고,0,2,1,0,차대차 - 측면직각충돌,교차로운행방법위반,습기,비,교차로 - 교차로안,화물,남,52세,상해없음,화물,남,34세,중상
2015120200100202,2015년 12월 2일 10시,수요일,강원도 속초시 노학동,경상사고,0,0,2,0,차대차 - 정면충돌,안전운전불이행,건조,맑음,교차로 - 교차로안,건설기계,남,48세,상해없음,화물,남,34세,경상
2015120200100203,2015년 12월 2일 10시,수요일,강원도 홍천군 홍천읍,경상사고,0,0,1,0,차대차 - 측면직각충돌,안전운전불이행,습기,비,교차로 - 교차로안,승용,남,52세,상해없음,승용,남,70세,경상
2015120200100232,2015년 12월 2일 11시,수요일,강원도 원주시 무실동,경상사고,0,0,1,0,차대차 - 측면직각충돌,신호위반,건조,맑음,교차로 - 교차로안,이륜,남,76세,경상,승용,남,53세,상해없음
2015120200100259,2015년 12월 2일 12시,수요일,강원도 양양군 현남면,경상사고,0,0,2,0,차대차 - 정면충돌,중앙선침범,건조,맑음,단일로 - 기타,화물,남,45세,기타불명,승용,남,65세,경상
2015120200100274,2015년 12월 2일 13시,수요일,강원도 태백시 동점동,경상사고,0,0,1,0,차대차 - 정면충돌,중앙선침범,건조,맑음,단일로 - 기타,승용,남,33세,상해없음,승용,남,34세,경상
2015120200100300,2015년 12월 2일 14시,수요일,강원도 속초시 대포동,경상사고,0,0,4,1,차대차 - 정면충돌,안전거리미확보,습기,흐림,단일로 - 기타,승용,남,27세,상해없음,승합,남,27세,경상
2015120200100340,2015년 12월 2일 15시,수요일,강원도 춘천시 소양로3가,경상사고,0,0,1,0,차대차 - 정면충돌,신호위반,습기,비,교차로 - 교차로안,승용,여,58세,상해없음,승용,여,28세,경상
2015120200100372,2015년 12월 2일 16시,수요일,강원도 춘천시 온의동,경상사고,0,0,1,0,차대차 - 정면충돌,안전운전불이행,건조,맑음,교차로 - 교차로안,승용,남,60세,상해없음,승용,여,41세,경상
2015120200100412,2015년 12월 2일 17시,수요일,강원도 속초시 교동,경상사고,0,0,1,0,차대차 - 정면충돌,안전거리미확보,건조,맑음,단일로 - 기타,화물,남,42세,상해없음,이륜,남,19세,경상
2015120200100413,2015년 12월 2일 17시,수요일,강원도 삼척시 남양동,경상사고,0,0,1,0,차대차 - 정면충돌,안전운전불이행,건조,맑음,교차로 - 교차로안,승용,여,52세,상해없음,승용,남,23세,경상
2015120200100414,2015년 12월 2일 17시,수요일,강원도 태백시 철암동,경상사고,0,0,2,0,차대차 - 정면충돌,교차로운행방법위반,습기,눈,교차로 - 교차로부근,승용,남,75세,상해없음,승용,여,41세,경상
2015120200100466,2015년 12월 2일 18시,수요일,강원도 춘천시 온의동,경상사고,0,0,2,0,차대차 - 추돌 - 진행중,안전운전불이행,습기,비,교차로 - 교차로부근,승용,여,52세,상해없음,승용,남,42세,경상
2015120200100467,2015년 12월 2일 18시,수요일,강원도 원주시 학성동,경상사고,0,0,2,0,차대차 - 추돌 - 주정차중,안전운전불이행,건조,맑음,단일로 - 기타,승용,남,51세,상해없음,승용,여,28세,경상
2015120200100468,2015년 12월 2일 18시,수요일,강원도 삼척시 오분동,중상사고,0,1,0,0,차대차 - 정면충돌,안전운전불이행,건조,맑음,단일로 - 기타,원동기,남,53세,중상,승용,남,60세,기타불명
2015120200100469,2015년 12월 2일 18시,수요일,강원도 홍천군 홍천읍,중상사고,0,1,0,0,차대사람 - 횡단중,안전운전불이행,습기,흐림,교차로 - 교차로안,승합,남,39세,상해없음,보행자,여,59세,중상
2015120200100470,2015년 12월 2일 18시,수요일,강원도 태백시 황지동,경상사고,0,0,1,0,차대사람 - 횡단중,보행자보호의무위반,습기,비,교차로 - 교차로부근,승합,여,45세,상해없음,보행자,남,57세,경상
2015120200100504,2015년 12월 2일 19시,수요일,강원도 춘천시 퇴계동,중상사고,0,1,0,0,차대차 - 측면직각충돌,교차로운행방법위반,건조,맑음,교차로 - 교차로안,승용,남,25세,상해없음,이륜,남,17세,중상
2015120200100546,2015년 12월 2일 20시,수요일,강원도 강릉시 주문진읍,경상사고,0,0,2,0,차량단독 - 전도전복,안전운전불이행,건조,맑음,단일로 - 기타,승용,남,41세,상해없음,,,,
2015120200100547,2015년 12월 2일 20시,수요일,강원도 원주시 단계동,중상사고,0,2,1,0,차대차 - 정면충돌,안전거리미확보,건조,맑음,단일로 - 기타,승용,여,46세,경상,승합,여,44세,중상
2015120200100578,2015년 12월 2일 21시,수요일,강원도 강릉시 노암동,중상사고,0,1,0,0,차대차 - 정면충돌,신호위반,건조,맑음,교차로 - 교차로안,승용,남,46세,기타불명,승용,남,21세,중상
2015120200100618,2015년 12월 2일 22시,수요일,강원도 원주시 단계동,경상사고,0,0,3,0,차대차 - 정면충돌,교차로운행방법위반,건조,맑음,교차로 - 교차로부근,승용,남,42세,상해없음,승용,남,39세,경상
2015120200100642,2015년 12월 2일 23시,수요일,강원도 원주시 무실동,중상사고,0,1,0,0,차대사람 - 횡단중,안전운전불이행,건조,맑음,교차로 - 교차로안,이륜,남,18세,상해없음,보행자,남,27세,중상
2015120300100012,2015년 12월 3일 00시,목요일,강원도 춘천시 후평동,경상사고,0,0,2,0,차대차 - 측면직각충돌,안전운전불이행,건조,맑음,교차로 - 교차로안,승용,여,54세,상해없음,승용,남,27세,경상
2015120300100081,2015년 12월 3일 06시,목요일,강원도 춘천시 후평동,부상신고사고,0,0,0,1,차대사람 - 횡단중,안전운전불이행,건조,맑음,단일로 - 기타,기타불명,기타불명,기타불명,기타불명,보행자,남,75세,부상신고
2015120300100097,2015년 12월 3일 07시,목요일,강원도 원주시 문막읍,경상사고,0,0,1,0,차대차 - 측면직각충돌,안전거리미확보,습기,눈,단일로 - 기타,승용,남,53세,상해없음,승합,남,37세,경상
2015120300100098,2015년 12월 3일 07시,목요일,강원도 원주시 단계동,경상사고,0,0,1,0,차대차 - 추돌 - 주정차중,안전거리미확보,적설,눈,단일로 - 기타,승용,남,62세,상해없음,승용,여,45세,경상
2015120300100129,2015년 12월 3일 08시,목요일,강원도 홍천군 서석면,중상사고,0,2,0,0,차량단독 - 전도전복,안전운전불이행,적설,눈,단일로 - 기타,승용,남,75세,중상,,,,
2015120300100160,2015년 12월 3일 09시,목요일,강원도 평창군 평창읍,중상사고,0,1,0,0,차대사람 - 횡단중,안전운전불이행,습기,맑음,단일로 - 기타,화물,남,59세,기타불명,보행자,남,54세,중상
2015120300100191,2015년 12월 3일 10시,목요일,강원도 춘천시 퇴계동,경상사고,0,0,3,0,차대차 - 측면직각충돌,안전운전불이행,습기,흐림,교차로 - 교차로부근,승용,여,53세,상해없음,승용,남,53세,경상
2015120300100192,2015년 12월 3일 10시,목요일,강원도 춘천시 후평동,경상사고,0,0,1,0,차대차 - 측면직각충돌,교차로운행방법위반,건조,맑음,교차로 - 교차로안,승용,남,30세,상해없음,화물,남,63세,경상
2015120300100193,2015년 12월 3일 10시,목요일,강원도 동해시 천곡동,경상사고,0,0,1,0,차대사람 - 횡단중,안전운전불이행,건조,흐림,단일로 - 기타,승용,여,35세,상해없음,보행자,여,65세,경상
2015120300100220,2015년 12월 3일 11시,목요일,강원도 원주시 관설동,경상사고,0,0,1,0,차대차 - 정면충돌,신호위반,습기,눈,교차로 - 교차로안,승용,남,37세,상해없음,승용,여,50세,경상
2015120300100221,2015년 12월 3일 11시,목요일,강원도 원주시 신림면,중상사고,0,1,2,0,차대차 - 정면충돌,중앙선침범,습기,눈,단일로 - 기타,승용,여,50세,상해없음,승합,남,41세,경상
2015120300100222,2015년 12월 3일 11시,목요일,강원도 원주시 우산동,경상사고,0,0,1,0,차대차 - 정면충돌,안전운전불이행,습기,비,교차로 - 교차로안,승용,여,29세,상해없음,승용,남,62세,경상
2015120300100251,2015년 12월 3일 12시,목요일,강원도 홍천군 홍천읍,중상사고,0,1,0,0,차대사람 - 횡단중,보행자보호의무위반,적설,눈,교차로 - 교차로부근,승용,남,72세,상해없음,보행자,여,73세,중상
2015120300100252,2015년 12월 3일 12시,목요일,강원도 횡성군 둔내면,경상사고,0,0,2,0,차대차 - 정면충돌,안전운전불이행,적설,눈,단일로 - 기타,승용,여,44세,상해없음,화물,남,48세,경상
2015120300100253,2015년 12월 3일 12시,목요일,강원도 횡성군 공근면,중상사고,0,1,1,1,차대차 - 추돌 - 진행중,안전운전불이행,적설,눈,단일로 - 기타,승용,남,32세,상해없음,승용,남,42세,부상신고
2015120300100282,2015년 12월 3일 13시,목요일,강원도 고성군 죽왕면,중상사고,0,1,0,0,차대사람 - 횡단중,안전운전불이행,건조,맑음,단일로 - 기타,화물,남,43세,상해없음,보행자,여,54세,중상
2015120300100314,2015년 12월 3일 14시,목요일,강원도 동해시 용정동,중상사고,0,1,1,0,차대차 - 측면직각충돌,직진우회전진행방해,건조,맑음,교차로 - 교차로안,화물,남,69세,중상,승용,여,48세,경상
2015120300100348,2015년 12월 3일 15시,목요일,강원도 강릉시 임당동,경상사고,0,0,1,0,차대사람 - 횡단중,보행자보호의무위반,건조,맑음,단일로 - 횡단보도상,기타불명,기타불명,기타불명,기타불명,보행자,여,55세,경상
2015120300100349,2015년 12월 3일 15시,목요일,강원도 태백시 원동,중상사고,0,1,0,0,차량단독 - 전도전복,안전운전불이행,적설,눈,단일로 - 기타,승용,남,64세,상해없음,,,,
2015120300100373,2015년 12월 3일 16시,목요일,강원도 춘천시 동내면,경상사고,0,0,1,0,차대차 - 정면충돌,신호위반,건조,흐림,교차로 - 교차로안,승용,여,51세,상해없음,승용,남,68세,경상
2015120300100416,2015년 12월 3일 17시,목요일,강원도 춘천시 동산면,중상사고,0,1,1,1,차대차 - 정면충돌,중앙선침범,습기,흐림,단일로 - 기타,승용,남,45세,부상신고,화물,남,61세,중상
2015120300100417,2015년 12월 3일 17시,목요일,강원도 강릉시 옥천동,경상사고,0,0,1,0,차대사람 - 횡단중,보행자보호의무위반,건조,맑음,교차로 - 교차로부근,화물,남,72세,상해없음,보행자,남,82세,경상
2015120300100460,2015년 12월 3일 18시,목요일,강원도 춘천시 옥천동,경상사고,0,0,1,0,차대사람 - 횡단중,안전운전불이행,건조,맑음,단일로 - 기타,기타불명,기타불명,기타불명,기타불명,보행자,남,22세,경상
2015120300100461,2015년 12월 3일 18시,목요일,강원도 양구군 양구읍,경상사고,0,0,1,0,차대사람 - 횡단중,안전운전불이행,결빙,눈,단일로 - 기타,승용,여,40세,상해없음,보행자,여,26세,경상
2015120300100462,2015년 12월 3일 18시,목요일,강원도 동해시 천곡동,부상신고사고,0,0,0,1,차량단독 - 전도전복,안전운전불이행,건조,맑음,단일로 - 기타,원동기,남,57세,부상신고,,,,
2015120300100502,2015년 12월 3일 19시,목요일,강원도 양양군 강현면,경상사고,0,0,1,0,차대차 - 정면충돌,안전운전불이행,건조,맑음,단일로 - 기타,승용,여,63세,상해없음,승용,남,45세,경상
2015120300100503,2015년 12월 3일 19시,목요일,강원도 동해시 천곡동,경상사고,0,0,1,0,차대차 - 측면직각충돌,안전거리미확보,건조,흐림,단일로 - 기타,승용,남,57세,상해없음,원동기,남,17세,경상
2015120300100537,2015년 12월 3일 20시,목요일,강원도 춘천시 효자동,경상사고,0,0,1,0,차대차 - 정면충돌,안전운전불이행,건조,맑음,교차로 - 교차로안,이륜,남,16세,상해없음,승용,남,58세,경상
2015120300100538,2015년 12월 3일 20시,목요일,강원도 원주시 단구동,중상사고,0,1,0,0,차대사람 - 횡단중,보행자보호의무위반,습기,눈,단일로 - 기타,승용,여,44세,상해없음,보행자,남,13세,중상
2015120300100595,2015년 12월 3일 22시,목요일,강원도 춘천시 효자동,경상사고,0,0,1,0,차대차 - 기타,안전운전불이행,건조,맑음,단일로 - 기타,승용,남,27세,상해없음,승용,남,26세,경상
2015120300100596,2015년 12월 3일 22시,목요일,강원도 횡성군 횡성읍,경상사고,0,0,1,0,차대차 - 정면충돌,신호위반,건조,맑음,교차로 - 교차로안,승용,여,48세,상해없음,승용,여,51세,경상
2015120400100076,2015년 12월 4일 06시,금요일,강원도 동해시 용정동,중상사고,0,1,0,0,차대차 - 측면직각충돌,안전거리미확보,건조,맑음,단일로 - 기타,화물,남,60세,상해없음,화물,남,70세,중상
2015120400100089,2015년 12월 4일 07시,금요일,강원도 영월군 수주면,중상사고,0,1,0,0,차량단독 - 전도전복,안전운전불이행,결빙,맑음,단일로 - 기타,승용,여,48세,상해없음,,,,
2015120400100114,2015년 12월 4일 08시,금요일,강원도 동해시 용정동,경상사고,0,0,1,0,차량단독 - 전도전복,안전운전불이행,건조,맑음,단일로 - 기타,이륜,남,19세,경상,,,,
2015120400100152,2015년 12월 4일 09시,금요일,강원도 춘천시 효자동,경상사고,0,0,2,0,차대차 - 측면직각충돌,신호위반,건조,맑음,교차로 - 교차로안,승용,남,60세,상해없음,승용,남,52세,경상
2015120400100153,2015년 12월 4일 09시,금요일,강원도 원주시 반곡동,경상사고,0,0,7,0,차대차 - 정면충돌,안전운전불이행,건조,맑음,교차로 - 교차로부근,승용,남,34세,상해없음,승합,남,65세,상해없음
2015120400100154,2015년 12월 4일 09시,금요일,강원도 원주시 중앙동,경상사고,0,0,2,0,차대차 - 정면충돌,차로위반,건조,맑음,단일로 - 기타,화물,남,55세,상해없음,승용,남,43세,경상
2015120400100155,2015년 12월 4일 09시,금요일,강원도 속초시 도문동,경상사고,0,0,3,0,차대차 - 정면충돌,중앙선침범,건조,맑음,단일로 - 기타,승용,남,54세,상해없음,승합,남,59세,상해없음
2015120400100236,2015년 12월 4일 12시,금요일,강원도 고성군 죽왕면,경상사고,0,0,1,0,차대차 - 정면충돌,안전운전불이행,건조,맑음,단일로 - 기타,화물,남,57세,상해없음,승용,남,62세,경상
2015120400100261,2015년 12월 4일 13시,금요일,강원도 강릉시 옥천동,경상사고,0,0,1,0,차대차 - 측면직각충돌,안전운전불이행,건조,맑음,단일로 - 기타,승용,남,43세,상해없음,이륜,남,20세,경상
2015120400100289,2015년 12월 4일 14시,금요일,강원도 춘천시 후평동,중상사고,0,1,0,0,차대사람 - 길가장자리구역통행중,안전운전불이행,건조,맑음,단일로 - 기타,화물,남,35세,상해없음,보행자,여,82세,중상
2015120400100290,2015년 12월 4일 14시,금요일,강원도 철원군 근남면,경상사고,0,0,2,0,차대차 - 추돌 - 주정차중,안전거리미확보,건조,맑음,교차로 - 교차로안,화물,남,67세,상해없음,승용,여,47세,경상
2015120400100316,2015년 12월 4일 15시,금요일,강원도 춘천시 퇴계동,중상사고,0,1,1,0,차대차 - 측면직각충돌,안전운전불이행,건조,맑음,단일로 - 기타,화물,여,44세,상해없음,승용,여,31세,경상
2015120400100317,2015년 12월 4일 15시,금요일,강원도 춘천시 우두동,경상사고,0,0,2,0,차대차 - 측면직각충돌,신호위반,건조,맑음,교차로 - 교차로안,승용,남,41세,상해없음,승용,여,57세,경상
2015120400100318,2015년 12월 4일 15시,금요일,강원도 강릉시 성남동,경상사고,0,0,1,0,차대차 - 추돌 - 진행중,안전운전불이행,건조,맑음,단일로 - 기타,승용,여,72세,상해없음,화물,남,58세,경상
2015120400100319,2015년 12월 4일 15시,금요일,강원도 원주시 우산동,중상사고,0,1,0,0,차량단독 - 기타,안전운전불이행,건조,맑음,교차로 - 교차로부근,승합,남,54세,상해없음,,,,
2015120400100320,2015년 12월 4일 15시,금요일,강원도 태백시 황지동,경상사고,0,0,1,0,차대사람 - 보도통행중,보행자보호의무위반,건조,맑음,단일로 - 횡단보도상,승용,여,42세,상해없음,보행자,여,15세,경상
2015120400100392,2015년 12월 4일 17시,금요일,강원도 원주시 명륜동,중상사고,0,1,1,0,차대차 - 추돌 - 진행중,교차로운행방법위반,건조,맑음,교차로 - 교차로안,승용,남,57세,상해없음,승용,남,52세,경상
2015120400100393,2015년 12월 4일 17시,금요일,강원도 원주시 문막읍,경상사고,0,0,2,0,차대차 - 추돌 - 진행중,교차로운행방법위반,결빙,맑음,교차로 - 교차로안,승용,남,25세,상해없음,승용,남,58세,경상
2015120400100447,2015년 12월 4일 18시,금요일,강원도 원주시 태장동,경상사고,0,0,1,0,차대차 - 추돌 - 진행중,안전운전불이행,건조,맑음,교차로 - 교차로부근,승용,여,53세,상해없음,승용,남,28세,경상
2015120400100448,2015년 12월 4일 18시,금요일,강원도 동해시 효가동,경상사고,0,0,1,0,차대차 - 정면충돌,안전운전불이행,건조,맑음,교차로 - 교차로안,화물,남,44세,상해없음,자전거,남,12세,경상
2015120400100508,2015년 12월 4일 19시,금요일,강원도 동해시 천곡동,경상사고,0,0,1,0,차대차 - 정면충돌,중앙선침범,건조,맑음,교차로 - 교차로부근,승용,남,79세,상해없음,승용,남,51세,경상
2015120400100587,2015년 12월 4일 21시,금요일,강원도 춘천시 석사동,경상사고,0,0,1,0,차대차 - 측면직각충돌,안전거리미확보,건조,맑음,교차로 - 교차로안,승용,남,23세,상해없음,원동기,남,18세,경상
2015120400100648,2015년 12월 4일 23시,금요일,강원도 원주시 관설동,경상사고,0,0,1,0,차대차 - 기타,안전운전불이행,건조,맑음,단일로 - 기타,승용,남,39세,상해없음,승용,남,65세,경상
2015120500100034,2015년 12월 5일 01시,토요일,강원도 원주시 개운동,경상사고,0,0,2,0,차대차 - 정면충돌,교차로운행방법위반,건조,맑음,교차로 - 교차로안,승용,남,32세,경상,승용,남,52세,상해없음
2015120500100059,2015년 12월 5일 02시,토요일,강원도 춘천시 효자동,경상사고,0,0,1,0,차대사람 - 횡단중,안전운전불이행,건조,맑음,단일로 - 기타,승용,남,19세,상해없음,보행자,남,21세,경상
2015120500100109,2015년 12월 5일 06시,토요일,강원도 강릉시 회산동,경상사고,0,0,1,0,차대차 - 측면직각충돌,안전운전불이행,건조,흐림,교차로 - 교차로안,승용,남,65세,상해없음,화물,남,56세,상해없음
2015120500100127,2015년 12월 5일 07시,토요일,강원도 원주시 흥업면,중상사고,0,1,0,0,차대사람 - 횡단중,안전운전불이행,습기,맑음,교차로 - 교차로안,화물,남,61세,상해없음,보행자,남,48세,중상
2015120500100177,2015년 12월 5일 09시,토요일,강원도 춘천시 퇴계동,부상신고사고,0,0,0,1,차대차 - 정면충돌,직진우회전진행방해,건조,맑음,교차로 - 교차로안,승용,남,57세,상해없음,승용,여,54세,상해없음
2015120500100202,2015년 12월 5일 10시,토요일,강원도 홍천군 서면,중상사고,0,2,3,0,차대차 - 정면충돌,중앙선침범,습기,맑음,단일로 - 교량,승용,남,20세,상해없음,승용,남,55세,중상
2015120500100203,2015년 12월 5일 10시,토요일,강원도 홍천군 홍천읍,경상사고,0,0,1,0,차대사람 - 횡단중,안전운전불이행,건조,맑음,단일로 - 횡단보도상,승용,여,52세,상해없음,보행자,남,33세,경상
2015120500100243,2015년 12월 5일 11시,토요일,강원도 동해시 효가동,경상사고,0,0,1,0,차대차 - 정면충돌,신호위반,건조,맑음,교차로 - 교차로안,승용,남,45세,상해없음,승용,여,71세,경상
2015120500100270,2015년 12월 5일 12시,토요일,강원도 춘천시 온의동,경상사고,0,0,1,0,차대차 - 추돌 - 진행중,안전운전불이행,건조,맑음,교차로 - 교차로부근,승용,남,53세,상해없음,승용,남,62세,경상
2015120500100271,2015년 12월 5일 12시,토요일,강원도 강릉시 용강동,경상사고,0,0,1,0,차대차 - 정면충돌,안전운전불이행,건조,맑음,교차로 - 교차로안,승용,남,60세,상해없음,이륜,남,47세,경상
2015120500100272,2015년 12월 5일 12시,토요일,강원도 동해시 대진동,중상사고,0,1,0,0,차대차 - 정면충돌,안전운전불이행,건조,맑음,교차로 - 교차로안,자전거,남,9세,중상,승용,남,67세,상해없음
2015120500100299,2015년 12월 5일 13시,토요일,강원도 강릉시 주문진읍,경상사고,0,0,1,0,차대사람 - 횡단중,안전운전불이행,건조,맑음,단일로 - 횡단보도부근,이륜,남,56세,상해없음,보행자,남,60세,경상
2015120500100300,2015년 12월 5일 13시,토요일,강원도 평창군 대관령면,경상사고,0,0,3,0,차대차 - 정면충돌,신호위반,건조,맑음,교차로 - 교차로부근,승용,남,39세,상해없음,화물,남,29세,경상
2015120500100301,2015년 12월 5일 13시,토요일,강원도 태백시 통동,경상사고,0,0,1,0,차대차 - 측면직각충돌,교차로운행방법위반,건조,맑음,교차로 - 교차로안,승용,남,57세,상해없음,승용,남,44세,상해없음
2015120500100338,2015년 12월 5일 14시,토요일,강원도 강릉시 포남동,경상사고,0,0,1,0,차대차 - 기타,안전운전불이행,건조,맑음,단일로 - 기타,승용,남,45세,상해없음,승용,여,37세,경상
2015120500100339,2015년 12월 5일 14시,토요일,강원도 고성군 거진읍,중상사고,0,1,2,0,차대차 - 정면충돌,교차로운행방법위반,건조,맑음,교차로 - 교차로안,승용,남,37세,상해없음,승용,남,41세,경상
2015120500100340,2015년 12월 5일 14시,토요일,강원도 양구군 양구읍,경상사고,0,0,1,0,차대차 - 측면직각충돌,안전운전불이행,건조,맑음,교차로 - 교차로부근,화물,남,40세,상해없음,승용,남,61세,경상
2015120500100407,2015년 12월 5일 16시,토요일,강원도 동해시 단봉동,경상사고,0,0,2,0,차대차 - 측면직각충돌,기타,건조,맑음,단일로 - 기타,화물,남,47세,상해없음,승용,여,42세,경상
2015120500100437,2015년 12월 5일 17시,토요일,강원도 춘천시 퇴계동,중상사고,0,1,0,0,차대사람 - 횡단중,안전운전불이행,건조,맑음,단일로 - 기타,기타불명,기타불명,기타불명,기타불명,보행자,남,78세,중상
2015120500100438,2015년 12월 5일 17시,토요일,강원도 삼척시 미로면,경상사고,0,0,3,0,차대차 - 추돌 - 진행중,안전거리미확보,건조,맑음,단일로 - 기타,승용,남,29세,상해없음,승합,남,66세,경상
2015120500100501,2015년 12월 5일 18시,토요일,강원도 춘천시 소양로1가,경상사고,0,0,1,0,차대차 - 측면직각충돌,신호위반,건조,맑음,교차로 - 교차로안,승용,남,72세,상해없음,승용,남,48세,경상
2015120500100502,2015년 12월 5일 18시,토요일,강원도 동해시 지흥동,경상사고,0,0,1,0,차대차 - 정면충돌,안전운전불이행,건조,맑음,단일로 - 기타,승용,남,29세,상해없음,승용,남,58세,경상
2015120500100503,2015년 12월 5일 18시,토요일,강원도 동해시 천곡동,경상사고,0,0,1,0,차대사람 - 횡단중,안전운전불이행,건조,맑음,단일로 - 기타,승용,남,19세,상해없음,보행자,여,40세,경상
2015120500100551,2015년 12월 5일 19시,토요일,강원도 삼척시 오분동,경상사고,0,0,2,0,차대차 - 정면충돌,안전거리미확보,건조,맑음,교차로 - 교차로부근,승용,남,51세,상해없음,승용,남,31세,경상
2015120500100623,2015년 12월 5일 21시,토요일,강원도 원주시 태장동,경상사고,0,0,2,0,차대차 - 정면충돌,신호위반,건조,맑음,교차로 - 교차로안,승용,남,27세,상해없음,승용,여,33세,경상
2015120500100646,2015년 12월 5일 22시,토요일,강원도 원주시 문막읍,중상사고,0,1,0,0,차대차 - 추돌 - 진행중,중앙선침범,건조,맑음,단일로 - 기타,승용,여,40세,기타불명,승용,여,46세,중상
2015120500100665,2015년 12월 5일 23시,토요일,강원도 춘천시 석사동,중상사고,0,1,8,0,차대차 - 추돌 - 주정차중,안전거리미확보,건조,맑음,교차로 - 교차로부근,승합,남,61세,상해없음,승용,여,48세,경상
2015120600100014,2015년 12월 6일 00시,일요일,강원도 양양군 강현면,중상사고,0,1,0,0,차대차 - 정면충돌,안전운전불이행,건조,맑음,단일로 - 기타,승용,남,53세,상해없음,화물,남,60세,중상
2015120600100039,2015년 12월 6일 01시,일요일,강원도 원주시 단계동,경상사고,0,0,3,0,차대차 - 정면충돌,안전운전불이행,습기,비,교차로 - 교차로부근,승용,남,46세,상해없음,승용,남,70세,경상
2015120600100065,2015년 12월 6일 02시,일요일,강원도 속초시 교동,경상사고,0,0,2,0,차대차 - 정면충돌,안전운전불이행,건조,맑음,교차로 - 교차로안,승용,남,31세,상해없음,승용,남,58세,경상
2015120600100066,2015년 12월 6일 02시,일요일,강원도 동해시 천곡동,중상사고,0,2,0,0,차대차 - 측면직각충돌,신호위반,건조,맑음,교차로 - 교차로안,승용,남,61세,상해없음,승용,남,48세,중상