사고번호,사고일시,요일,시군구,사고내용,사망자수,중상자수,경상자수,부상신고자수,사고유형,법규위반,노면상태,기상상태,도로형태,가해운전자 차종,가해운전자 성별,가해운전자 연령,가해운전자 상해정도,피해운전자 차종,피해운전자 성별,피해운전자 연령,피해운전자 상해정도
2015121100100266,2015년 12월 11일 12시,금요일,강원도 홍천군 홍천읍,경상사고,0,0,1,0,차대차 - 측면직각충돌,안전운전불이행,건조,맑음,교차로 - 교차로안,화물,남,50세,상해없음,자전거,남,88세,경상
2015121100100299,2015년 12월 11일 13시,금요일,강원도 춘천시 효자동,경상사고,0,0,1,0,차대차 - 정면충돌,신호위반,결빙,맑음,교차로 - 교차로안,승용,여,58세,상해없음,이륜,남,52세,경상
2015121100100368,2015년 12월 11일 15시,금요일,강원도 속초시 교동,경상사고,0,0,1,0,차대차 - 정면충돌,안전운전불이행,건조,맑음,교차로 - 교차로부근,승용,남,64세,상해없음,승용,남,36세,경상
2015121100100369,2015년 12월 11일 15시,금요일,강원도 평창군 봉평면,경상사고,0,0,2,0,차대차 - 정면충돌,안전운전불이행,건조,맑음,교차로 - 교차로안,승용,여,45세,상해없음,승용,남,47세,경상
2015121100100370,2015년 12월 11일 15시,금요일,강원도 동해시 구호동,경상사고,0,0,1,0,차대차 - 측면직각충돌,안전운전불이행,건조,맑음,단일로 - 기타,승용,남,50세,상해없음,승용,남,38세,경상
2015121100100409,2015년 12월 11일 16시,금요일,강원도 강릉시 홍제동,경상사고,0,0,1,2,차량단독 - 공작물충돌,안전운전불이행,건조,맑음,단일로 - 기타,승용,남,19세,상해없음,,,,
2015121100100410,2015년 12월 11일 16시,금요일,강원도 삼척시 남양동,경상사고,0,0,1,0,차대차 - 정면충돌,안전운전불이행,건조,맑음,교차로 - 교차로안,화물,남,36세,상해없음,승용,여,55세,경상
2015121100100450,2015년 12월 11일 17시,금요일,강원도 춘천시 동내면,중상사고,0,1,0,0,차대차 - 추돌 - 진행중,안전운전불이행,건조,맑음,단일로 - 기타,승용,남,59세,기타불명,화물,남,64세,중상
2015121100100451,2015년 12월 11일 17시,금요일,강원도 강릉시 교동,경상사고,0,0,1,0,차대차 - 정면충돌,안전운전불이행,건조,맑음,교차로 - 교차로안,승용,남,66세,상해없음,승용,여,49세,경상
2015121100100513,2015년 12월 11일 18시,금요일,강원도 횡성군 안흥면,중상사고,0,1,0,0,차대사람 - 횡단중,안전운전불이행,건조,맑음,단일로 - 기타,화물,여,57세,상해없음,보행자,여,46세,중상
2015121100100567,2015년 12월 11일 19시,금요일,강원도 원주시 단구동,중상사고,0,1,0,0,차대차 - 정면충돌,중앙선침범,건조,맑음,단일로 - 기타,승용,여,42세,상해없음,이륜,남,36세,중상
2015121100100667,2015년 12월 11일 22시,금요일,강원도 원주시 무실동,중상사고,0,2,0,0,차대사람 - 횡단중,신호위반,건조,맑음,교차로 - 교차로부근,승용,여,52세,상해없음,보행자,여,49세,중상
2015121200100071,2015년 12월 12일 02시,토요일,강원도 원주시 단계동,경상사고,0,0,1,0,차대사람 - 횡단중,안전운전불이행,건조,맑음,단일로 - 기타,기타불명,기타불명,기타불명,기타불명,보행자,남,25세,경상
2015121200100072,2015년 12월 12일 02시,토요일,강원도 원주시 단계동,경상사고,0,0,3,0,차대차 - 정면충돌,안전운전불이행,건조,맑음,단일로 - 기타,승용,여,56세,경상,승용,남,26세,경상
2015121200100106,2015년 12월 12일 04시,토요일,강원도 홍천군 홍천읍,중상사고,0,1,0,0,차량단독 - 공작물충돌,안전운전불이행,건조,맑음,단일로 - 기타,승용,남,50세,중상,,,,
2015121200100127,2015년 12월 12일 06시,토요일,강원도 양양군 양양읍,중상사고,0,1,1,0,차대차 - 측면직각충돌,직진우회전진행방해,건조,맑음,교차로 - 교차로안,승용,남,76세,상해없음,승합,남,57세,상해없음
2015121200100128,2015년 12월 12일 06시,토요일,강원도 태백시 황지동,중상사고,0,1,0,0,차대차 - 정면충돌,중앙선침범,건조,맑음,단일로 - 기타,화물,남,52세,상해없음,승용,남,46세,중상
2015121200100153,2015년 12월 12일 07시,토요일,강원도 원주시 단계동,중상사고,0,1,0,0,차대차 - 추돌 - 진행중,신호위반,건조,맑음,교차로 - 교차로안,승용,남,32세,상해없음,승용,여,43세,중상
2015121200100190,2015년 12월 12일 09시,토요일,강원도 강릉시 송정동,경상사고,0,0,1,0,차대차 - 기타,안전운전불이행,건조,맑음,단일로 - 기타,승용,여,38세,상해없음,자전거,남,77세,경상
2015121200100191,2015년 12월 12일 09시,토요일,강원도 강릉시 주문진읍,경상사고,0,0,1,0,차대차 - 정면충돌,안전운전불이행,건조,맑음,단일로 - 기타,승용,여,40세,상해없음,자전거,남,60세,경상
2015121200100216,2015년 12월 12일 10시,토요일,강원도 동해시 동회동,부상신고사고,0,0,0,1,차량단독 - 기타,안전운전불이행,건조,맑음,단일로 - 기타,승합,남,56세,상해없음,,,,
2015121200100328,2015년 12월 12일 13시,토요일,강원도 홍천군 서면,경상사고,0,0,2,0,차대차 - 정면충돌,안전운전불이행,건조,맑음,단일로 - 기타,승용,남,23세,상해없음,승용,남,29세,경상
2015121200100366,2015년 12월 12일 14시,토요일,강원도 춘천시 근화동,경상사고,0,0,4,0,차대차 - 측면직각충돌,안전운전불이행,건조,맑음,교차로 - 교차로안,승용,남,22세,상해없음,승용,여,34세,경상
2015121200100367,2015년 12월 12일 14시,토요일,강원도 강릉시 남문동,경상사고,0,0,1,0,차대사람 - 횡단중,안전운전불이행,건조,맑음,단일로 - 기타,승용,여,44세,상해없음,보행자,여,55세,경상
2015121200100368,2015년 12월 12일 14시,토요일,강원도 원주시 단구동,경상사고,0,0,1,0,차대차 - 정면충돌,중앙선침범,건조,맑음,교차로 - 교차로부근,승합,남,67세,상해없음,승용,여,48세,경상
2015121200100369,2015년 12월 12일 14시,토요일,강원도 평창군 대관령면,경상사고,0,0,2,0,차대차 - 정면충돌,안전운전불이행,건조,맑음,단일로 - 기타,승용,남,52세,상해없음,승용,남,31세,경상
2015121200100370,2015년 12월 12일 14시,토요일,강원도 횡성군 횡성읍,경상사고,0,0,2,0,차대차 - 정면충돌,안전운전불이행,건조,맑음,단일로 - 기타,승용,남,63세,상해없음,화물,남,57세,경상
2015121200100371,2015년 12월 12일 14시,토요일,강원도 동해시 쇄운동,경상사고,0,0,2,0,차대차 - 정면충돌,신호위반,건조,맑음,교차로 - 교차로안,화물,남,49세,상해없음,승용,여,26세,경상
2015121200100447,2015년 12월 12일 17시,토요일,강원도 춘천시 효자동,경상사고,0,0,1,0,차대차 - 추돌 - 진행중,안전운전불이행,건조,맑음,단일로 - 기타,화물,남,52세,상해없음,승용,남,32세,경상
2015121200100448,2015년 12월 12일 17시,토요일,강원도 속초시 조양동,경상사고,0,0,1,0,차대차 - 정면충돌,교차로운행방법위반,건조,맑음,교차로 - 교차로안,승용,여,37세,상해없음,원동기,남,59세,경상
2015121200100449,2015년 12월 12일 17시,토요일,강원도 평창군 대화면,사망사고,1,0,0,0,차대사람 - 횡단중,안전운전불이행,건조,맑음,단일로 - 기타,승용,남,54세,상해없음,보행자,여,85세,사망
2015121200100450,2015년 12월 12일 17시,토요일,강원도 동해시 발한동,경상사고,0,0,1,0,차대차 - 측면직각충돌,안전거리미확보,건조,맑음,교차로 - 교차로부근,승용,남,67세,상해없음,승용,남,40세,경상
2015121200100451,2015년 12월 12일 17시,토요일,강원도 평창군 봉평면,중상사고,0,1,3,0,차대차 - 추돌 - 진행중,안전운전불이행,건조,맑음,단일로 - 터널,승용,남,35세,상해없음,승용,남,56세,상해없음
2015121200100508,2015년 12월 12일 18시,토요일,강원도 춘천시 석사동,경상사고,0,0,1,0,차대사람 - 기타,안전운전불이행,건조,맑음,교차로 - 교차로안,승용,남,21세,상해없음,보행자,여,66세,경상
2015121200100509,2015년 12월 12일 18시,토요일,강원도 속초시 교동,경상사고,0,0,2,0,차대차 - 정면충돌,안전운전불이행,건조,맑음,단일로 - 기타,화물,남,58세,상해없음,승용,남,44세,경상
2015121200100510,2015년 12월 12일 18시,토요일,강원도 태백시 화전동,중상사고,0,1,0,2,차대차 - 추돌 - 주정차중,안전운전불이행,건조,맑음,단일로 - 기타,건설기계,남,39세,상해없음,화물,기타불명,기타불명,기타불명
2015121200100550,2015년 12월 12일 19시,토요일,강원도 원주시 행구동,중상사고,0,4,0,0,차대차 - 정면충돌,안전운전불이행,건조,맑음,단일로 - 기타,승용,남,45세,상해없음,승용,남,40세,중상
2015121200100583,2015년 12월 12일 20시,토요일,강원도 원주시 단구동,중상사고,0,1,0,0,차대사람 - 횡단중,안전운전불이행,건조,맑음,단일로 - 기타,승용,남,46세,상해없음,보행자,여,36세,중상
2015121200100609,2015년 12월 12일 21시,토요일,강원도 원주시 태장동,부상신고사고,0,0,0,1,차대사람 - 횡단중,안전운전불이행,건조,맑음,단일로 - 기타,기타불명,기타불명,기타불명,기타불명,보행자,남,15세,부상신고
2015121200100610,2015년 12월 12일 21시,토요일,강원도 화천군 사내면,경상사고,0,0,1,2,차대차 - 정면충돌,직진우회전진행방해,건조,맑음,교차로 - 교차로안,승용,남,29세,부상신고,승용,남,36세,경상
2015121200100611,2015년 12월 12일 21시,토요일,강원도 동해시 대구동,경상사고,0,0,3,0,차대차 - 정면충돌,안전운전불이행,건조,흐림,교차로 - 교차로안,승합,여,55세,상해없음,승용,남,43세,경상
2015121200100651,2015년 12월 12일 22시,토요일,강원도 영월군 남면,경상사고,0,0,3,0,차대차 - 정면충돌,안전운전불이행,건조,맑음,단일로 - 기타,승용,남,51세,상해없음,승용,남,41세,경상
2015121200100684,2015년 12월 12일 23시,토요일,강원도 강릉시 교동,경상사고,0,0,1,0,차대차 - 정면충돌,기타,건조,맑음,교차로 - 교차로안,승용,여,53세,상해없음,이륜,남,17세,경상
2015121200100685,2015년 12월 12일 23시,토요일,강원도 강릉시 주문진읍,중상사고,0,1,0,0,차대차 - 정면충돌,중앙선침범,건조,맑음,단일로 - 기타,승용,남,41세,상해없음,이륜,남,40세,중상
2015121300100125,2015년 12월 13일 06시,일요일,강원도 원주시 개운동,중상사고,0,1,0,0,차대사람 - 횡단중,보행자보호의무위반,건조,맑음,교차로 - 교차로부근,화물,여,27세,상해없음,보행자,여,64세,중상
2015121300100241,2015년 12월 13일 12시,일요일,강원도 원주시 무실동,중상사고,0,1,2,0,차대차 - 정면충돌,신호위반,건조,맑음,교차로 - 교차로안,승용,남,34세,상해없음,승용,남,66세,중상
2015121300100242,2015년 12월 13일 12시,일요일,강원도 원주시 학성동,경상사고,0,0,1,0,차대차 - 기타,안전운전불이행,건조,맑음,단일로 - 기타,승용,남,74세,상해없음,승합,남,59세,상해없음
2015121300100345,2015년 12월 13일 16시,일요일,강원도 태백시 황지동,경상사고,0,0,2,0,차대차 - 정면충돌,직진우회전진행방해,건조,맑음,교차로 - 교차로안,승용,여,42세,경상,화물,남,47세,상해없음
2015121300100346,2015년 12월 13일 16시,일요일,강원도 횡성군 둔내면,중상사고,0,1,0,1,차량단독 - 전도전복,안전운전불이행,건조,맑음,교차로 - 교차로안,승용,남,21세,상해없음,,,,
2015121300100375,2015년 12월 13일 17시,일요일,강원도 속초시 노학동,경상사고,0,0,2,0,차대차 - 정면충돌,신호위반,건조,맑음,교차로 - 교차로안,승용,남,50세,상해없음,승용,남,53세,상해없음
2015121300100376,2015년 12월 13일 17시,일요일,강원도 삼척시 도경동,경상사고,0,0,1,0,차대차 - 측면직각충돌,안전운전불이행,건조,맑음,단일로 - 기타,승용,남,46세,상해없음,원동기,남,55세,경상
2015121300100408,2015년 12월 13일 18시,일요일,강원도 춘천시 효자동,경상사고,0,0,1,0,차대사람 - 횡단중,안전운전불이행,건조,맑음,단일로 - 기타,승용,남,22세,상해없음,보행자,여,20세,경상
2015121300100409,2015년 12월 13일 18시,일요일,강원도 삼척시 도계읍,중상사고,0,1,2,0,차대차 - 측면직각충돌,안전운전불이행,건조,맑음,교차로 - 교차로안,승용,여,45세,경상,승용,남,49세,경상
2015121300100410,2015년 12월 13일 18시,일요일,강원도 동해시 이로동,경상사고,0,0,1,0,차대차 - 측면직각충돌,안전운전불이행,건조,맑음,단일로 - 기타,승용,남,61세,상해없음,승용,남,40세,경상
2015121300100469,2015년 12월 13일 20시,일요일,강원도 강릉시 노암동,경상사고,0,0,1,0,차대사람 - 횡단중,안전운전불이행,건조,맑음,단일로 - 기타,승용,여,22세,상해없음,보행자,여,54세,경상
2015121300100470,2015년 12월 13일 20시,일요일,강원도 원주시 단계동,경상사고,0,0,2,0,차대차 - 정면충돌,안전운전불이행,건조,맑음,단일로 - 기타,승용,남,55세,상해없음,승용,남,18세,경상
2015121300100471,2015년 12월 13일 20시,일요일,강원도 평창군 진부면,사망사고,1,0,4,1,차대차 - 추돌 - 주정차중,안전운전불이행,건조,맑음,단일로 - 기타,승용,남,33세,상해없음,승용,남,45세,경상
2015121400100001,2015년 12월 14일 00시,월요일,강원도 원주시 학성동,경상사고,0,0,1,0,차대차 - 추돌 - 진행중,안전거리미확보,건조,맑음,단일로 - 기타,승용,남,28세,상해없음,승용,남,39세,경상
2015121400100002,2015년 12월 14일 00시,월요일,강원도 원주시 단계동,경상사고,0,0,1,0,차대사람 - 횡단중,안전운전불이행,건조,맑음,기타 - 기타,승용,남,34세,상해없음,보행자,남,36세,경상
2015121400100011,2015년 12월 14일 01시,월요일,강원도 강릉시 교동,경상사고,0,0,2,0,차대차 - 정면충돌,안전운전불이행,건조,맑음,단일로 - 기타,승합,남,44세,상해없음,승용,여,44세,경상
2015121400100111,2015년 12월 14일 08시,월요일,강원도 춘천시 우두동,중상사고,0,1,2,0,차대차 - 측면직각충돌,안전거리미확보,건조,흐림,교차로 - 교차로부근,건설기계,남,60세,상해없음,승용,남,44세,경상
2015121400100112,2015년 12월 14일 08시,월요일,강원도 강릉시 사천면,경상사고,0,0,1,0,차대차 - 추돌 - 진행중,안전거리미확보,건조,맑음,단일로 - 기타,화물,여,33세,상해없음,승용,여,45세,경상
2015121400100113,2015년 12월 14일 08시,월요일,강원도 동해시 망상동,경상사고,0,0,1,0,차대차 - 정면충돌,중앙선침범,건조,맑음,단일로 - 기타,승용,여,51세,상해없음,승용,남,62세,경상
2015121400100176,2015년 12월 14일 10시,월요일,강원도 춘천시 신북읍,경상사고,0,0,1,0,차대차 - 정면충돌,중앙선침범,건조,맑음,단일로 - 기타,승용,남,31세,상해없음,화물,남,39세,경상
2015121400100177,2015년 12월 14일 10시,월요일,강원도 원주시 단구동,경상사고,0,0,3,0,차대차 - 정면충돌,교차로운행방법위반,습기,비,교차로 - 교차로안,승용,여,36세,경상,승합,남,34세,경상
2015121400100229,2015년 12월 14일 12시,월요일,강원도 원주시 귀래면,경상사고,0,0,4,0,차대차 - 정면충돌,안전거리미확보,건조,맑음,단일로 - 기타,승합,남,69세,상해없음,승용,남,67세,경상
2015121400100230,2015년 12월 14일 12시,월요일,강원도 삼척시 남양동,중상사고,0,1,0,0,차대차 - 측면직각충돌,안전운전불이행,건조,맑음,단일로 - 기타,자전거,남,68세,중상,승용,남,53세,상해없음
2015121400100286,2015년 12월 14일 14시,월요일,강원도 춘천시 우두동,경상사고,0,0,2,0,차대차 - 측면직각충돌,안전운전불이행,습기,비,교차로 - 교차로안,승용,남,60세,상해없음,승용,남,54세,경상
2015121400100312,2015년 12월 14일 15시,월요일,강원도 평창군 방림면,사망사고,1,0,1,0,차대차 - 정면충돌,중앙선침범,습기,비,단일로 - 기타,승용,남,55세,사망,건설기계,남,41세,경상
2015121400100352,2015년 12월 14일 16시,월요일,강원도 춘천시 근화동,중상사고,0,2,0,0,차대차 - 측면직각충돌,기타,습기,비,단일로 - 기타,화물,남,43세,상해없음,승용,여,30세,중상
2015121400100353,2015년 12월 14일 16시,월요일,강원도 강릉시 구정면,경상사고,0,0,1,0,차대차 - 추돌 - 진행중,중앙선침범,건조,흐림,단일로 - 기타,화물,남,44세,상해없음,승용,남,20세,경상
2015121400100354,2015년 12월 14일 16시,월요일,강원도 강릉시 지변동,중상사고,0,1,0,0,차대차 - 추돌 - 진행중,교차로운행방법위반,건조,맑음,교차로 - 교차로안,승용,남,59세,상해없음,화물,남,24세,중상
2015121400100355,2015년 12월 14일 16시,월요일,강원도 동해시 천곡동,경상사고,0,0,1,0,차대차 - 측면직각충돌,직진우회전진행방해,건조,맑음,교차로 - 교차로안,승용,남,48세,상해없음,자전거,남,58세,경상
2015121400100399,2015년 12월 14일 17시,월요일,강원도 강릉시 포남동,중상사고,0,1,0,0,차대사람 - 횡단중,안전운전불이행,건조,맑음,단일로 - 기타,승용,남,37세,상해없음,보행자,남,47세,중상
2015121400100469,2015년 12월 14일 18시,월요일,강원도 원주시 무실동,부상신고사고,0,0,0,1,차대차 - 기타,안전운전불이행,건조,맑음,기타 - 기타,기타불명,기타불명,기타불명,기타불명,승용,기타불명,기타불명,기타불명
2015121400100470,2015년 12월 14일 18시,월요일,강원도 속초시 교동,경상사고,0,0,1,0,차대사람 - 횡단중,보행자보호의무위반,건조,흐림,교차로 - 교차로부근,승합,여,51세,상해없음,보행자,여,54세,경상
2015121400100471,2015년 12월 14일 18시,월요일,강원도 홍천군 홍천읍,경상사고,0,0,1,0,차대차 - 정면충돌,안전거리미확보,습기,비,교차로 - 교차로부근,화물,남,59세,상해없음,승용,여,48세,경상
2015121400100472,2015년 12월 14일 18시,월요일,강원도 태백시 황지동,부상신고사고,0,0,0,1,차량단독 - 전도전복,안전운전불이행,습기,눈,단일로 - 기타,승용,남,80세,상해없음,,,,
2015121400100517,2015년 12월 14일 19시,월요일,강원도 강릉시 주문진읍,중상사고,0,1,0,0,차대차 - 정면충돌,안전운전불이행,습기,비,교차로 - 교차로안,승용,여,48세,상해없음,원동기,남,31세,중상
2015121400100518,2015년 12월 14일 19시,월요일,강원도 원주시 소초면,경상사고,0,0,1,0,차대차 - 정면충돌,안전운전불이행,습기,흐림,단일로 - 기타,화물,남,51세,상해없음,승용,여,42세,경상
2015121400100519,2015년 12월 14일 19시,월요일,강원도 평창군 진부면,중상사고,0,1,1,0,차대차 - 정면충돌,신호위반,습기,비,교차로 - 교차로안,화물,남,18세,상해없음,승용,남,60세,경상
2015121400100597,2015년 12월 14일 21시,월요일,강원도 춘천시 후평동,경상사고,0,0,1,0,차대차 - 추돌 - 주정차중,안전운전불이행,습기,비,교차로 - 교차로부근,승용,여,48세,상해없음,이륜,남,20세,경상
2015121400100598,2015년 12월 14일 21시,월요일,강원도 원주시 원동,경상사고,0,0,1,0,차대사람 - 횡단중,보행자보호의무위반,습기,비,단일로 - 횡단보도상,승용,여,53세,상해없음,보행자,여,43세,경상
2015121400100653,2015년 12월 14일 23시,월요일,강원도 원주시 중앙동,경상사고,0,0,2,0,차대차 - 추돌 - 진행중,교차로운행방법위반,건조,맑음,교차로 - 교차로안,승용,남,63세,상해없음,승용,여,46세,경상
2015121500100014,2015년 12월 15일 00시,화요일,강원도 동해시 이도동,경상사고,0,0,1,0,차대차 - 정면충돌,신호위반,건조,맑음,교차로 - 교차로안,승용,남,60세,상해없음,승용,여,36세,경상
2015121500100151,2015년 12월 15일 08시,화요일,강원도 홍천군 북방면,중상사고,0,1,0,0,차대차 - 정면충돌,중앙선침범,습기,비,단일로 - 기타,승용,남,32세,상해없음,화물,남,54세,중상
2015121500100182,2015년 12월 15일 09시,화요일,강원도 원주시 단구동,경상사고,0,0,2,0,차대차 - 측면직각충돌,차로위반,건조,맑음,단일로 - 기타,승용,남,61세,상해없음,승합,남,39세,경상
2015121500100229,2015년 12월 15일 11시,화요일,강원도 춘천시 효자동,경상사고,0,0,1,0,차대차 - 측면직각충돌,안전거리미확보,건조,맑음,단일로 - 기타,승용,남,61세,상해없음,승용,남,45세,경상
2015121500100284,2015년 12월 15일 13시,화요일,강원도 강릉시 교동,경상사고,0,0,3,0,차대차 - 정면충돌,중앙선침범,건조,맑음,단일로 - 기타,승용,여,38세,상해없음,승용,남,65세,경상
2015121500100369,2015년 12월 15일 16시,화요일,강원도 춘천시 효자동,경상사고,0,0,1,0,차대차 - 정면충돌,교차로운행방법위반,건조,맑음,교차로 - 교차로안,승용,여,35세,기타불명,승용,여,46세,경상
2015121500100370,2015년 12월 15일 16시,화요일,강원도 홍천군 북방면,중상사고,0,1,1,0,차대차 - 정면충돌,안전운전불이행,건조,맑음,교차로 - 교차로안,승용,남,63세,상해없음,화물,남,49세,경상
2015121500100371,2015년 12월 15일 16시,화요일,강원도 평창군 진부면,경상사고,0,0,2,0,차대차 - 정면충돌,안전운전불이행,건조,맑음,단일로 - 기타,승용,남,71세,상해없음,화물,남,33세,경상
2015121500100409,2015년 12월 15일 17시,화요일,강원도 강릉시 포남동,경상사고,0,0,1,0,차대차 - 정면충돌,안전운전불이행,건조,맑음,교차로 - 교차로안,승합,남,49세,상해없음,화물,남,54세,경상
2015121500100410,2015년 12월 15일 17시,화요일,강원도 철원군 동송읍,경상사고,0,0,2,0,차대차 - 추돌 - 주정차중,안전운전불이행,건조,맑음,단일로 - 기타,승용,여,56세,경상,화물,남,65세,경상
2015121500100411,2015년 12월 15일 17시,화요일,강원도 동해시 효가동,경상사고,0,0,1,0,차대차 - 정면충돌,안전운전불이행,건조,맑음,단일로 - 기타,승용,여,45세,상해없음,승용,남,49세,경상
2015121500100453,2015년 12월 15일 18시,화요일,강원도 춘천시 석사동,중상사고,0,1,0,0,차대사람 - 횡단중,안전운전불이행,건조,맑음,단일로 - 기타,승용,여,60세,상해없음,보행자,여,73세,중상
2015121500100454,2015년 12월 15일 18시,화요일,강원도 원주시 명륜동,경상사고,0,0,1,0,차대차 - 추돌 - 주정차중,안전거리미확보,건조,맑음,교차로 - 교차로부근,승용,남,56세,상해없음,승용,여,27세,경상
2015121500100455,2015년 12월 15일 18시,화요일,강원도 동해시 구호동,경상사고,0,0,2,0,차대차 - 정면충돌,안전거리미확보,건조,맑음,단일로 - 기타,건설기계,남,41세,상해없음,승용,남,28세,경상
2015121500100499,2015년 12월 15일 19시,화요일,강원도 원주시 봉산동,중상사고,0,1,0,0,차대사람 - 횡단중,안전운전불이행,건조,맑음,단일로 - 기타,승합,남,44세,상해없음,보행자,남,53세,중상
2015121500100500,2015년 12월 15일 19시,화요일,강원도 동해시 평릉동,경상사고,0,0,1,0,차대차 - 측면직각충돌,교차로운행방법위반,건조,흐림,교차로 - 교차로안,승용,여,46세,상해없음,원동기,남,18세,경상
2015121500100589,2015년 12월 15일 22시,화요일,강원도 춘천시 후평동,중상사고,0,1,0,0,차대사람 - 횡단중,보행자보호의무위반,건조,맑음,단일로 - 횡단보도상,승용,남,60세,상해없음,보행자,남,68세,중상
2015121600100014,2015년 12월 16일 00시,수요일,강원도 원주시 단구동,경상사고,0,0,1,0,차대차 - 기타,안전거리미확보,건조,맑음,교차로 - 교차로부근,승용,남,47세,상해없음,승용,남,29세,경상
2015121600100076,2015년 12월 16일 06시,수요일,강원도 철원군 갈말읍,중상사고,0,1,0,0,차대차 - 측면직각충돌,직진우회전진행방해,건조,맑음,교차로 - 교차로안,승용,남,30세,상해없음,원동기,남,79세,중상
2015121600100116,2015년 12월 16일 08시,수요일,강원도 춘천시 신동면,중상사고,0,1,0,0,차대차 - 측면직각충돌,신호위반,건조,맑음,교차로 - 교차로안,승용,남,23세,상해없음,승용,남,30세,중상
2015121600100117,2015년 12월 16일 08시,수요일,강원도 강릉시 교동,경상사고,0,0,2,0,차대차 - 측면직각충돌,신호위반,건조,맑음,교차로 - 교차로안,승용,여,41세,상해없음,승합,남,54세,경상
2015121600100118,2015년 12월 16일 08시,수요일,강원도 원주시 단계동,경상사고,0,0,1,0,차대차 - 정면충돌,안전운전불이행,건조,맑음,기타 - 기타,승용,여,50세,상해없음,승용,남,29세,경상
2015121600100119,2015년 12월 16일 08시,수요일,강원도 홍천군 홍천읍,중상사고,0,1,1,0,차대차 - 측면직각충돌,안전운전불이행,건조,맑음,단일로 - 기타,건설기계,남,58세,상해없음,승용,여,43세,중상
2015121600100120,2015년 12월 16일 08시,수요일,강원도 평창군 대관령면,경상사고,0,0,1,0,차대차 - 정면충돌,안전운전불이행,건조,맑음,단일로 - 기타,승용,여,53세,상해없음,승용,남,53세,상해없음
2015121600100145,2015년 12월 16일 09시,수요일,강원도 춘천시 후평동,경상사고,0,0,4,0,차대차 - 추돌 - 주정차중,안전거리미확보,건조,맑음,단일로 - 기타,승용,여,38세,상해없음,승용,남,60세,경상
2015121600100146,2015년 12월 16일 09시,수요일,강원도 원주시 우산동,경상사고,0,0,1,0,차대차 - 정면충돌,차로위반,건조,맑음,교차로 - 교차로안,화물,남,57세,기타불명,화물,남,64세,경상
2015121600100147,2015년 12월 16일 09시,수요일,강원도 영월군 영월읍,중상사고,0,1,2,0,차대차 - 정면충돌,교차로운행방법위반,건조,맑음,교차로 - 교차로안,승용,남,61세,중상,승용,남,60세,경상
2015121600100148,2015년 12월 16일 09시,수요일,강원도 양구군 양구읍,경상사고,0,0,1,0,차대차 - 추돌 - 주정차중,안전운전불이행,건조,맑음,교차로 - 교차로부근,승용,남,74세,상해없음,승용,여,34세,경상
2015121600100203,2015년 12월 16일 11시,수요일,강원도 고성군 토성면,중상사고,0,1,0,0,차대차 - 정면충돌,중앙선침범,건조,맑음,단일로 - 기타,승용,남,39세,상해없음,승용,남,63세,중상
2015121600100230,2015년 12월 16일 12시,수요일,강원도 강릉시 교동,경상사고,0,0,1,0,차대차 - 정면충돌,안전운전불이행,건조,맑음,교차로 - 교차로안,승용,남,41세,상해없음,승용,남,53세,경상
2015121600100231,2015년 12월 16일 12시,수요일,강원도 철원군 철원읍,경상사고,0,0,1,0,차대차 - 정면충돌,중앙선침범,건조,맑음,단일로 - 기타,승용,여,54세,상해없음,승합,남,68세,경상
2015121600100284,2015년 12월 16일 14시,수요일,강원도 강릉시 임당동,경상사고,0,0,1,0,차대차 - 정면충돌,안전운전불이행,건조,맑음,단일로 - 기타,승용,여,48세,상해없음,승용,여,46세,경상
2015121600100285,2015년 12월 16일 14시,수요일,강원도 원주시 부론면,중상사고,0,1,0,0,차대차 - 정면충돌,교차로운행방법위반,건조,맑음,교차로 - 교차로안,승용,남,56세,상해없음,자전거,남,10세,중상
2015121600100286,2015년 12월 16일 14시,수요일,강원도 정선군 정선읍,경상사고,0,0,1,1,차대차 - 정면충돌,교차로운행방법위반,건조,맑음,교차로 - 교차로안,승용,남,67세,부상신고,승용,남,64세,경상
2015121600100287,2015년 12월 16일 14시,수요일,강원도 원주시 소초면,경상사고,0,0,1,0,차량단독 - 공작물충돌,안전운전불이행,건조,맑음,단일로 - 기타,승용,남,29세,상해없음,,,,
2015121600100321,2015년 12월 16일 15시,수요일,강원도 동해시 망상동,중상사고,0,1,0,0,차대차 - 정면충돌,안전운전불이행,건조,맑음,단일로 - 기타,화물,남,55세,중상,승용,남,45세,상해없음
2015121600100361,2015년 12월 16일 16시,수요일,강원도 강릉시 포남동,경상사고,0,0,2,0,차대차 - 정면충돌,교차로운행방법위반,건조,맑음,교차로 - 교차로부근,승합,남,53세,상해없음,승용,남,36세,경상
2015121600100362,2015년 12월 16일 16시,수요일,강원도 원주시 봉산동,중상사고,0,1,1,0,차대차 - 정면충돌,안전운전불이행,건조,맑음,기타 - 기타,특수,남,33세,상해없음,승용,남,29세,경상