사고번호,사고일시,요일,시군구,사고내용,사망자수,중상자수,경상자수,부상신고자수,사고유형,법규위반,노면상태,기상상태,도로형태,가해운전자 차종,가해운전자 성별,가해운전자 연령,가해운전자 상해정도,피해운전자 차종,피해운전자 성별,피해운전자 연령,피해운전자 상해정도
2015121600100398,2015년 12월 16일 17시,수요일,강원도 원주시 반곡동,경상사고,0,0,2,0,차대차 - 정면충돌,신호위반,건조,맑음,교차로 - 교차로안,승용,남,60세,상해없음,승용,여,35세,경상
2015121600100399,2015년 12월 16일 17시,수요일,강원도 원주시 우산동,경상사고,0,0,1,1,차대차 - 정면충돌,안전운전불이행,건조,맑음,단일로 - 기타,화물,남,30세,부상신고,승합,남,38세,경상
2015121600100400,2015년 12월 16일 17시,수요일,강원도 홍천군 홍천읍,사망사고,1,2,0,0,차대차 - 추돌 - 주정차중,안전운전불이행,건조,맑음,단일로 - 기타,화물,남,60세,사망,화물,남,58세,상해없음
2015121600100401,2015년 12월 16일 17시,수요일,강원도 철원군 서면,경상사고,0,0,1,0,차대사람 - 횡단중,안전운전불이행,건조,맑음,교차로 - 교차로안,화물,남,61세,상해없음,보행자,남,15세,경상
2015121600100452,2015년 12월 16일 18시,수요일,강원도 강릉시 옥천동,경상사고,0,0,3,0,차대차 - 측면직각충돌,신호위반,건조,맑음,교차로 - 교차로부근,승용,여,22세,상해없음,승용,남,75세,경상
2015121600100580,2015년 12월 16일 21시,수요일,강원도 원주시 태장동,중상사고,0,1,4,0,차대차 - 추돌 - 진행중,교차로운행방법위반,건조,맑음,교차로 - 교차로안,승용,여,37세,상해없음,승합,남,59세,상해없음
2015121600100581,2015년 12월 16일 21시,수요일,강원도 원주시 개운동,중상사고,0,1,0,0,차대차 - 추돌 - 진행중,교차로운행방법위반,건조,맑음,교차로 - 교차로안,승용,남,59세,상해없음,이륜,남,17세,중상
2015121700100015,2015년 12월 17일 00시,목요일,강원도 원주시 학성동,중상사고,0,1,0,0,차대차 - 정면충돌,안전운전불이행,건조,맑음,교차로 - 교차로부근,승용,남,36세,기타불명,승용,남,25세,중상
2015121700100086,2015년 12월 17일 06시,목요일,강원도 강릉시 포남동,중상사고,0,1,0,0,차대사람 - 횡단중,안전운전불이행,건조,맑음,단일로 - 기타,승용,남,40세,상해없음,보행자,남,74세,중상
2015121700100137,2015년 12월 17일 08시,목요일,강원도 원주시 단구동,중상사고,0,1,0,0,차대사람 - 횡단중,보행자보호의무위반,건조,맑음,단일로 - 횡단보도상,승용,남,42세,상해없음,보행자,여,12세,중상
2015121700100138,2015년 12월 17일 08시,목요일,강원도 원주시 지정면,중상사고,0,1,3,1,차대차 - 추돌 - 주정차중,안전운전불이행,건조,맑음,교차로 - 교차로부근,승용,남,73세,부상신고,승용,남,74세,경상
2015121700100181,2015년 12월 17일 09시,목요일,강원도 동해시 천곡동,경상사고,0,0,2,0,차대차 - 추돌 - 진행중,안전운전불이행,건조,맑음,단일로 - 기타,승용,남,43세,상해없음,승용,남,62세,경상
2015121700100241,2015년 12월 17일 11시,목요일,강원도 삼척시 갈천동,경상사고,0,0,2,0,차대차 - 측면직각충돌,안전운전불이행,건조,맑음,교차로 - 교차로안,화물,여,54세,경상,승용,여,51세,경상
2015121700100273,2015년 12월 17일 12시,목요일,강원도 춘천시 효자동,경상사고,0,0,1,0,차대차 - 정면충돌,직진우회전진행방해,건조,맑음,교차로 - 교차로안,승용,남,58세,상해없음,승합,남,40세,경상
2015121700100274,2015년 12월 17일 12시,목요일,강원도 강릉시 연곡면,경상사고,0,0,1,0,차대차 - 정면충돌,안전운전불이행,건조,맑음,교차로 - 교차로안,화물,남,42세,상해없음,승용,남,31세,경상
2015121700100302,2015년 12월 17일 13시,목요일,강원도 삼척시 교동,경상사고,0,0,2,0,차대차 - 정면충돌,안전거리미확보,건조,맑음,교차로 - 교차로부근,승합,남,52세,상해없음,승용,남,62세,경상
2015121700100326,2015년 12월 17일 14시,목요일,강원도 원주시 흥업면,중상사고,0,1,1,0,차대차 - 정면충돌,안전거리미확보,건조,맑음,교차로 - 교차로부근,승용,남,82세,중상,승합,남,72세,상해없음
2015121700100362,2015년 12월 17일 15시,목요일,강원도 춘천시 우두동,경상사고,0,0,1,0,차대차 - 측면직각충돌,안전운전불이행,건조,맑음,교차로 - 교차로부근,승용,여,48세,상해없음,승용,여,35세,경상
2015121700100363,2015년 12월 17일 15시,목요일,강원도 속초시 동명동,경상사고,0,0,1,0,차대사람 - 횡단중,보행자보호의무위반,건조,맑음,단일로 - 교량,승용,남,52세,상해없음,보행자,남,31세,경상
2015121700100402,2015년 12월 17일 16시,목요일,강원도 강릉시 노암동,경상사고,0,0,1,0,차대차 - 정면충돌,안전운전불이행,건조,맑음,교차로 - 교차로부근,승용,여,38세,상해없음,승용,여,54세,경상
2015121700100444,2015년 12월 17일 17시,목요일,강원도 삼척시 교동,중상사고,0,1,0,0,차대차 - 정면충돌,안전거리미확보,건조,맑음,교차로 - 교차로부근,화물,남,52세,상해없음,승용,남,59세,중상
2015121700100492,2015년 12월 17일 18시,목요일,강원도 강릉시 옥천동,경상사고,0,0,1,0,차대차 - 정면충돌,안전운전불이행,건조,맑음,교차로 - 교차로안,승용,여,61세,상해없음,승용,남,28세,경상
2015121700100540,2015년 12월 17일 19시,목요일,강원도 춘천시 후평동,중상사고,0,1,0,0,차대사람 - 횡단중,안전운전불이행,건조,맑음,단일로 - 기타,기타불명,기타불명,기타불명,기타불명,보행자,남,15세,중상
2015121700100541,2015년 12월 17일 19시,목요일,강원도 평창군 용평면,중상사고,0,1,0,0,차대사람 - 횡단중,안전운전불이행,건조,맑음,단일로 - 기타,승용,남,43세,상해없음,보행자,남,51세,중상
2015121700100542,2015년 12월 17일 19시,목요일,강원도 동해시 지흥동,경상사고,0,0,2,0,차대차 - 정면충돌,안전거리미확보,건조,맑음,단일로 - 기타,화물,남,37세,상해없음,승용,남,30세,경상
2015121700100584,2015년 12월 17일 20시,목요일,강원도 원주시 무실동,경상사고,0,0,1,0,차대차 - 측면직각충돌,안전운전불이행,건조,맑음,기타 - 기타,승용,남,47세,상해없음,자전거,남,13세,경상
2015121700100585,2015년 12월 17일 20시,목요일,강원도 횡성군 횡성읍,경상사고,0,0,4,0,차대차 - 정면충돌,안전운전불이행,건조,흐림,교차로 - 교차로안,승용,여,19세,상해없음,승용,여,56세,상해없음
2015121700100611,2015년 12월 17일 21시,목요일,강원도 춘천시 석사동,경상사고,0,0,2,0,차대차 - 추돌 - 진행중,안전운전불이행,건조,맑음,단일로 - 기타,승용,남,44세,상해없음,승용,여,48세,경상
2015121700100642,2015년 12월 17일 22시,목요일,강원도 춘천시 퇴계동,경상사고,0,0,4,0,차대차 - 측면직각충돌,안전운전불이행,건조,맑음,단일로 - 기타,승용,남,27세,상해없음,승용,여,43세,기타불명
2015121700100643,2015년 12월 17일 22시,목요일,강원도 원주시 명륜동,경상사고,0,0,1,0,차대차 - 추돌 - 진행중,신호위반,건조,맑음,교차로 - 교차로안,승용,남,23세,상해없음,승용,여,61세,경상
2015121700100683,2015년 12월 17일 23시,목요일,강원도 동해시 쇄운동,경상사고,0,0,1,0,차대사람 - 횡단중,불법유턴,건조,맑음,교차로 - 교차로안,승용,여,56세,상해없음,보행자,남,34세,경상
2015121800100013,2015년 12월 18일 00시,금요일,강원도 원주시 원동,경상사고,0,0,1,0,차대차 - 추돌 - 진행중,안전운전불이행,건조,맑음,기타 - 기타,승용,남,31세,상해없음,승용,남,41세,경상
2015121800100079,2015년 12월 18일 06시,금요일,강원도 춘천시 요선동,중상사고,0,1,0,0,차대사람 - 차도통행중,안전운전불이행,건조,맑음,단일로 - 기타,승용,여,62세,상해없음,보행자,여,86세,중상
2015121800100138,2015년 12월 18일 08시,금요일,강원도 강릉시 홍제동,경상사고,0,0,4,0,차대차 - 정면충돌,신호위반,건조,맑음,교차로 - 교차로안,승용,남,61세,상해없음,승용,여,55세,경상
2015121800100139,2015년 12월 18일 08시,금요일,강원도 원주시 단구동,경상사고,0,0,2,0,차대차 - 정면충돌,신호위반,건조,맑음,교차로 - 교차로안,화물,남,45세,상해없음,승용,남,52세,경상
2015121800100180,2015년 12월 18일 09시,금요일,강원도 화천군 화천읍,경상사고,0,0,1,0,차대사람 - 길가장자리구역통행중,안전운전불이행,건조,맑음,단일로 - 기타,승용,여,62세,상해없음,보행자,남,24세,경상
2015121800100199,2015년 12월 18일 10시,금요일,강원도 홍천군 남면,중상사고,0,1,1,0,차대차 - 측면직각충돌,중앙선침범,건조,맑음,단일로 - 기타,화물,남,62세,경상,화물,남,20세,중상
2015121800100228,2015년 12월 18일 11시,금요일,강원도 영월군 남면,경상사고,0,0,1,0,차대차 - 추돌 - 주정차중,안전운전불이행,건조,맑음,기타 - 기타,승용,남,57세,상해없음,승용,남,46세,경상
2015121800100257,2015년 12월 18일 12시,금요일,강원도 양양군 양양읍,중상사고,0,1,0,0,차대사람 - 횡단중,안전운전불이행,건조,맑음,단일로 - 기타,화물,남,64세,상해없음,보행자,여,76세,중상
2015121800100294,2015년 12월 18일 13시,금요일,강원도 속초시 동명동,경상사고,0,0,1,0,차대차 - 측면직각충돌,신호위반,건조,맑음,교차로 - 교차로안,승용,여,75세,상해없음,승용,남,38세,경상
2015121800100295,2015년 12월 18일 13시,금요일,강원도 홍천군 동면,중상사고,0,1,0,0,차대차 - 측면직각충돌,불법유턴,건조,맑음,교차로 - 교차로부근,승용,남,41세,상해없음,화물,남,72세,중상
2015121800100326,2015년 12월 18일 14시,금요일,강원도 철원군 서면,경상사고,0,0,2,0,차대차 - 측면직각충돌,교차로운행방법위반,건조,맑음,교차로 - 교차로안,승용,여,41세,경상,승용,남,34세,경상
2015121800100327,2015년 12월 18일 14시,금요일,강원도 춘천시 동내면,경상사고,0,0,2,0,차대차 - 추돌 - 주정차중,안전운전불이행,건조,흐림,단일로 - 기타,화물,남,67세,상해없음,화물,여,44세,경상
2015121800100355,2015년 12월 18일 15시,금요일,강원도 원주시 일산동,중상사고,0,1,0,0,차대차 - 추돌 - 진행중,안전운전불이행,건조,맑음,교차로 - 교차로부근,승용,여,44세,상해없음,특수,남,42세,중상
2015121800100441,2015년 12월 18일 17시,금요일,강원도 강릉시 주문진읍,중상사고,0,1,0,0,차대사람 - 횡단중,안전운전불이행,건조,맑음,교차로 - 교차로안,화물,남,46세,상해없음,보행자,여,90세 이상,중상
2015121800100442,2015년 12월 18일 17시,금요일,강원도 원주시 개운동,경상사고,0,0,1,0,차대사람 - 횡단중,신호위반,건조,맑음,단일로 - 횡단보도상,승용,여,57세,상해없음,보행자,여,37세,경상
2015121800100443,2015년 12월 18일 17시,금요일,강원도 평창군 용평면,경상사고,0,0,1,0,차대차 - 추돌 - 주정차중,안전거리미확보,건조,맑음,단일로 - 터널,승용,남,31세,상해없음,승용,남,60세,경상
2015121800100488,2015년 12월 18일 18시,금요일,강원도 철원군 동송읍,중상사고,0,1,1,0,차대차 - 정면충돌,안전운전불이행,건조,맑음,기타 - 기타,승용,남,19세,상해없음,승용,남,24세,경상
2015121800100545,2015년 12월 18일 19시,금요일,강원도 양양군 양양읍,중상사고,0,3,3,0,차대차 - 측면직각충돌,안전운전불이행,건조,맑음,교차로 - 교차로안,승용,남,41세,상해없음,승합,남,58세,경상
2015121800100637,2015년 12월 18일 21시,금요일,강원도 춘천시 온의동,중상사고,0,1,0,0,차대사람 - 차도통행중,안전운전불이행,건조,맑음,단일로 - 기타,승용,남,56세,상해없음,보행자,남,42세,중상
2015121800100638,2015년 12월 18일 21시,금요일,강원도 원주시 태장동,경상사고,0,0,1,0,차대사람 - 횡단중,안전운전불이행,건조,맑음,교차로 - 교차로안,승용,여,23세,상해없음,보행자,남,52세,경상
2015121800100714,2015년 12월 18일 23시,금요일,강원도 춘천시 석사동,경상사고,0,0,3,0,차대차 - 추돌 - 주정차중,안전운전불이행,건조,맑음,교차로 - 교차로부근,승용,남,34세,상해없음,승용,남,44세,경상
2015121900100051,2015년 12월 19일 01시,토요일,강원도 삼척시 정상동,경상사고,0,0,2,0,차대차 - 측면직각충돌,직진우회전진행방해,건조,맑음,교차로 - 교차로안,승용,남,34세,상해없음,승용,남,44세,경상
2015121900100102,2015년 12월 19일 04시,토요일,강원도 태백시 황지동,중상사고,0,1,0,0,차대차 - 정면충돌,교차로운행방법위반,건조,맑음,교차로 - 교차로안,승용,남,33세,상해없음,승용,남,64세,중상
2015121900100128,2015년 12월 19일 06시,토요일,강원도 영월군 영월읍,중상사고,0,2,1,0,차대차 - 정면충돌,안전운전불이행,결빙,비,단일로 - 기타,승용,남,58세,상해없음,화물,남,31세,중상
2015121900100160,2015년 12월 19일 07시,토요일,강원도 원주시 소초면,경상사고,0,0,1,0,차량단독 - 전도전복,안전운전불이행,건조,맑음,단일로 - 기타,화물,남,53세,상해없음,,,,
2015121900100161,2015년 12월 19일 07시,토요일,강원도 속초시 노학동,중상사고,0,1,2,0,차량단독 - 전도전복,안전운전불이행,건조,맑음,단일로 - 기타,화물,남,57세,상해없음,,,,
2015121900100162,2015년 12월 19일 07시,토요일,강원도 횡성군 우천면,중상사고,0,6,1,0,차대차 - 정면충돌,안전운전불이행,결빙,흐림,단일로 - 기타,승용,남,45세,중상,승용,남,32세,중상
2015121900100181,2015년 12월 19일 08시,토요일,강원도 강릉시 성남동,경상사고,0,0,1,0,차대차 - 기타,안전운전불이행,건조,맑음,단일로 - 기타,승용,남,39세,상해없음,승용,기타불명,15세,기타불명
2015121900100228,2015년 12월 19일 10시,토요일,강원도 횡성군 우천면,중상사고,0,3,0,0,차대차 - 정면충돌,중앙선침범,결빙,맑음,미분류 - 미분류,승용,남,52세,상해없음,화물,남,59세,상해없음
2015121900100259,2015년 12월 19일 11시,토요일,강원도 인제군 남면,중상사고,0,1,1,0,차량단독 - 전도전복,안전운전불이행,건조,맑음,단일로 - 기타,승용,남,22세,상해없음,,,,
2015121900100260,2015년 12월 19일 11시,토요일,강원도 철원군 동송읍,중상사고,0,1,0,0,차대사람 - 횡단중,안전운전불이행,건조,맑음,단일로 - 기타,화물,남,51세,상해없음,보행자,남,58세,중상
2015121900100295,2015년 12월 19일 12시,토요일,강원도 원주시 단계동,경상사고,0,0,1,0,차대사람 - 횡단중,안전운전불이행,건조,맑음,단일로 - 기타,승용,남,56세,상해없음,보행자,남,22세,경상
2015121900100296,2015년 12월 19일 12시,토요일,강원도 원주시 문막읍,경상사고,0,0,1,0,차대차 - 측면직각충돌,차로위반,건조,맑음,기타 - 기타,승용,남,31세,상해없음,승용,남,52세,경상
2015121900100297,2015년 12월 19일 12시,토요일,강원도 동해시 효가동,중상사고,0,1,0,0,차대차 - 정면충돌,직진우회전진행방해,건조,맑음,교차로 - 교차로안,화물,남,42세,상해없음,승용,남,49세,상해없음
2015121900100324,2015년 12월 19일 13시,토요일,강원도 홍천군 북방면,경상사고,0,0,1,0,차대차 - 측면직각충돌,안전운전불이행,건조,맑음,교차로 - 교차로안,자전거,여,65세,경상,승용,남,33세,상해없음
2015121900100325,2015년 12월 19일 13시,토요일,강원도 횡성군 횡성읍,중상사고,0,4,0,0,차대차 - 정면충돌,안전운전불이행,건조,맑음,교차로 - 교차로부근,승용,남,78세,상해없음,승용,남,46세,중상
2015121900100387,2015년 12월 19일 15시,토요일,강원도 철원군 동송읍,경상사고,0,0,1,0,차대사람 - 횡단중,안전운전불이행,건조,맑음,단일로 - 기타,승용,남,51세,상해없음,보행자,여,9세,경상
2015121900100419,2015년 12월 19일 16시,토요일,강원도 홍천군 남면,경상사고,0,0,1,0,차대차 - 정면충돌,안전운전불이행,건조,맑음,단일로 - 기타,농기계,남,73세,경상,승합,남,60세,상해없음
2015121900100420,2015년 12월 19일 16시,토요일,강원도 태백시 황지동,경상사고,0,0,2,0,차대차 - 기타,안전운전불이행,건조,맑음,단일로 - 기타,승용,남,45세,상해없음,승용,남,37세,경상
2015121900100421,2015년 12월 19일 16시,토요일,강원도 태백시 통동,경상사고,0,0,2,0,차대차 - 측면직각충돌,신호위반,건조,맑음,교차로 - 교차로안,승용,남,80세,경상,승용,남,60세,경상
2015121900100456,2015년 12월 19일 17시,토요일,강원도 원주시 단계동,경상사고,0,0,1,0,차대사람 - 횡단중,안전운전불이행,건조,맑음,단일로 - 횡단보도부근,이륜,남,36세,상해없음,보행자,여,59세,경상
2015121900100457,2015년 12월 19일 17시,토요일,강원도 홍천군 홍천읍,경상사고,0,0,1,0,차대사람 - 횡단중,안전운전불이행,건조,맑음,단일로 - 기타,승용,여,58세,상해없음,보행자,여,62세,경상
2015121900100527,2015년 12월 19일 18시,토요일,강원도 춘천시 후평동,경상사고,0,0,3,0,차대차 - 추돌 - 진행중,안전거리미확보,건조,맑음,단일로 - 기타,승합,남,52세,상해없음,승용,남,24세,경상
2015121900100528,2015년 12월 19일 18시,토요일,강원도 춘천시 퇴계동,경상사고,0,0,5,0,차대차 - 정면충돌,안전운전불이행,건조,맑음,단일로 - 기타,승용,남,36세,상해없음,승용,남,46세,경상
2015121900100529,2015년 12월 19일 18시,토요일,강원도 원주시 단계동,중상사고,0,1,0,0,차대차 - 정면충돌,신호위반,건조,맑음,교차로 - 교차로안,화물,남,47세,상해없음,승용,여,48세,중상
2015121900100579,2015년 12월 19일 19시,토요일,강원도 춘천시 동면,경상사고,0,0,1,0,차대차 - 측면직각충돌,안전운전불이행,건조,맑음,교차로 - 교차로안,이륜,남,43세,상해없음,승용,남,54세,경상
2015121900100580,2015년 12월 19일 19시,토요일,강원도 원주시 개운동,경상사고,0,0,1,0,차대차 - 정면충돌,신호위반,건조,맑음,교차로 - 교차로안,승용,여,55세,상해없음,승용,남,31세,경상
2015121900100621,2015년 12월 19일 20시,토요일,강원도 영월군 영월읍,중상사고,0,1,0,0,차대사람 - 횡단중,보행자보호의무위반,건조,맑음,단일로 - 횡단보도상,승용,남,43세,상해없음,보행자,남,63세,중상
2015121900100646,2015년 12월 19일 21시,토요일,강원도 원주시 판부면,경상사고,0,0,1,0,차대차 - 측면직각충돌,안전운전불이행,건조,맑음,단일로 - 기타,승용,여,50세,경상,화물,남,44세,상해없음
2015121900100647,2015년 12월 19일 21시,토요일,강원도 횡성군 청일면,중상사고,0,2,0,0,차량단독 - 전도전복,안전운전불이행,건조,맑음,단일로 - 기타,화물,남,56세,중상,,,,
2015121900100676,2015년 12월 19일 22시,토요일,강원도 강릉시 안현동,경상사고,0,0,1,0,차대차 - 정면충돌,안전운전불이행,건조,흐림,단일로 - 기타,승용,여,34세,상해없음,승용,남,22세,경상
2015121900100677,2015년 12월 19일 22시,토요일,강원도 평창군 평창읍,경상사고,0,0,1,0,차대차 - 정면충돌,안전운전불이행,건조,맑음,교차로 - 교차로안,화물,남,74세,상해없음,이륜,남,66세,경상
2015121900100678,2015년 12월 19일 22시,토요일,강원도 동해시 부곡동,경상사고,0,0,2,0,차대차 - 측면직각충돌,교차로운행방법위반,건조,맑음,교차로 - 교차로안,화물,남,50세,상해없음,승용,여,45세,경상
2015122000100043,2015년 12월 20일 01시,일요일,강원도 강릉시 남문동,경상사고,0,0,1,0,차대차 - 정면충돌,신호위반,건조,맑음,교차로 - 교차로안,승용,남,66세,상해없음,승용,여,42세,경상
2015122000100081,2015년 12월 20일 03시,일요일,강원도 춘천시 석사동,경상사고,0,0,2,0,차대차 - 측면직각충돌,직진우회전진행방해,건조,맑음,교차로 - 교차로안,승용,남,38세,상해없음,승용,여,43세,경상
2015122000100157,2015년 12월 20일 09시,일요일,강원도 정선군 임계면,사망사고,1,2,1,0,차대차 - 추돌 - 진행중,중앙선침범,건조,흐림,단일로 - 기타,건설기계,남,47세,경상,화물,남,77세,사망
2015122000100164,2015년 12월 20일 10시,일요일,강원도 춘천시 퇴계동,부상신고사고,0,0,0,4,차대차 - 측면직각충돌,교차로운행방법위반,건조,맑음,교차로 - 교차로안,승용,남,80세,상해없음,승용,남,24세,부상신고
2015122000100165,2015년 12월 20일 10시,일요일,강원도 원주시 봉산동,경상사고,0,0,1,0,차대차 - 정면충돌,안전운전불이행,건조,맑음,단일로 - 기타,화물,남,37세,상해없음,승용,여,69세,경상
2015122000100174,2015년 12월 20일 11시,일요일,강원도 정선군 고한읍,경상사고,0,0,2,1,차대차 - 정면충돌,안전운전불이행,기타,맑음,단일로 - 터널,승용,남,26세,상해없음,승용,남,56세,경상
2015122000100192,2015년 12월 20일 12시,일요일,강원도 삼척시 가곡면,중상사고,0,1,2,1,차대차 - 정면충돌,중앙선침범,건조,맑음,단일로 - 기타,승용,여,56세,부상신고,승용,남,54세,경상
2015122000100226,2015년 12월 20일 14시,일요일,강원도 원주시 봉산동,경상사고,0,0,2,0,차대차 - 추돌 - 주정차중,안전운전불이행,건조,맑음,교차로 - 교차로부근,승용,남,54세,상해없음,승용,남,53세,경상
2015122000100227,2015년 12월 20일 14시,일요일,강원도 원주시 반곡동,경상사고,0,0,2,0,차대차 - 추돌 - 진행중,신호위반,건조,맑음,교차로 - 교차로안,건설기계,남,59세,상해없음,승용,남,52세,경상
2015122000100276,2015년 12월 20일 16시,일요일,강원도 춘천시 효자동,중상사고,0,1,0,0,차대사람 - 기타,안전운전불이행,건조,맑음,단일로 - 기타,승용,남,52세,상해없음,보행자,여,56세,중상
2015122000100277,2015년 12월 20일 16시,일요일,강원도 원주시 개운동,경상사고,0,0,2,0,차대차 - 추돌 - 주정차중,안전운전불이행,건조,맑음,단일로 - 기타,승용,여,54세,상해없음,승용,남,34세,경상
2015122000100304,2015년 12월 20일 17시,일요일,강원도 원주시 단계동,경상사고,0,0,3,0,차대차 - 추돌 - 진행중,안전운전불이행,건조,맑음,단일로 - 기타,승용,남,58세,상해없음,승용,여,34세,경상
2015122000100305,2015년 12월 20일 17시,일요일,강원도 춘천시 남면,경상사고,0,0,3,1,차대차 - 추돌 - 진행중,안전거리미확보,건조,맑음,단일로 - 기타,승용,남,21세,상해없음,승용,남,29세,경상
2015122000100342,2015년 12월 20일 18시,일요일,강원도 춘천시 후평동,경상사고,0,0,1,0,차대사람 - 횡단중,안전운전불이행,건조,맑음,교차로 - 교차로안,승용,남,31세,상해없음,보행자,남,60세,경상
2015122000100343,2015년 12월 20일 18시,일요일,강원도 춘천시 퇴계동,부상신고사고,0,0,0,1,차대차 - 정면충돌,차로위반,건조,맑음,단일로 - 기타,화물,남,67세,상해없음,승용,남,29세,부상신고
2015122000100381,2015년 12월 20일 19시,일요일,강원도 원주시 문막읍,중상사고,0,1,0,0,차대차 - 추돌 - 진행중,안전운전불이행,건조,맑음,기타 - 기타,승용,남,63세,상해없음,승용,남,53세,중상
2015122100100037,2015년 12월 21일 04시,월요일,강원도 강릉시 구정면,사망사고,1,0,0,0,차량단독 - 전도전복,안전운전불이행,건조,맑음,단일로 - 기타,승용,남,53세,사망,,,,
2015122100100091,2015년 12월 21일 07시,월요일,강원도 춘천시 후평동,경상사고,0,0,1,0,차대사람 - 길가장자리구역통행중,안전운전불이행,건조,맑음,교차로 - 교차로부근,승용,여,39세,상해없음,보행자,남,7세,경상
2015122100100140,2015년 12월 21일 08시,월요일,강원도 춘천시 근화동,경상사고,0,0,4,0,차대차 - 정면충돌,중앙선침범,적설,눈,단일로 - 기타,승용,여,35세,상해없음,승용,남,56세,경상
2015122100100141,2015년 12월 21일 08시,월요일,강원도 홍천군 홍천읍,중상사고,0,1,0,0,차대차 - 정면충돌,안전거리미확보,습기,눈,단일로 - 기타,승용,여,48세,상해없음,승용,여,32세,중상
2015122100100142,2015년 12월 21일 08시,월요일,강원도 홍천군 서석면,경상사고,0,0,1,0,차량단독 - 전도전복,안전운전불이행,적설,눈,기타 - 기타,승용,남,41세,경상,,,,
2015122100100188,2015년 12월 21일 09시,월요일,강원도 춘천시 우두동,경상사고,0,0,2,0,차대차 - 추돌 - 진행중,기타,적설,눈,단일로 - 기타,승용,여,38세,상해없음,승용,남,63세,경상
2015122100100189,2015년 12월 21일 09시,월요일,강원도 춘천시 후평동,경상사고,0,0,2,0,차대차 - 추돌 - 진행중,안전운전불이행,건조,맑음,단일로 - 기타,승용,여,42세,상해없음,화물,남,41세,경상
2015122100100190,2015년 12월 21일 09시,월요일,강원도 춘천시 온의동,경상사고,0,0,6,0,차대차 - 추돌 - 진행중,안전운전불이행,적설,눈,단일로 - 기타,승용,여,36세,경상,승용,남,34세,경상
2015122100100191,2015년 12월 21일 09시,월요일,강원도 평창군 평창읍,중상사고,0,3,0,0,차대차 - 정면충돌,중앙선침범,적설,눈,단일로 - 기타,승합,남,69세,상해없음,건설기계,남,48세,상해없음
2015122100100192,2015년 12월 21일 09시,월요일,강원도 횡성군 서원면,중상사고,0,2,1,0,차량단독 - 전도전복,안전운전불이행,적설,눈,단일로 - 기타,승용,여,41세,중상,,,,
2015122100100213,2015년 12월 21일 10시,월요일,강원도 춘천시 신북읍,경상사고,0,0,2,0,차대차 - 측면직각충돌,안전운전불이행,결빙,눈,교차로 - 교차로안,승용,여,50세,상해없음,승용,여,40세,경상
2015122100100214,2015년 12월 21일 10시,월요일,강원도 원주시 소초면,중상사고,0,1,1,0,차대차 - 정면충돌,중앙선침범,적설,눈,단일로 - 기타,승용,여,44세,경상,건설기계,남,59세,중상
2015122100100215,2015년 12월 21일 10시,월요일,강원도 원주시 호저면,경상사고,0,0,2,0,차대차 - 정면충돌,불법유턴,건조,맑음,교차로 - 교차로부근,건설기계,남,53세,상해없음,승용,남,22세,경상
2015122100100216,2015년 12월 21일 10시,월요일,강원도 삼척시 하장면,경상사고,0,0,1,0,차량단독 - 전도전복,안전운전불이행,적설,눈,교차로 - 교차로안,건설기계,남,58세,경상,,,,
2015122100100245,2015년 12월 21일 11시,월요일,강원도 원주시 귀래면,중상사고,0,1,0,0,차량단독 - 공작물충돌,안전운전불이행,습기,비,단일로 - 기타,승용,남,57세,중상,,,,
2015122100100246,2015년 12월 21일 11시,월요일,강원도 춘천시 동산면,중상사고,0,2,0,0,차대차 - 정면충돌,안전운전불이행,습기,눈,단일로 - 기타,승용,남,45세,상해없음,승용,여,56세,중상
2015122100100306,2015년 12월 21일 13시,월요일,강원도 춘천시 퇴계동,경상사고,0,0,1,0,차대차 - 측면직각충돌,중앙선침범,습기,흐림,단일로 - 기타,승용,남,78세,상해없음,원동기,남,48세,경상
2015122100100366,2015년 12월 21일 15시,월요일,강원도 춘천시 후평동,경상사고,0,0,1,0,차대사람 - 길가장자리구역통행중,기타,건조,맑음,단일로 - 기타,기타불명,기타불명,기타불명,기타불명,보행자,남,14세,경상
2015122100100367,2015년 12월 21일 15시,월요일,강원도 원주시 일산동,중상사고,0,1,1,0,차대차 - 정면충돌,안전운전불이행,건조,맑음,교차로 - 교차로부근,승용,남,52세,상해없음,승용,남,58세,경상
2015122100100368,2015년 12월 21일 15시,월요일,강원도 정선군 고한읍,경상사고,0,0,1,0,차대사람 - 횡단중,안전운전불이행,습기,흐림,기타 - 기타,승용,남,30세,상해없음,보행자,여,77세,경상
2015122100100400,2015년 12월 21일 16시,월요일,강원도 강릉시 성산면,경상사고,0,0,1,0,차대차 - 정면충돌,안전운전불이행,건조,맑음,단일로 - 기타,승용,남,34세,기타불명,승용,남,40세,경상
2015122100100429,2015년 12월 21일 17시,월요일,강원도 원주시 단구동,경상사고,0,0,1,0,차대차 - 정면충돌,안전운전불이행,건조,맑음,기타 - 기타,승용,여,47세,상해없음,승용,여,56세,경상