사고번호,사고일시,요일,시군구,사고내용,사망자수,중상자수,경상자수,부상신고자수,사고유형,법규위반,노면상태,기상상태,도로형태,가해운전자 차종,가해운전자 성별,가해운전자 연령,가해운전자 상해정도,피해운전자 차종,피해운전자 성별,피해운전자 연령,피해운전자 상해정도
2015122100100430,2015년 12월 21일 17시,월요일,강원도 홍천군 화촌면,경상사고,0,0,1,0,차대차 - 측면직각충돌,신호위반,습기,맑음,교차로 - 교차로안,승용,남,54세,상해없음,승합,남,64세,경상
2015122100100477,2015년 12월 21일 18시,월요일,강원도 춘천시 동내면,중상사고,0,1,0,0,차대사람 - 횡단중,안전운전불이행,건조,맑음,단일로 - 기타,승용,남,28세,상해없음,보행자,남,17세,중상
2015122100100478,2015년 12월 21일 18시,월요일,강원도 원주시 소초면,경상사고,0,0,2,0,차대차 - 추돌 - 진행중,안전운전불이행,건조,맑음,단일로 - 기타,승용,여,45세,상해없음,승용,남,45세,경상
2015122100100479,2015년 12월 21일 18시,월요일,강원도 속초시 조양동,사망사고,1,0,0,0,차대사람 - 횡단중,안전운전불이행,건조,맑음,단일로 - 기타,승용,남,22세,상해없음,보행자,여,52세,사망
2015122100100480,2015년 12월 21일 18시,월요일,강원도 태백시 통동,중상사고,0,1,0,0,차대사람 - 횡단중,안전운전불이행,건조,맑음,단일로 - 기타,승용,남,41세,상해없음,보행자,남,22세,중상
2015122100100481,2015년 12월 21일 18시,월요일,강원도 동해시 송정동,경상사고,0,0,1,0,차대차 - 정면충돌,안전거리미확보,건조,맑음,단일로 - 기타,건설기계,남,34세,상해없음,승용,남,70세,경상
2015122100100528,2015년 12월 21일 19시,월요일,강원도 화천군 사내면,경상사고,0,0,1,0,차대사람 - 횡단중,안전운전불이행,건조,맑음,단일로 - 기타,승용,남,62세,상해없음,보행자,여,59세,경상
2015122100100593,2015년 12월 21일 21시,월요일,강원도 강릉시 옥천동,경상사고,0,0,1,0,차대사람 - 횡단중,보행자보호의무위반,건조,맑음,교차로 - 교차로부근,기타불명,기타불명,기타불명,기타불명,보행자,남,48세,경상
2015122100100594,2015년 12월 21일 21시,월요일,강원도 동해시 천곡동,경상사고,0,0,2,0,차대차 - 정면충돌,신호위반,건조,맑음,교차로 - 교차로안,승용,남,46세,상해없음,승용,남,60세,경상
2015122100100628,2015년 12월 21일 22시,월요일,강원도 춘천시 온의동,중상사고,0,1,0,0,차대사람 - 횡단중,보행자보호의무위반,건조,맑음,교차로 - 교차로부근,승용,남,38세,상해없음,보행자,남,29세,중상
2015122200100073,2015년 12월 22일 06시,화요일,강원도 춘천시 후평동,경상사고,0,0,1,0,차대사람 - 횡단중,보행자보호의무위반,건조,맑음,단일로 - 횡단보도상,승용,남,64세,상해없음,보행자,남,77세,경상
2015122200100104,2015년 12월 22일 07시,화요일,강원도 원주시 행구동,중상사고,0,1,1,0,차대차 - 정면충돌,중앙선침범,습기,맑음,단일로 - 기타,승용,남,18세,상해없음,화물,남,39세,중상
2015122200100105,2015년 12월 22일 07시,화요일,강원도 횡성군 횡성읍,경상사고,0,0,1,0,차대차 - 측면직각충돌,안전운전불이행,건조,맑음,교차로 - 교차로안,승용,남,50세,상해없음,승용,남,39세,경상
2015122200100172,2015년 12월 22일 09시,화요일,강원도 춘천시 동내면,경상사고,0,0,2,0,차대차 - 기타,직진우회전진행방해,건조,맑음,교차로 - 교차로안,승용,남,31세,상해없음,승합,남,71세,경상
2015122200100195,2015년 12월 22일 10시,화요일,강원도 삼척시 우지동,경상사고,0,0,1,0,차대차 - 정면충돌,안전운전불이행,건조,맑음,단일로 - 기타,화물,남,44세,상해없음,화물,남,54세,경상
2015122200100196,2015년 12월 22일 10시,화요일,강원도 철원군 동송읍,경상사고,0,0,3,0,차량단독 - 전도전복,안전운전불이행,결빙,맑음,단일로 - 기타,승합,남,61세,상해없음,,,,
2015122200100226,2015년 12월 22일 11시,화요일,강원도 태백시 철암동,중상사고,0,2,0,0,차대사람 - 차도통행중,안전운전불이행,결빙,맑음,단일로 - 기타,화물,여,61세,상해없음,보행자,여,76세,중상
2015122200100254,2015년 12월 22일 12시,화요일,강원도 춘천시 퇴계동,중상사고,0,1,0,0,차대차 - 측면직각충돌,안전운전불이행,건조,맑음,단일로 - 횡단보도상,승용,남,69세,상해없음,자전거,남,77세,중상
2015122200100255,2015년 12월 22일 12시,화요일,강원도 정선군 여량면,중상사고,0,1,0,0,차대차 - 정면충돌,중앙선침범,건조,맑음,단일로 - 기타,승용,남,42세,상해없음,승용,남,33세,중상
2015122200100308,2015년 12월 22일 14시,화요일,강원도 태백시 통동,중상사고,0,1,0,0,차대사람 - 기타,안전운전불이행,건조,맑음,단일로 - 기타,건설기계,남,37세,상해없음,보행자,남,59세,중상
2015122200100353,2015년 12월 22일 15시,화요일,강원도 원주시 단계동,경상사고,0,0,2,0,차대차 - 정면충돌,직진우회전진행방해,건조,맑음,교차로 - 교차로안,승용,여,37세,상해없음,승용,남,21세,경상
2015122200100354,2015년 12월 22일 15시,화요일,강원도 정선군 임계면,중상사고,0,1,0,0,차량단독 - 공작물충돌,안전운전불이행,결빙,흐림,단일로 - 기타,승용,남,42세,상해없음,,,,
2015122200100387,2015년 12월 22일 16시,화요일,강원도 춘천시 우두동,경상사고,0,0,1,0,차대사람 - 길가장자리구역통행중,보행자보호의무위반,건조,맑음,단일로 - 기타,화물,남,52세,상해없음,보행자,남,36세,경상
2015122200100426,2015년 12월 22일 17시,화요일,강원도 양양군 서면,사망사고,1,0,0,0,차량단독 - 전도전복,안전운전불이행,건조,맑음,단일로 - 교량,승용,남,67세,사망,,,,
2015122200100427,2015년 12월 22일 17시,화요일,강원도 평창군 용평면,중상사고,0,1,1,0,차대차 - 추돌 - 진행중,안전운전불이행,건조,맑음,단일로 - 기타,화물,여,60세,경상,승용,남,49세,중상
2015122200100466,2015년 12월 22일 18시,화요일,강원도 춘천시 온의동,경상사고,0,0,1,0,차대차 - 측면직각충돌,직진우회전진행방해,건조,맑음,교차로 - 교차로안,이륜,남,39세,경상,승용,여,47세,상해없음
2015122200100467,2015년 12월 22일 18시,화요일,강원도 원주시 단계동,경상사고,0,0,4,0,차대차 - 정면충돌,직진우회전진행방해,건조,맑음,교차로 - 교차로안,승용,여,26세,경상,화물,남,30세,경상
2015122200100546,2015년 12월 22일 20시,화요일,강원도 강릉시 옥천동,경상사고,0,0,2,0,차대차 - 측면직각충돌,안전운전불이행,건조,맑음,단일로 - 기타,승용,여,52세,상해없음,승용,남,51세,경상
2015122200100547,2015년 12월 22일 20시,화요일,강원도 원주시 단구동,경상사고,0,0,1,0,차대차 - 측면직각충돌,안전운전불이행,건조,맑음,단일로 - 횡단보도상,원동기,남,22세,상해없음,자전거,남,27세,경상
2015122200100548,2015년 12월 22일 20시,화요일,강원도 횡성군 서원면,중상사고,0,1,1,0,차량단독 - 전도전복,안전운전불이행,결빙,맑음,단일로 - 기타,승용,남,63세,경상,,,,
2015122200100603,2015년 12월 22일 22시,화요일,강원도 원주시 단구동,경상사고,0,0,3,0,차대차 - 정면충돌,신호위반,건조,맑음,교차로 - 교차로안,승용,여,63세,상해없음,승용,남,64세,경상
2015122200100623,2015년 12월 22일 23시,화요일,강원도 동해시 효가동,경상사고,0,0,1,0,차대차 - 정면충돌,안전거리미확보,건조,맑음,단일로 - 기타,화물,남,33세,상해없음,승용,남,50세,경상
2015122300100011,2015년 12월 23일 00시,수요일,강원도 원주시 태장동,경상사고,0,0,1,0,차대차 - 정면충돌,안전운전불이행,건조,맑음,교차로 - 교차로부근,승용,남,43세,상해없음,승용,남,38세,경상
2015122300100012,2015년 12월 23일 00시,수요일,강원도 원주시 무실동,부상신고사고,0,0,0,1,차대차 - 정면충돌,안전운전불이행,건조,맑음,단일로 - 기타,승용,남,33세,부상신고,건설기계,남,48세,기타불명
2015122300100042,2015년 12월 23일 01시,수요일,강원도 원주시 일산동,경상사고,0,0,4,0,차대차 - 측면직각충돌,신호위반,습기,비,교차로 - 교차로안,이륜,남,22세,경상,승용,남,57세,상해없음
2015122300100052,2015년 12월 23일 02시,수요일,강원도 원주시 태장동,경상사고,0,0,4,0,차대차 - 측면직각충돌,안전거리미확보,건조,맑음,교차로 - 교차로부근,승용,여,46세,상해없음,승용,남,18세,경상
2015122300100065,2015년 12월 23일 03시,수요일,강원도 춘천시 남산면,경상사고,0,0,1,0,차대차 - 측면직각충돌,안전운전불이행,건조,맑음,단일로 - 기타,승용,남,27세,상해없음,승용,남,52세,경상
2015122300100119,2015년 12월 23일 07시,수요일,강원도 평창군 진부면,중상사고,0,2,5,0,차대차 - 정면충돌,안전운전불이행,결빙,비,단일로 - 기타,화물,남,59세,중상,승용,남,58세,상해없음
2015122300100150,2015년 12월 23일 08시,수요일,강원도 평창군 대관령면,경상사고,0,0,1,0,차대차 - 정면충돌,안전운전불이행,습기,흐림,교차로 - 교차로안,승합,남,24세,상해없음,승용,남,59세,상해없음
2015122300100184,2015년 12월 23일 09시,수요일,강원도 춘천시 퇴계동,경상사고,0,0,1,0,차대차 - 정면충돌,교차로운행방법위반,건조,맑음,교차로 - 교차로안,승용,남,60세,상해없음,승용,여,55세,경상
2015122300100185,2015년 12월 23일 09시,수요일,강원도 삼척시 미로면,경상사고,0,0,2,0,차대차 - 측면직각충돌,안전운전불이행,습기,비,교차로 - 교차로안,승용,남,42세,경상,건설기계,남,46세,상해없음
2015122300100238,2015년 12월 23일 11시,수요일,강원도 강릉시 포남동,중상사고,0,1,0,0,차대차 - 추돌 - 진행중,안전운전불이행,건조,맑음,교차로 - 교차로안,승용,여,50세,상해없음,승용,남,61세,중상
2015122300100269,2015년 12월 23일 12시,수요일,강원도 춘천시 동면,부상신고사고,0,0,0,1,차대차 - 정면충돌,안전운전불이행,습기,흐림,단일로 - 기타,승용,남,63세,상해없음,승용,여,27세,부상신고
2015122300100270,2015년 12월 23일 12시,수요일,강원도 춘천시 약사동,경상사고,0,0,2,0,차대차 - 추돌 - 진행중,안전운전불이행,건조,맑음,단일로 - 기타,승용,남,48세,상해없음,승용,남,78세,경상
2015122300100271,2015년 12월 23일 12시,수요일,강원도 원주시 개운동,중상사고,0,1,0,0,차대차 - 정면충돌,교차로운행방법위반,습기,비,교차로 - 교차로안,화물,남,71세,상해없음,이륜,남,60세,중상
2015122300100295,2015년 12월 23일 13시,수요일,강원도 춘천시 효자동,경상사고,0,0,1,1,차대차 - 정면충돌,안전운전불이행,건조,맑음,교차로 - 교차로부근,승용,여,53세,상해없음,이륜,남,37세,경상
2015122300100296,2015년 12월 23일 13시,수요일,강원도 원주시 반곡동,경상사고,0,0,1,0,차대차 - 기타,안전운전불이행,습기,비,단일로 - 기타,승용,여,49세,상해없음,승용,남,46세,상해없음
2015122300100323,2015년 12월 23일 14시,수요일,강원도 춘천시 소양로1가,경상사고,0,0,3,0,차대차 - 추돌 - 주정차중,안전운전불이행,습기,흐림,단일로 - 기타,승합,남,53세,상해없음,화물,남,78세,경상
2015122300100324,2015년 12월 23일 14시,수요일,강원도 춘천시 삼천동,중상사고,0,1,0,0,차대사람 - 차도통행중,안전운전불이행,건조,맑음,단일로 - 기타,승용,여,63세,상해없음,보행자,남,59세,중상
2015122300100325,2015년 12월 23일 14시,수요일,강원도 고성군 토성면,중상사고,0,1,1,0,차대차 - 정면충돌,안전운전불이행,건조,맑음,단일로 - 기타,승용,남,56세,상해없음,승용,남,51세,경상
2015122300100361,2015년 12월 23일 15시,수요일,강원도 동해시 이도동,경상사고,0,0,1,0,차대차 - 정면충돌,교차로운행방법위반,건조,맑음,교차로 - 교차로안,승용,여,50세,상해없음,승용,남,71세,경상
2015122300100427,2015년 12월 23일 17시,수요일,강원도 철원군 갈말읍,중상사고,0,1,0,0,차대차 - 정면충돌,안전운전불이행,건조,맑음,단일로 - 기타,승용,남,50세,상해없음,승용,남,32세,기타불명
2015122300100478,2015년 12월 23일 18시,수요일,강원도 춘천시 석사동,경상사고,0,0,1,0,차대차 - 측면직각충돌,차로위반,건조,맑음,단일로 - 기타,승용,남,50세,상해없음,승용,남,33세,경상
2015122300100479,2015년 12월 23일 18시,수요일,강원도 삼척시 남양동,경상사고,0,0,2,0,차대차 - 정면충돌,안전운전불이행,건조,맑음,교차로 - 교차로부근,승용,남,48세,상해없음,승용,여,64세,경상
2015122300100526,2015년 12월 23일 19시,수요일,강원도 동해시 천곡동,경상사고,0,0,1,0,차대차 - 측면직각충돌,직진우회전진행방해,건조,맑음,교차로 - 교차로안,승용,남,58세,상해없음,원동기,남,16세,경상
2015122300100559,2015년 12월 23일 20시,수요일,강원도 원주시 우산동,경상사고,0,0,4,0,차대차 - 추돌 - 진행중,안전거리미확보,건조,맑음,교차로 - 교차로부근,원동기,남,17세,상해없음,승용,남,25세,경상
2015122300100652,2015년 12월 23일 23시,수요일,강원도 춘천시 후평동,경상사고,0,0,1,0,차대사람 - 횡단중,보행자보호의무위반,건조,맑음,단일로 - 기타,이륜,남,17세,상해없음,보행자,여,50세,경상
2015122400100055,2015년 12월 24일 01시,목요일,강원도 강릉시 포남동,경상사고,0,0,3,0,차대사람 - 횡단중,안전운전불이행,건조,맑음,단일로 - 기타,기타불명,기타불명,기타불명,기타불명,보행자,남,31세,경상
2015122400100099,2015년 12월 24일 05시,목요일,강원도 강릉시 죽헌동,경상사고,0,0,1,0,차대차 - 정면충돌,신호위반,건조,맑음,교차로 - 교차로안,화물,남,61세,상해없음,승용,남,66세,경상
2015122400100150,2015년 12월 24일 08시,목요일,강원도 속초시 노학동,경상사고,0,0,2,0,차대차 - 정면충돌,안전운전불이행,건조,맑음,교차로 - 교차로부근,화물,남,68세,상해없음,승용,남,46세,상해없음
2015122400100151,2015년 12월 24일 08시,목요일,강원도 동해시 천곡동,경상사고,0,0,1,0,차대차 - 추돌 - 진행중,안전거리미확보,건조,맑음,교차로 - 교차로부근,승용,여,40세,상해없음,승용,여,27세,경상
2015122400100187,2015년 12월 24일 09시,목요일,강원도 원주시 명륜동,경상사고,0,0,1,0,차대차 - 추돌 - 진행중,안전거리미확보,건조,맑음,교차로 - 교차로부근,승용,남,60세,상해없음,승용,여,51세,경상
2015122400100188,2015년 12월 24일 09시,목요일,강원도 동해시 효가동,경상사고,0,0,1,0,차대차 - 추돌 - 주정차중,안전운전불이행,건조,맑음,교차로 - 교차로부근,승용,남,48세,상해없음,승용,여,49세,경상
2015122400100214,2015년 12월 24일 10시,목요일,강원도 철원군 서면,중상사고,0,1,0,0,차대차 - 측면직각충돌,직진우회전진행방해,건조,맑음,교차로 - 교차로안,승용,남,60세,상해없음,화물,남,41세,중상
2015122400100245,2015년 12월 24일 11시,목요일,강원도 태백시 황지동,경상사고,0,0,1,0,차대차 - 정면충돌,중앙선침범,건조,맑음,단일로 - 기타,승용,남,29세,기타불명,특수,남,58세,경상
2015122400100246,2015년 12월 24일 11시,목요일,강원도 태백시 황지동,경상사고,0,0,3,0,차대차 - 정면충돌,직진우회전진행방해,건조,맑음,교차로 - 교차로안,승용,여,79세,상해없음,승용,남,27세,경상
2015122400100272,2015년 12월 24일 12시,목요일,강원도 춘천시 근화동,경상사고,0,0,2,0,차대차 - 측면직각충돌,안전운전불이행,건조,흐림,교차로 - 교차로안,승용,남,45세,상해없음,승용,여,56세,경상
2015122400100273,2015년 12월 24일 12시,목요일,강원도 원주시 우산동,경상사고,0,0,2,0,차대차 - 추돌 - 주정차중,안전거리미확보,건조,맑음,교차로 - 교차로부근,승용,남,74세,상해없음,승용,남,48세,경상
2015122400100274,2015년 12월 24일 12시,목요일,강원도 속초시 중앙동,경상사고,0,0,1,0,차대차 - 정면충돌,신호위반,건조,맑음,교차로 - 교차로부근,승용,남,53세,상해없음,승용,남,66세,경상
2015122400100305,2015년 12월 24일 13시,목요일,강원도 춘천시 조양동,경상사고,0,0,1,0,차대차 - 측면직각충돌,안전운전불이행,건조,맑음,단일로 - 기타,화물,남,32세,상해없음,승용,여,52세,경상
2015122400100306,2015년 12월 24일 13시,목요일,강원도 강릉시 교동,경상사고,0,0,2,0,차대차 - 측면직각충돌,안전운전불이행,건조,맑음,단일로 - 기타,승용,남,29세,상해없음,승용,남,43세,경상
2015122400100307,2015년 12월 24일 13시,목요일,강원도 원주시 봉산동,경상사고,0,0,1,0,차대차 - 정면충돌,안전운전불이행,건조,맑음,기타 - 기타,승용,여,55세,기타불명,승용,여,55세,경상
2015122400100308,2015년 12월 24일 13시,목요일,강원도 삼척시 근덕면,경상사고,0,0,2,0,차대차 - 추돌 - 주정차중,안전운전불이행,건조,맑음,단일로 - 기타,화물,남,51세,상해없음,화물,남,35세,상해없음
2015122400100344,2015년 12월 24일 14시,목요일,강원도 횡성군 안흥면,경상사고,0,0,2,0,차대차 - 측면직각충돌,안전운전불이행,건조,맑음,단일로 - 기타,승용,남,69세,상해없음,승용,남,25세,경상
2015122400100382,2015년 12월 24일 15시,목요일,강원도 평창군 봉평면,경상사고,0,0,2,0,차대차 - 정면충돌,안전운전불이행,건조,맑음,교차로 - 교차로안,승합,남,67세,상해없음,승용,남,61세,경상
2015122400100383,2015년 12월 24일 15시,목요일,강원도 철원군 갈말읍,경상사고,0,0,2,0,차대차 - 측면직각충돌,교차로운행방법위반,건조,흐림,교차로 - 교차로안,승용,여,62세,경상,승용,여,50세,상해없음
2015122400100411,2015년 12월 24일 16시,목요일,강원도 춘천시 석사동,경상사고,0,0,1,0,차대차 - 정면충돌,안전운전불이행,건조,맑음,교차로 - 교차로부근,화물,여,49세,상해없음,승용,여,45세,경상
2015122400100412,2015년 12월 24일 16시,목요일,강원도 원주시 무실동,중상사고,0,1,0,0,차대사람 - 횡단중,보행자보호의무위반,건조,맑음,단일로 - 횡단보도상,승용,남,34세,상해없음,보행자,여,50세,중상
2015122400100446,2015년 12월 24일 17시,목요일,강원도 춘천시 효자동,중상사고,0,1,0,0,차대사람 - 횡단중,교차로운행방법위반,건조,맑음,단일로 - 횡단보도상,승용,남,77세,상해없음,보행자,남,50세,중상
2015122400100447,2015년 12월 24일 17시,목요일,강원도 홍천군 화촌면,사망사고,1,0,0,0,차대사람 - 차도통행중,안전운전불이행,건조,맑음,단일로 - 기타,승용,남,66세,상해없음,보행자,여,80세,사망
2015122400100448,2015년 12월 24일 17시,목요일,강원도 태백시 백산동,경상사고,0,0,2,0,차대차 - 측면직각충돌,교차로운행방법위반,건조,맑음,교차로 - 교차로안,승용,여,38세,상해없음,화물,남,46세,경상
2015122400100503,2015년 12월 24일 18시,목요일,강원도 춘천시 남산면,경상사고,0,0,2,0,차대차 - 추돌 - 진행중,안전운전불이행,건조,맑음,단일로 - 기타,승용,남,57세,상해없음,승용,남,53세,경상
2015122400100504,2015년 12월 24일 18시,목요일,강원도 춘천시 근화동,중상사고,0,1,0,0,차대사람 - 횡단중,안전운전불이행,건조,맑음,단일로 - 기타,승용,여,38세,상해없음,보행자,남,64세,중상
2015122400100505,2015년 12월 24일 18시,목요일,강원도 원주시 단구동,경상사고,0,0,1,0,차대차 - 추돌 - 진행중,안전거리미확보,건조,맑음,교차로 - 교차로부근,승용,남,55세,상해없음,승용,남,44세,경상
2015122400100574,2015년 12월 24일 19시,목요일,강원도 강릉시 구정면,경상사고,0,0,2,0,차대차 - 추돌 - 주정차중,안전운전불이행,건조,맑음,단일로 - 기타,화물,남,58세,상해없음,승용,남,44세,경상
2015122400100685,2015년 12월 24일 22시,목요일,강원도 원주시 단구동,경상사고,0,0,8,0,차대차 - 추돌 - 진행중,안전거리미확보,건조,맑음,단일로 - 기타,승용,남,48세,상해없음,승용,남,46세,경상
2015122400100686,2015년 12월 24일 22시,목요일,강원도 동해시 발한동,경상사고,0,0,1,0,차대차 - 정면충돌,직진우회전진행방해,건조,맑음,교차로 - 교차로안,승용,여,49세,상해없음,승용,남,52세,경상
2015122400100720,2015년 12월 24일 23시,목요일,강원도 춘천시 후평동,부상신고사고,0,0,0,1,차대사람 - 횡단중,안전운전불이행,건조,맑음,단일로 - 기타,이륜,남,47세,상해없음,보행자,남,34세,부상신고
2015122400100721,2015년 12월 24일 23시,목요일,강원도 속초시 영랑동,경상사고,0,0,2,0,차대차 - 정면충돌,안전운전불이행,건조,맑음,교차로 - 교차로부근,승용,남,27세,상해없음,승용,남,38세,경상
2015122500100020,2015년 12월 25일 01시,금요일,강원도 춘천시 효자동,중상사고,0,1,5,0,차대차 - 정면충돌,신호위반,건조,흐림,교차로 - 교차로안,승용,남,42세,상해없음,승용,남,64세,중상
2015122500100029,2015년 12월 25일 02시,금요일,강원도 강릉시 입암동,중상사고,0,1,1,0,차대차 - 정면충돌,중앙선침범,건조,맑음,단일로 - 기타,승용,남,48세,기타불명,승용,여,46세,경상
2015122500100030,2015년 12월 25일 02시,금요일,강원도 원주시 단구동,중상사고,0,1,0,0,차량단독 - 전도전복,안전운전불이행,건조,맑음,단일로 - 기타,승용,남,32세,중상,,,,
2015122500100043,2015년 12월 25일 03시,금요일,강원도 강릉시 교동,경상사고,0,0,1,0,차대차 - 정면충돌,안전운전불이행,건조,맑음,교차로 - 교차로안,승용,남,54세,상해없음,승용,남,54세,경상
2015122500100118,2015년 12월 25일 09시,금요일,강원도 원주시 단구동,중상사고,0,1,1,0,차대차 - 정면충돌,신호위반,건조,맑음,교차로 - 교차로안,화물,남,42세,상해없음,승용,남,37세,경상
2015122500100119,2015년 12월 25일 09시,금요일,강원도 홍천군 남면,중상사고,0,1,0,0,차량단독 - 전도전복,안전운전불이행,건조,맑음,단일로 - 기타,화물,남,36세,중상,,,,
2015122500100136,2015년 12월 25일 10시,금요일,강원도 원주시 일산동,경상사고,0,0,1,1,차대차 - 추돌 - 진행중,안전거리미확보,건조,맑음,단일로 - 기타,승용,남,67세,부상신고,승합,남,47세,경상
2015122500100164,2015년 12월 25일 11시,금요일,강원도 홍천군 서면,경상사고,0,0,6,0,차대차 - 정면충돌,안전운전불이행,건조,맑음,단일로 - 기타,승용,남,26세,상해없음,승용,남,44세,경상
2015122500100181,2015년 12월 25일 12시,금요일,강원도 강릉시 안현동,경상사고,0,0,1,0,차대차 - 기타,안전운전불이행,건조,맑음,단일로 - 기타,승용,남,27세,기타불명,승용,남,22세,경상
2015122500100211,2015년 12월 25일 13시,금요일,강원도 원주시 반곡동,경상사고,0,0,2,0,차대차 - 정면충돌,안전운전불이행,건조,맑음,교차로 - 교차로부근,승용,여,55세,상해없음,승용,남,31세,경상
2015122500100212,2015년 12월 25일 13시,금요일,강원도 춘천시 동내면,경상사고,0,0,3,0,차대차 - 추돌 - 주정차중,안전운전불이행,건조,맑음,단일로 - 기타,승용,남,50세,상해없음,승용,여,35세,경상
2015122500100237,2015년 12월 25일 14시,금요일,강원도 춘천시 퇴계동,경상사고,0,0,1,0,차대사람 - 횡단중,기타,건조,맑음,단일로 - 기타,승용,남,51세,상해없음,보행자,남,24세,경상
2015122500100272,2015년 12월 25일 15시,금요일,강원도 원주시 우산동,경상사고,0,0,3,0,차대차 - 정면충돌,교차로운행방법위반,건조,맑음,교차로 - 교차로안,승용,남,61세,경상,승용,남,59세,경상
2015122500100300,2015년 12월 25일 16시,금요일,강원도 강릉시 교동,경상사고,0,0,3,0,차대차 - 정면충돌,안전운전불이행,건조,맑음,단일로 - 기타,승용,남,75세,상해없음,승용,여,47세,경상
2015122500100328,2015년 12월 25일 17시,금요일,강원도 원주시 태장동,중상사고,0,1,0,0,차대차 - 정면충돌,신호위반,건조,맑음,교차로 - 교차로안,승용,남,55세,상해없음,이륜,남,18세,중상
2015122500100329,2015년 12월 25일 17시,금요일,강원도 속초시 조양동,경상사고,0,0,1,0,차대차 - 정면충돌,안전운전불이행,건조,맑음,교차로 - 교차로안,승용,남,55세,상해없음,승용,남,39세,경상
2015122500100399,2015년 12월 25일 19시,금요일,강원도 원주시 무실동,경상사고,0,0,1,0,차대차 - 정면충돌,교차로운행방법위반,건조,맑음,교차로 - 교차로안,승용,여,52세,상해없음,이륜,남,16세,경상
2015122500100400,2015년 12월 25일 19시,금요일,강원도 속초시 교동,경상사고,0,0,5,0,차대차 - 정면충돌,안전운전불이행,건조,맑음,단일로 - 기타,승용,여,41세,상해없음,승용,여,25세,경상
2015122500100401,2015년 12월 25일 19시,금요일,강원도 정선군 북평면,중상사고,0,4,0,1,차대차 - 정면충돌,중앙선침범,건조,맑음,단일로 - 기타,승용,여,55세,부상신고,승용,여,47세,중상
2015122500100447,2015년 12월 25일 21시,금요일,강원도 원주시 중앙동,경상사고,0,0,5,0,차대차 - 추돌 - 진행중,안전운전불이행,건조,맑음,단일로 - 기타,승용,여,32세,경상,승용,여,38세,경상
2015122500100496,2015년 12월 25일 23시,금요일,강원도 강릉시 강문동,경상사고,0,0,3,0,차대차 - 기타,안전운전불이행,건조,맑음,단일로 - 기타,승용,여,18세,상해없음,승합,남,49세,경상
2015122500100497,2015년 12월 25일 23시,금요일,강원도 강릉시 유천동,경상사고,0,0,4,0,차대차 - 측면직각충돌,안전운전불이행,건조,맑음,단일로 - 기타,승용,남,33세,상해없음,승용,남,54세,경상
2015122600100011,2015년 12월 26일 00시,토요일,강원도 원주시 개운동,경상사고,0,0,1,0,차대차 - 추돌 - 진행중,신호위반,건조,맑음,교차로 - 교차로안,화물,남,64세,상해없음,승용,남,52세,경상
2015122600100021,2015년 12월 26일 01시,토요일,강원도 동해시 송정동,경상사고,0,0,1,0,차대차 - 정면충돌,직진우회전진행방해,건조,맑음,교차로 - 교차로안,승용,남,28세,상해없음,화물,남,61세,경상
2015122600100035,2015년 12월 26일 02시,토요일,강원도 춘천시 칠전동,중상사고,0,2,0,0,차대차 - 측면직각충돌,안전운전불이행,습기,흐림,교차로 - 교차로안,건설기계,남,39세,상해없음,이륜,남,27세,중상
2015122600100145,2015년 12월 26일 09시,토요일,강원도 춘천시 온의동,경상사고,0,0,1,0,차대차 - 측면직각충돌,안전운전불이행,건조,흐림,단일로 - 기타,승용,여,49세,상해없음,승용,여,52세,경상
2015122600100232,2015년 12월 26일 13시,토요일,강원도 평창군 봉평면,경상사고,0,0,2,0,차대차 - 정면충돌,안전운전불이행,습기,흐림,단일로 - 기타,승용,여,37세,경상,건설기계,남,40세,상해없음
2015122600100233,2015년 12월 26일 13시,토요일,강원도 동해시 발한동,경상사고,0,0,3,0,차대차 - 정면충돌,중앙선침범,건조,맑음,단일로 - 기타,승용,남,53세,상해없음,승용,남,38세,경상
2015122600100264,2015년 12월 26일 14시,토요일,강원도 강릉시 강동면,부상신고사고,0,0,0,1,차대사람 - 보도통행중,안전운전불이행,건조,맑음,단일로 - 기타,승용,남,54세,상해없음,보행자,남,36세,부상신고
2015122600100265,2015년 12월 26일 14시,토요일,강원도 원주시 무실동,경상사고,0,0,1,0,차대차 - 정면충돌,안전운전불이행,건조,맑음,단일로 - 기타,승용,남,58세,상해없음,승용,남,32세,경상
2015122600100296,2015년 12월 26일 15시,토요일,강원도 평창군 대관령면,중상사고,0,2,0,0,차대차 - 측면직각충돌,안전운전불이행,건조,맑음,교차로 - 교차로안,승용,남,46세,상해없음,승용,남,45세,중상
2015122600100355,2015년 12월 26일 17시,토요일,강원도 춘천시 신동면,부상신고사고,0,0,0,3,차대차 - 추돌 - 주정차중,안전거리미확보,건조,맑음,단일로 - 기타,승용,남,65세,상해없음,승용,여,42세,부상신고
2015122600100356,2015년 12월 26일 17시,토요일,강원도 강릉시 옥계면,경상사고,0,0,2,0,차대차 - 정면충돌,안전운전불이행,건조,맑음,교차로 - 교차로부근,승용,여,53세,상해없음,승합,남,63세,경상